"imagen_id","respuesta","razon_area","peor_rugosidad","peor_contraste","peor_variacion_color","rango_brillo"
"img_0001","No conforme",1,0.0923647784486015,0.195273105854712,0.0923740158501865,0.0286710899801814
"img_0002","Conforme",1,0.0432322201646664,0.18631974743823,0.0432365438190483,0.0293223657047047
"img_0003","No conforme",1.01061771013128,0.216492246008488,0.177300717008861,0.216513897398228,0.027250549029182
"img_0004","Conforme",1,0.0433695979086642,0.186176646989713,0.0433739353021944,0.0291409538538316
"img_0005","No conforme",1.00846184658522,0.223314074067789,0.188942077770384,0.22333640770856,0.0321584216847139
"img_0006","Conforme",1,0.043110675774352,0.181754494551441,0.0431149872730793,0.0275060333970014
"img_0007","Conforme",1,0.0429886215818535,0.204426486664882,0.0429929208739409,0.0369720583029354
"img_0008","Conforme",1,0.0434443750635358,0.184081906075794,0.0434487199355294,0.0283658250517004
"img_0009","Conforme",1,0.0429344346069788,0.19318408829847,0.0429387284798268,0.0318242577047908
"img_0010","Conforme",1,0.0433624516127195,0.17186590937429,0.0433667882915486,0.0239793918026194
"img_0011","Conforme",1,0.0434169540211695,0.160865336072547,0.0434212961507846,0.019388571059283
"img_0012","Conforme",1,0.04315577124854,0.176578665004521,0.0431600872572657,0.0250159283806295
"img_0013","No conforme",1,0.0459790726253826,0.191617617326447,0.0459836709924818,0.0302691536757526
"img_0014","Conforme",1,0.0434148618135561,0.180397780340648,0.0434192037339295,0.0266687387264476
"img_0015","No conforme",1,0.0451363719869054,0.18991799671679,0.0451408860755129,0.0290700524543313
"img_0016","Conforme",1,0.0431545511245602,0.18061928444017,0.0431588670112613,0.0262730072021484
"img_0017","Conforme",1,0.0434804716873134,0.188240764772878,0.0434848201693304,0.029608244934082
"img_0018","No conforme",1.00551561114941,0.209931814580888,0.182848571205978,0.209952809861875,0.029248712014591
"img_0019","Conforme",1,0.0433753341667066,0.198026943210185,0.04337967213392,0.0340782042200425
"img_0020","No conforme",1,0.073999140085435,0.199067265100509,0.0740065407395089,0.0326041730992934
"img_0021","No conforme",1.01142384910797,0.225774480896709,0.198611859195147,0.22579706060277,0.0362677710678998
"img_0022","Conforme",1,0.0431551588339007,0.202741517899248,0.0431594747813788,0.0362322904519474
"img_0023","Conforme",1,0.043407630453652,0.200587955170556,0.043411971650817,0.035347189690085
"img_0024","Conforme",1,0.0431270100408877,0.186219870422631,0.043131323173205,0.0294115758200253
"img_0025","Conforme",1,0.0434334482706678,0.175502161558453,0.0434377920498728,0.0245771773573932
"img_0026","No conforme",1.00726026015932,0.22835182974538,0.193094293359921,0.228374667212101,0.0340259705307904
"img_0027","Conforme",1,0.0435851847837424,0.170645953522993,0.0435895437381162,0.0229187427655388
"img_0028","Conforme",1,0.0432186394548637,0.18538219405925,0.0432229617510388,0.0282963596299115
"img_0029","Conforme",1,0.0432148409466274,0.179275109211312,0.0432191628629137,0.0265699554263844
"img_0030","Conforme",1,0.0435700460559832,0.175569590540679,0.0435744034963328,0.0253457844274184
"img_0031","No conforme",1,0.0787843269186047,0.194152921983577,0.0787922061392186,0.030913548673742
"img_0032","Conforme",1,0.0432411646574162,0.178965871905415,0.0432454892063369,0.0264167246380975
"img_0033","Conforme",1,0.0434892770535506,0.18583387408034,0.0434936264161922,0.028944763399012
"img_0034","No conforme",1,0.0473138863759175,0.195212631625817,0.0473186182377413,0.0306918097821404
"img_0035","Conforme",1,0.043104474378689,0.179706369065013,0.0431087852572147,0.0263136932373047
"img_0036","No conforme",1,0.0481228329407991,0.200116697994851,0.0481276457053696,0.0318542935719209
"img_0037","No conforme",1,0.0544530870745002,0.200713882004484,0.054458532927793,0.0319055699426987
"img_0038","No conforme",1,0.044752674922507,0.196141993824518,0.0447571506375708,0.0327103157851275
"img_0039","No conforme",1,0.0830335448262975,0.192032564973888,0.0830418490111986,0.0278814219037224
"img_0040","Conforme",1,0.0437705607778959,0.179917634581605,0.0437749382717231,0.0259052772432214
"img_0041","No conforme",1.01228200765632,0.229241950788087,0.183258951458732,0.229264877275815,0.0297261746036306
"img_0042","No conforme",1,0.0786079676710707,0.190828102606146,0.0786158292539961,0.0293613166001264
"img_0043","Conforme",1,0.0429658961795938,0.184740341157887,0.0429701931989137,0.0283446443804573
"img_0044","Conforme",1,0.0429145895094735,0.167147031871962,0.0429188813976132,0.0221476825669232
"img_0045","No conforme",1,0.0512644491304433,0.2009027671145,0.0512695760880522,0.0319782064819336
"img_0046","Conforme",1,0.0433389644807558,0.181729066040901,0.0433432988106369,0.0275509675328872
"img_0047","Conforme",1,0.0433894614929318,0.190665399353891,0.0433938008730191,0.0311000462790096
"img_0048","Conforme",1,0.0431894842390702,0.184465236911608,0.0431938036194321,0.0278640106739717
"img_0049","No conforme",1.00504870212657,0.220106340921955,0.183927554124774,0.22012835375733,0.03002587511848
"img_0050","No conforme",1,0.06801527290952,0.207464222119745,0.0680220751170317,0.037243697420008
"img_0051","No conforme",1,0.0484370423030786,0.192464715216505,0.0484418864917278,0.0297224051621381
"img_0052","Conforme",1,0.0433817856723778,0.192943667921675,0.0433861242848063,0.0313823953965131
"img_0053","No conforme",1,0.051323561214933,0.210136439295972,0.0513286940843414,0.0368111689668543
"img_0054","No conforme",1,0.100948076913646,0.19925822123349,0.100958172730919,0.0311736401367187
"img_0055","Conforme",1,0.0436278255898848,0.183788103356397,0.0436321888087657,0.0277712704467773
"img_0056","No conforme",1,0.0449742021130785,0.198764101620188,0.0449786999830768,0.0337659389002183
"img_0057","No conforme",1,0.0680599889016068,0.194017527331622,0.0680667955811649,0.0301032982500861
"img_0058","Conforme",1,0.0433064752897754,0.191488800405222,0.0433108063704124,0.0313822158992992
"img_0059","Conforme",1,0.0432379721234449,0.208756693343416,0.0432422963530802,0.039187951408835
"img_0060","No conforme",1,0.0769059907622562,0.199654203459124,0.0769136821304692,0.0331460153557273
"img_0061","Conforme",1,0.0434902995943263,0.186827188232349,0.0434946490592323,0.0294779897891775
"img_0062","Conforme",1,0.0433075766537279,0.188050024983771,0.0433119078445124,0.0300062500897575
"img_0063","No conforme",1,0.0898701357144288,0.199446984789577,0.0898791236267915,0.0301678574146944
"img_0064","Conforme",1,0.0432077806331202,0.196200818053312,0.0432121018433046,0.0334624091114717
"img_0065","Conforme",1,0.0432377227169383,0.173707188416499,0.0432420469216304,0.024302606452493
"img_0066","No conforme",1.00922463226128,0.221020298658936,0.18886738004961,0.221042402899226,0.031869132008272
"img_0067","Conforme",1,0.0432607844373983,0.187534142804621,0.0432651109484932,0.029210000448788
"img_0068","No conforme",1,0.0767626259577569,0.19683823198723,0.0767703029880557,0.0293374434706744
"img_0069","No conforme",1,0.078266983769746,0.184620713729807,0.078274811250871,0.0265235254803825
"img_0070","No conforme",1,0.0957875883459278,0.198245511804419,0.095797168062734,0.0290270927877988
"img_0071","No conforme",1,0.0920278139911899,0.182224197661113,0.0920370176929592,0.0224729913509594
"img_0072","Conforme",1,0.0435102271697126,0.181976090305966,0.0435145786275754,0.0274582871380975
"img_0073","Conforme",1,0.0433503812519515,0.172123577682109,0.0433547167236239,0.0234486185410443
"img_0074","No conforme",1.01079784043191,0.201569895075377,0.173984846629401,0.201590054080785,0.0247657690968234
"img_0075","Conforme",1,0.0434623241932864,0.177374617313325,0.0434666708603724,0.025632441478056
"img_0076","Conforme",1,0.0435658312307983,0.185855911475804,0.0435701882496233,0.0284824982407513
"img_0077","Conforme",1,0.0432746996417823,0.174375999339534,0.0432790275445368,0.0240577722526999
"img_0078","No conforme",1.00946855418891,0.225655309736483,0.205555024280894,0.225677877524235,0.0399544045122932
"img_0079","Conforme",1,0.04322686446602,0.185945685126954,0.0432311875847785,0.0290766938512467
"img_0080","Conforme",1,0.0433008467083302,0.18527930959541,0.0433051772260528,0.0289311814431583
"img_0081","No conforme",1.00421262679452,0.227121263824427,0.174908266295416,0.22714397822225,0.026505934753418
"img_0082","Conforme",1,0.0432859122575092,0.184012512529683,0.0432902412816374,0.0281976361622529
"img_0083","Conforme",1,0.0434269587251864,0.187441588812723,0.0434313018553719,0.0293461790017521
"img_0084","No conforme",1.00113728675873,0.227009991351327,0.178390499098126,0.227032694620789,0.0278564717909868
"img_0085","No conforme",1,0.10657378267055,0.184226399808379,0.106584441114662,0.0252021866562787
"img_0086","No conforme",1,0.0764558308038192,0.202404175297031,0.0764634771515343,0.0344442588716395
"img_0087","Conforme",1,0.0432429613782858,0.168480972795037,0.0432472861068965,0.0225882883947035
"img_0088","Conforme",1,0.043333912017701,0.164762996900643,0.0433382458422852,0.0210322868795957
"img_0089","No conforme",1,0.116226762078246,0.19876888996515,0.116238385916838,0.0291676391063017
"img_0090","No conforme",1,0.0475022667492086,0.2047993871202,0.0475070174509537,0.0343146020507813
"img_0091","Conforme",1,0.0430938268597107,0.186378230707884,0.043098136673378,0.0281220678351908
"img_0092","No conforme",1,0.0887473868037411,0.211604955476069,0.0887562624299841,0.0348672141400505
"img_0093","Conforme",1,0.0433225726356064,0.19934301562415,0.043326905326139,0.0346689295510685
"img_0094","Conforme",1,0.0433405947522017,0.177732167664226,0.0433449292451262,0.0258115198651482
"img_0095","Conforme",1,0.0431713519686672,0.191857509398618,0.0431756695356207,0.0310004253252815
"img_0096","No conforme",1.01204696273609,0.223951454398674,0.186615414923989,0.223973851783852,0.0310141269459444
"img_0097","Conforme",1,0.0433745173875563,0.168108049135123,0.0433788552730836,0.0221339809462604
"img_0098","Conforme",1,0.0432761996584575,0.204301396056183,0.0432805277112286,0.0369886318790211
"img_0099","No conforme",1.00825730159539,0.212107285608319,0.177904387523746,0.212128498458165,0.0272443264590992
"img_0100","No conforme",1.00818866688503,0.215035130125859,0.195637082444922,0.215056635789438,0.0352026944328757
"img_0101","Conforme",1,0.043372610203872,0.189799401785596,0.0433769478986618,0.0300300035544002
"img_0102","Conforme",1,0.0433649185043342,0.179139669345944,0.0433692554298772,0.0252684809606216
"img_0103","No conforme",1,0.0766233803001753,0.190479172609503,0.0766310434045158,0.0289520629523782
"img_0104","Conforme",1,0.0433235882573262,0.174610712576548,0.0433279210494311,0.0245783740054859
"img_0105","No conforme",1,0.115079496398828,0.200809179306147,0.115091005499378,0.0300487909294577
"img_0106","Conforme",1,0.043194115818381,0.187690022232196,0.0431984356619472,0.0296191942641315
"img_0107","No conforme",1.00625729133524,0.219174630336694,0.176162049342943,0.219196549991693,0.0269134532614315
"img_0108","Conforme",1,0.0435837935318249,0.201551608482239,0.0435881523470596,0.035877005633186
"img_0109","Conforme",1,0.0430864523699682,0.185629152169282,0.0430907614461128,0.0287696339506263
"img_0110","No conforme",1,0.0753116145109215,0.196879115401184,0.0753191464255641,0.0316243576408836
"img_0111","Conforme",1,0.0433142792914982,0.181320443745521,0.0433186111526134,0.0274889811616785
"img_0112","Conforme",1,0.0431489875576545,0.180098287403693,0.0431533028879433,0.0262932305549173
"img_0113","Conforme",1,0.0434209660354651,0.17978013772643,0.0434253085663218,0.0260549180872299
"img_0114","Conforme",1,0.0428531854954746,0.187949799888333,0.0428574712425989,0.029219334303912
"img_0115","No conforme",1,0.0457440446002525,0.197994589119185,0.0457486194621987,0.0329875193158319
"img_0116","No conforme",1,0.0543815725476315,0.183841591879518,0.0543870112487564,0.0273380240047679
"img_0117","Conforme",1,0.043346972117395,0.177007487987407,0.0433513072481198,0.0250345960908778
"img_0118","No conforme",1,0.0452976631336233,0.194494888791947,0.0453021933529586,0.0315991083661248
"img_0119","Conforme",1,0.0433928729299314,0.196146103708989,0.0433972126511965,0.0333843278234145
"img_0120","Conforme",1,0.0433682600415759,0.207266246120112,0.043372597301306,0.0383778804823931
"img_0121","Conforme",1,0.043597449622536,0.20115897396975,0.0436018098035163,0.0352581590719785
"img_0122","Conforme",1,0.0431235152690358,0.183427018353662,0.043127828051841,0.0283156854966107
"img_0123","No conforme",1.00292059016063,0.219005735105122,0.183950725653512,0.219027637868909,0.0296613162769991
"img_0124","Conforme",1,0.0434593230099323,0.192303418839885,0.04346366937687,0.031526292329676
"img_0125","Conforme",1,0.0433569056741422,0.183773488406276,0.0433612417983221,0.028371389465332
"img_0126","No conforme",1.00720560655414,0.22505640944536,0.193127851216281,0.225078917337094,0.0342082798677332
"img_0127","No conforme",1,0.0936828951246752,0.20713546365776,0.0936922643511103,0.0348910274370979
"img_0128","No conforme",1,0.0993294800420748,0.199105351225784,0.0993394139834732,0.0311981115902171
"img_0129","Conforme",1,0.0433005168411682,0.198246785302571,0.0433048473259007,0.0340527156156651
"img_0130","Conforme",1,0.0436286077085406,0.187900896347663,0.0436329710056412,0.0293448028564454
"img_0131","No conforme",1.00413689356901,0.226529967268655,0.203491973328838,0.226552622530908,0.0390194633573644
"img_0132","Conforme",1,0.0433684433314766,0.190005359298095,0.0433727806095376,0.0308430062686696
"img_0133","Conforme",1,0.0430642195701837,0.206353790628478,0.043068526422826,0.0379898673382927
"img_0134","No conforme",1,0.0835044212177752,0.185985552955159,0.0835127724950247,0.0252600445915671
"img_0135","Conforme",1,0.0430104502505879,0.191360612803854,0.0430147517257605,0.0312883388564167
"img_0136","Conforme",1,0.0433913110502651,0.180681447091413,0.0433956506153266,0.0266095046458525
"img_0137","Conforme",1,0.0433523819554205,0.187975353736041,0.0433567176271832,0.0298509849997127
"img_0138","Conforme",1,0.0432263840218231,0.18267235045616,0.0432307070925324,0.0270236645507812
"img_0139","Conforme",1,0.0432769382892555,0.180119849284065,0.0432812664158971,0.0265572709566004
"img_0140","Conforme",1,0.0430514971065601,0.207586988373958,0.0430558026868287,0.0385586341768153
"img_0141","Conforme",1,0.0433113882042829,0.195061826525765,0.0433157197762605,0.032868153668572
"img_0142","No conforme",1.0086247949627,0.221635303632759,0.179231048150241,0.221657469379697,0.0277691164802102
"img_0143","No conforme",1.00901916572717,0.222109966956581,0.184654219997453,0.222132180174598,0.0299372034948012
"img_0144","Conforme",1,0.0431068222748112,0.196768189120857,0.04311113338815,0.0331758717256434
"img_0145","No conforme",1,0.118289805734943,0.199743210232532,0.118301635898532,0.0298302829877068
"img_0146","Conforme",1,0.0434102573301936,0.190866962209817,0.0434145987900726,0.0312852275713752
"img_0147","Conforme",1,0.0430258211861683,0.188867112572972,0.0430301241985882,0.0300580649521771
"img_0148","No conforme",1,0.0458085343839964,0.189675320791883,0.0458131156955659,0.0299023212028953
"img_0149","No conforme",1.01300347126563,0.214201360607772,0.167818673406173,0.21422278288606,0.0231095483039407
"img_0150","No conforme",1,0.0988094462857276,0.196322468618603,0.0988193282185494,0.0298763539392809
"img_0151","Conforme",1,0.0435888697895315,0.186579255173959,0.0435932291124428,0.0289429684268727
"img_0152","Conforme",1,0.0434289617000667,0.18930173454875,0.0434333050305697,0.0301454800953584
"img_0153","No conforme",1,0.103966557449326,0.192830496257307,0.10397695514484,0.0286238223805148
"img_0154","Conforme",1,0.0433417983786148,0.183473967851844,0.043346132991914,0.0277187974279067
"img_0155","Conforme",1,0.0433748143065806,0.165090773063106,0.0433791522218028,0.0209300931324679
"img_0156","Conforme",1,0.0435304601143558,0.186584038738888,0.0435348135957154,0.029333015872731
"img_0157","No conforme",1,0.047477834050044,0.179385693764717,0.0474825823082748,0.0238344777185776
"img_0158","No conforme",1,0.122944995641291,0.192164879243815,0.122957291370428,0.0265615788897345
"img_0159","No conforme",1.01502817783344,0.199331503803636,0.178071261648198,0.199351438947531,0.026839261079676
"img_0160","Conforme",1,0.043387275162557,0.191195518255889,0.0433916143239894,0.0313116734942267
"img_0161","Conforme",1,0.0433955592964754,0.16351778407165,0.043399899286404,0.0201969068459904
"img_0162","No conforme",1,0.0447670255469307,0.207176855770299,0.0447715026972004,0.037627103468951
"img_0163","Conforme",1,0.0432978258500055,0.200341488615642,0.0433021560656121,0.0351403490672391
"img_0164","No conforme",1,0.0955269779460594,0.20025656641651,0.0955365315992193,0.032036722573673
"img_0165","No conforme",1,0.0758320956022633,0.192062242463262,0.0758396795702203,0.0294030796185663
"img_0166","Conforme",1,0.0431861886004228,0.180946963289759,0.0431905076511879,0.0272615581916359
"img_0167","No conforme",1,0.0507406191021657,0.20041793912829,0.0507456936715328,0.0329856046788832
"img_0168","Conforme",1,0.0433560848881749,0.182887556260705,0.0433604209302679,0.0275811230648265
"img_0169","No conforme",1,0.11921634657847,0.189415445145141,0.11922826940541,0.0250644524607939
"img_0170","No conforme",1,0.0465721021357607,0.191360532321342,0.0465767598117419,0.0292293861478917
"img_0171","Conforme",1,0.0435523665691751,0.189320955846036,0.0435567222413992,0.0299067488008387
"img_0172","Conforme",1,0.0433442444425023,0.185167177670013,0.0433485793004323,0.0282910943783031
"img_0173","Conforme",1,0.043275632593271,0.194706673809925,0.0432799605893299,0.0324740974516027
"img_0174","Conforme",1,0.0434130495175735,0.193315140066731,0.0434173912566992,0.0321433439187442
"img_0175","No conforme",1,0.102809146033921,0.18845596712886,0.102819427976719,0.0265464412913603
"img_0176","No conforme",1,0.0757905826797336,0.183620073292595,0.0757981624959832,0.0255826010849897
"img_0177","No conforme",1,0.106302643746361,0.215613873586334,0.106313275073868,0.037300777534036
"img_0178","No conforme",1.01295402590805,0.209104711552307,0.176763796546416,0.209125624114719,0.0265004900045956
"img_0179","No conforme",1,0.0784070080874892,0.204286455883117,0.0784148495724465,0.0332449183205997
"img_0180","No conforme",1,0.108819416928389,0.207657209168073,0.108830299958385,0.0331651617252126
"img_0181","No conforme",1,0.0469803583021843,0.206948405222142,0.046985056807865,0.0363963509054744
"img_0182","Conforme",1,0.0435144617130464,0.183743389883907,0.0435188135944059,0.0280138310151942
"img_0183","Conforme",1,0.0436737876216536,0.172961655847871,0.0436781554371973,0.0234052400476792
"img_0184","Conforme",1,0.0434174451932501,0.182203836559454,0.0434217873719872,0.0268816224221622
"img_0185","No conforme",1.01096291805598,0.228072281896166,0.192352696756825,0.228095091405306,0.0336992257690429
"img_0186","Conforme",1,0.043628450183733,0.182299523727011,0.0436328134650795,0.0275186580343808
"img_0187","No conforme",1,0.0525590866166991,0.19184591260714,0.0525643430510042,0.0277047368128159
"img_0188","Conforme",1,0.0433923094844966,0.185071568586757,0.0433966491494116,0.0288523223338408
"img_0189","No conforme",1,0.0874835649797947,0.197101609185957,0.0874923142112158,0.02658987961713
"img_0190","Conforme",1,0.0433235436902671,0.193219156207919,0.0433278764779149,0.0321747559311811
"img_0191","No conforme",1,0.0644491688619112,0.202578177831927,0.0644556144233535,0.0327163588579963
"img_0192","Conforme",1,0.0435930531795982,0.182675003299248,0.0435974129208903,0.0278768746409697
"img_0193","No conforme",1.00460304890121,0.225370262052013,0.194171534662368,0.225392801332146,0.034377725237678
"img_0194","No conforme",1,0.0920485226384951,0.20865313536721,0.0920577284113362,0.0356255300364775
"img_0195","No conforme",1.00445240532242,0.228894912851932,0.189067067115773,0.228917804632395,0.0321399334716796
"img_0196","Conforme",1,0.0431394329983641,0.196710969760684,0.0431437473731014,0.0330399923347025
"img_0197","Conforme",1,0.0435316481823596,0.196746415120735,0.0435360017825379,0.0333377183801987
"img_0198","Conforme",1,0.0437264441445865,0.186914587946749,0.0437308172263091,0.0291214484899185
"img_0199","Conforme",1,0.0431844287197621,0.190399888599529,0.0431887475945216,0.0309054114667107
"img_0200","No conforme",1,0.109490070273032,0.202486057546868,0.109501020375069,0.0304050928990981
"img_0201","Conforme",1,0.0434168176673464,0.198193851911749,0.0434211597833247,0.034108000757554
"img_0202","No conforme",1,0.0483781945075348,0.191264309921458,0.0483830328108159,0.029954435227338
"img_0203","Conforme",1,0.0431140544045483,0.19608938074132,0.0431183662411724,0.0331028163595761
"img_0204","No conforme",1,0.095283437598912,0.204477239621389,0.0952929668956015,0.0337802388449275
"img_0205","Conforme",1,0.0433226603130897,0.187931579878485,0.0433269930123909,0.0299757953957951
"img_0206","Conforme",1,0.043367970575178,0.199769277293239,0.0433723078059586,0.0350546092313878
"img_0207","No conforme",1,0.0910422655133886,0.213570073211127,0.0910513706504537,0.0380415027034984
"img_0208","No conforme",1,0.0709012312661184,0.197305337936446,0.0709083220983282,0.0323915287331974
"img_0209","Conforme",1,0.0433859707482801,0.185602489662405,0.043390309779258,0.0291320986579446
"img_0210","Conforme",1,0.0433863447984813,0.189955699936048,0.043390683866868,0.0308795040355009
"img_0211","No conforme",1.01002405773857,0.224359343997071,0.19110271659498,0.224381782175289,0.0331026966947667
"img_0212","Conforme",1,0.0434768871929246,0.206991384315477,0.0434812353164562,0.038205144330193
"img_0213","No conforme",1.00175828722139,0.229424472833382,0.186755477811396,0.22944741757514,0.0310807204123105
"img_0214","Conforme",1,0.0431752655989036,0.20155672495304,0.0431795835572594,0.0358041895967371
"img_0215","Conforme",1,0.0434355805562657,0.185422755861801,0.0434399245487206,0.0284896781293084
"img_0216","Conforme",1,0.0435442535879622,0.19464682917869,0.043548608448807,0.0321980905689913
"img_0217","No conforme",1,0.0675125683725628,0.1891570191456,0.0675193203045933,0.0270701543291877
"img_0218","Conforme",1,0.0432848470400826,0.181686267969344,0.0432891759576783,0.0275404968620749
"img_0219","Conforme",1,0.043225942417252,0.182412633144057,0.0432302654437964,0.0274596632834042
"img_0220","Conforme",1,0.0432683533697866,0.178881309444221,0.0432726806378504,0.0261836774220187
"img_0221","Conforme",1,0.043262127792212,0.211051061421923,0.0432664544376557,0.040302449610093
"img_0222","No conforme",1,0.0997416628103657,0.188961335954921,0.0997516379741631,0.0269221289601046
"img_0223","No conforme",1,0.0996890155400373,0.199522392881603,0.0996989854385811,0.031332674668256
"img_0224","No conforme",1,0.0701596704211078,0.186034235382403,0.0701666870898167,0.027078112039005
"img_0225","Conforme",1,0.0432633772152064,0.196472658442321,0.0432677039856049,0.0330870804371554
"img_0226","Conforme",1,0.0434441535857204,0.193374692321861,0.043448498435564,0.0318720039636948
"img_0227","Conforme",1,0.0431682208993791,0.187688356415864,0.0431725381531944,0.0296982927030676
"img_0228","Conforme",1,0.0433102711149714,0.186551300641551,0.0433146025752289,0.0289651662489947
"img_0229","No conforme",1,0.101070168968907,0.198464830007579,0.101080276996607,0.031013528621898
"img_0230","Conforme",1,0.0431005122078724,0.195083999361365,0.0431048226901414,0.0328516997572955
"img_0231","No conforme",1,0.0473396707199635,0.193139039370465,0.0473444051604796,0.0301249575805664
"img_0232","Conforme",1,0.043404680970198,0.18657608051264,0.0434090218723853,0.0286697736672794
"img_0233","Conforme",1,0.0433542778975392,0.198839871100172,0.0433586137589151,0.0346329104434743
"img_0234","No conforme",1,0.047186328442484,0.179689332830879,0.0471910475472387,0.0245700573012408
"img_0235","No conforme",1,0.113965742867339,0.19417996313686,0.113977140581397,0.0270802061731675
"img_0236","No conforme",1.00207004587669,0.223925296148172,0.170964459267072,0.223947690917264,0.0251603638054343
"img_0237","Conforme",1,0.0429394569709664,0.175831130257981,0.042943751346101,0.0246664473051184
"img_0238","Conforme",1,0.0436195930755146,0.192019213815119,0.0436239554710617,0.0312140868422565
"img_0239","No conforme",1,0.0459419972134681,0.185712326276135,0.0459465918726554,0.0277860490507238
"img_0240","Conforme",1,0.0432418942532177,0.173138942667701,0.0432462188751052,0.0242057976217831
"img_0241","Conforme",1,0.0430771710018302,0.195657816182585,0.0430814791497451,0.0329366019394819
"img_0242","No conforme",1.00609299305798,0.217064357863607,0.184899431756307,0.217086066470254,0.0302611361335305
"img_0243","Conforme",1,0.0431470336529225,0.181240782896226,0.0431513487878013,0.0262992137953814
"img_0244","No conforme",1,0.0768624880639408,0.193832598358799,0.0768701750814489,0.0305608366483801
"img_0245","No conforme",1,0.0521241631747892,0.195297251474834,0.0521293761124005,0.0307627111816405
"img_0246","No conforme",1,0.112656484149299,0.209807990405096,0.112667750924392,0.0343194484755572
"img_0247","No conforme",1.00508259212198,0.218299523429889,0.197225718696853,0.218321355565446,0.0356449157355814
"img_0248","No conforme",1,0.0465269431444753,0.183352179544872,0.0465315963041057,0.0267451447071748
"img_0249","Conforme",1,0.0431489631855758,0.192984445834113,0.0431532785134271,0.0319221435187844
"img_0250","Conforme",1,0.0430570057418806,0.178764576761897,0.0430613118730679,0.0261772155223173
"img_0251","Conforme",1,0.043822385942074,0.170319502492767,0.0438267686189359,0.0225963059369255
"img_0252","No conforme",1,0.0718429945335681,0.207319323446977,0.0718501795515232,0.0368814720423082
"img_0253","Conforme",1,0.0433425396683387,0.181756211166974,0.0433468743557743,0.0275419328397863
"img_0254","Conforme",1,0.0433080081654853,0.184483756313621,0.0433123393994252,0.0273633929443359
"img_0255","Conforme",1,0.0433368881520299,0.168781046985196,0.0433412222742573,0.0218273398724724
"img_0256","Conforme",1,0.0433762752421065,0.196522414482054,0.0433806133034368,0.033424295869715
"img_0257","No conforme",1,0.0459654838866653,0.193558562360331,0.0459700808947548,0.0309605769437902
"img_0258","Conforme",1,0.0436623527798773,0.201449059904866,0.0436667194518224,0.0356966707655962
"img_0259","Conforme",1,0.0434719662433206,0.181775236785598,0.0434763138747081,0.0274115580300723
"img_0260","No conforme",1,0.103016486556014,0.193011580772614,0.103026789234938,0.0286724661254882
"img_0261","Conforme",1,0.0431728124257158,0.184692264502557,0.0431771301387297,0.0284149474559111
"img_0262","Conforme",1,0.04332340747574,0.191128289470928,0.0433277402497649,0.0313158019301469
"img_0263","Conforme",1,0.0432706260637263,0.166858149209842,0.0432749535590822,0.0217415402042164
"img_0264","Conforme",1,0.0434218533263543,0.19781690234681,0.0434261959459489,0.034114163495232
"img_0265","No conforme",1,0.0451456433803163,0.188699650810356,0.0451501583961559,0.0284168620928597
"img_0266","Conforme",1,0.0432155925681213,0.178884269085034,0.0432199145595773,0.0265190380500344
"img_0267","Conforme",1,0.0432495865307254,0.172437023472957,0.0432539119219176,0.0236919569307216
"img_0268","Conforme",1,0.0433051284045283,0.184431521701689,0.0433094593504634,0.0283059328146542
"img_0269","Conforme",1,0.0433355732986786,0.183227255249657,0.0433399072894076,0.0277591843010397
"img_0270","No conforme",1,0.115024119462084,0.193914830462872,0.115035623024386,0.0267708726411706
"img_0271","Conforme",1,0.0433410682521397,0.176041891152757,0.0433454027924189,0.0244355540556066
"img_0272","Conforme",1,0.0430926619147537,0.202448924954792,0.0430969716119149,0.0361433794986501
"img_0273","Conforme",1,0.0431085444284773,0.186903268981404,0.0431128557140487,0.0296736417523552
"img_0274","No conforme",1,0.121823128794099,0.186058461796631,0.121835312325332,0.0236838197236904
"img_0275","No conforme",1,0.109708546617853,0.192864273725174,0.10971951856971,0.0261268964700139
"img_0276","No conforme",1,0.0480061683593501,0.196703110659678,0.0480109694562957,0.0302220655732997
"img_0277","No conforme",1,0.0768093965604587,0.194674765153567,0.0768170782682855,0.0309748170560948
"img_0278","Conforme",1,0.0430061297944024,0.183618053316547,0.0430104308374861,0.0278933883846507
"img_0279","No conforme",1,0.0802052664061702,0.190804654025421,0.0802132877349437,0.0295640886194566
"img_0280","No conforme",1,0.0781003374585882,0.183631474799649,0.0781081482734155,0.0259666054579791
"img_0281","Conforme",1,0.0432538610151322,0.20061105552062,0.0432581868338156,0.0353099739343979
"img_0282","Conforme",1,0.0434705524197487,0.19503168160239,0.0434748999097397,0.0328384169634651
"img_0283","Conforme",1,0.0432608486605725,0.181274905752588,0.0432651751780904,0.0269220691276999
"img_0284","Conforme",1,0.0432505584051083,0.188145870436199,0.0432548838934976,0.030026712772145
"img_0285","No conforme",1.01075764561242,0.216733372671878,0.180973948845064,0.216755048176696,0.0285469377405504
"img_0286","No conforme",1,0.105143985172606,0.190588394032122,0.105154500622668,0.0277355505012064
"img_0287","Conforme",1,0.0432627836736864,0.196486117105364,0.0432671103847249,0.0335170959293141
"img_0288","Conforme",1,0.0435075446741524,0.184050765711762,0.0435118958637387,0.0285719476856905
"img_0289","Conforme",1,0.0432871031894418,0.191029820574003,0.0432914323326751,0.0308562292300953
"img_0290","No conforme",1.00127805326926,0.207363827817159,0.173992505844011,0.207384566273787,0.0256538614789177
"img_0291","No conforme",1,0.0984334542840221,0.20307407145413,0.0984432986138835,0.0328957364071116
"img_0292","Conforme",1,0.0433214889876236,0.174637804903807,0.0433258215697806,0.0241362723675896
"img_0293","Conforme",1,0.0435335768569399,0.182754267143497,0.0435379306500049,0.0275354111076804
"img_0294","Conforme",1,0.0434162496876488,0.181452683614881,0.0434205917468235,0.0264922929651598
"img_0295","Conforme",1,0.0436170398596677,0.188021863251607,0.0436214019998677,0.0298336336023667
"img_0296","Conforme",1,0.0435524056576513,0.193563670410991,0.0435567613337847,0.032225194648294
"img_0297","No conforme",1,0.111262612910943,0.206925343863285,0.111273740284972,0.0334494254796645
"img_0298","Conforme",1,0.043275357588355,0.185984000119412,0.0432796855569107,0.0291871444702149
"img_0299","Conforme",1,0.0428800887271442,0.183863394658904,0.0428843771648607,0.0273251002053654
"img_0300","Conforme",1,0.0432433775696039,0.191063784634596,0.0432477023398379,0.0308161415189855
"img_0301","Conforme",1,0.0435848751092395,0.182871957071168,0.0435892340326428,0.027798195028866
"img_0302","No conforme",1,0.0462908893771752,0.178768294899638,0.0462955189290681,0.0249836188821232
"img_0303","Conforme",1,0.0433597358461955,0.176483242143458,0.0433640722534209,0.0247342374195773
"img_0304","Conforme",1,0.0433892425078004,0.194573038084818,0.0433935818659869,0.0323877592917049
"img_0305","No conforme",1,0.112387036903975,0.211524688357368,0.112398276731648,0.0355190881886202
"img_0306","Conforme",1,0.0434891348392114,0.181077405209737,0.0434934841876302,0.0273149286965763
"img_0307","Conforme",1,0.0432857425508259,0.192682313958553,0.0432900715579817,0.0316644453519933
"img_0308","Conforme",1,0.0432040701907211,0.195797239595893,0.0432083910298241,0.033156067199707
"img_0309","Conforme",1,0.0436383579493749,0.188011116255209,0.043642722221597,0.0298916710348691
"img_0310","Conforme",1,0.0433472618552941,0.196463094481795,0.0433515970149956,0.0332561069802677
"img_0311","No conforme",1,0.0682858040968017,0.19145104135015,0.0682926333601377,0.0290649666999369
"img_0312","Conforme",1,0.0433214016994257,0.192069645047065,0.043325734272853,0.0315518407664579
"img_0313","Conforme",1,0.0434358281568656,0.194621865052516,0.043440172174083,0.0327070250028723
"img_0314","No conforme",1,0.0496380539372844,0.185278663938718,0.0496430182391083,0.0261490344597312
"img_0315","Conforme",1,0.0433270384217076,0.19085504248672,0.0433313715588634,0.0310577447689282
"img_0316","Conforme",1,0.0432882193543569,0.203608965946553,0.0432925486092178,0.0365244520838119
"img_0317","Conforme",1,0.0432942064968932,0.181277950843499,0.0432985363505282,0.0262076103838752
"img_0318","Conforme",1,0.043361066561343,0.185544103549612,0.0433654031016532,0.0291160635735007
"img_0319","Conforme",1,0.0433607810086796,0.183567567925077,0.0433651175204317,0.0280534998994715
"img_0320","Conforme",1,0.0432427659012752,0.197240964652146,0.0432470906103363,0.0337923848230699
"img_0321","Conforme",1,0.0430488072487814,0.19012049562157,0.0430531125600374,0.0302220655732997
"img_0322","No conforme",1.00716807531828,0.211322935951444,0.1690489911485,0.21134407035848,0.0237231894459443
"img_0323","Conforme",1,0.0435285039508948,0.203922998728765,0.0435328572366184,0.0368280417049632
"img_0324","No conforme",1,0.115436837781865,0.198769575888482,0.115448382620127,0.0297725447172277
"img_0325","No conforme",1.01020408163265,0.215305700619198,0.166884917950556,0.215327233342533,0.0233494164141487
"img_0326","No conforme",1.00590994371482,0.218759633729487,0.198013091671903,0.218781511880675,0.036212485926011
"img_0327","No conforme",1,0.0470540089939161,0.18165975377451,0.0470587148654026,0.025365708618164
"img_0328","Conforme",1,0.043574584656713,0.180415323899322,0.0435789425509681,0.026228671390309
"img_0329","No conforme",1,0.0459148317786222,0.181126745451409,0.0459194237209943,0.026231184351304
"img_0330","Conforme",1,0.0430212625727215,0.196650317526292,0.0430255651292344,0.0330879779232249
"img_0331","Conforme",1,0.0436270797009113,0.197141608896916,0.0436314428451958,0.033684028338264
"img_0332","Conforme",1,0.0431084696533951,0.18098228075024,0.0431127809314883,0.0272866279691808
"img_0333","Conforme",1,0.0433038858160752,0.165173233457172,0.043308216637739,0.0209141777128332
"img_0334","Conforme",1,0.0431095610342773,0.181360162666035,0.0431138724215194,0.0262495528995289
"img_0335","No conforme",1,0.0956617464097171,0.198211304421774,0.0956713135410712,0.0304632499964097
"img_0336","No conforme",1,0.0498225102857702,0.193506993485093,0.0498274930350737,0.0283120955523323
"img_0337","No conforme",1,0.0475152194761758,0.199233065249076,0.0475199714733231,0.0321874404009651
"img_0338","No conforme",1,0.0972132000397297,0.199731900879271,0.0972229223319629,0.0312892961748908
"img_0339","Conforme",1,0.043203814626002,0.176916154116029,0.0432081354395459,0.0255471204690372
"img_0340","No conforme",1,0.052777532365453,0.19902983801284,0.0527828106465176,0.0321075641407687
"img_0341","Conforme",1,0.0434039449705475,0.170375852225925,0.0434082857991274,0.0221927363676183
"img_0342","Conforme",1,0.0433667369616412,0.208384977198044,0.0433710740690481,0.0389887095013788
"img_0343","Conforme",1,0.0433943545251555,0.183343502886334,0.043398694394595,0.0276715896606445
"img_0344","No conforme",1.01224818694601,0.225455809277067,0.179356787006881,0.225478357112778,0.0281013059907801
"img_0345","No conforme",1,0.115868318341912,0.201238927294728,0.115879906332546,0.0303791854678883
"img_0346","Conforme",1,0.0439534986357749,0.195298364438216,0.0439578944252174,0.0329322940063477
"img_0347","Conforme",1,0.0433447448339924,0.193911545177975,0.0433490797419666,0.0321695505119772
"img_0348","Conforme",1,0.0434036585166918,0.178030220211675,0.0434079993166235,0.0256988554472082
"img_0349","Conforme",1,0.0431877385112183,0.205287284105612,0.04319205771699,0.0374815910608629
"img_0350","No conforme",1,0.0684494335020326,0.208835482723999,0.0684562791299456,0.0378651766070198
"img_0351","No conforme",1.00410054318884,0.222443881251319,0.176931944397377,0.222466127864105,0.0272017856193991
"img_0352","No conforme",1,0.0524921983141411,0.188656591391518,0.052497448058947,0.0268238243192784
"img_0353","No conforme",1,0.0447978991634559,0.202185068127659,0.0448023794013961,0.0351091165520163
"img_0354","Conforme",1,0.0432825861011773,0.192396392724916,0.0432869147926566,0.0316362642894072
"img_0355","No conforme",1,0.124214160737151,0.188535036799102,0.124226583395491,0.0251253618487189
"img_0356","No conforme",1,0.0927466482391364,0.20655797197226,0.0927559238315195,0.0345743943517348
"img_0357","Conforme",1,0.0432729298377443,0.187342648911891,0.0432772575635006,0.0288344922772575
"img_0358","Conforme",1,0.0431484015450565,0.182548929371951,0.0431527168167382,0.0277951435762293
"img_0359","Conforme",1,0.0434662891698103,0.205223549395063,0.0434706362334337,0.0374038089348289
"img_0360","Conforme",1,0.0436161788123465,0.179579154931329,0.0436205408664332,0.0267213314101276
"img_0361","No conforme",1,0.0480310310169981,0.190031270274316,0.0480358346004582,0.0278415735222312
"img_0362","No conforme",1,0.112544821062994,0.211019601373241,0.112556076670661,0.0349989052626666
"img_0363","No conforme",1,0.101620105338575,0.192476070755316,0.101630268365412,0.0282659647683536
"img_0364","No conforme",1,0.0809338851867588,0.171726416946347,0.0809419793846973,0.021425804604923
"img_0365","No conforme",1.0030584321511,0.217261298154059,0.173063957504014,0.217283026456704,0.0255027248247931
"img_0366","Conforme",1,0.0432831780174765,0.180731170848755,0.0432875067681533,0.0272087860107422
"img_0367","No conforme",1.00341296928328,0.205373299880209,0.192033314471859,0.205393839264136,0.0328412889188878
"img_0368","Conforme",1,0.0432789221953122,0.191836427877216,0.0432832505203642,0.0310887977869371
"img_0369","No conforme",1,0.0993941595426981,0.195596808259276,0.0994040999526934,0.0295874830896714
"img_0370","No conforme",1,0.0454587672746321,0.184707351027763,0.0454633136059927,0.0266659266034295
"img_0371","Conforme",1,0.0436040889511843,0.20187514996679,0.0436084497961639,0.0358805955774645
"img_0372","Conforme",1,0.0432774755380736,0.191370580321688,0.0432818037184455,0.0305335530718636
"img_0373","Conforme",1,0.0434587216470261,0.175107151465761,0.0434630679538215,0.0249423943553251
"img_0374","No conforme",1.00279662333627,0.229981407964163,0.1880338471997,0.230004408405004,0.0317929055247588
"img_0375","Conforme",1,0.043270679539812,0.207072441654853,0.043275007040516,0.0382293764540728
"img_0376","Conforme",1,0.0431323743232935,0.186845195559243,0.0431366879920927,0.0290166819493911
"img_0377","No conforme",1,0.0637266185754911,0.180434677675084,0.0637329918746786,0.0250055773746266
"img_0378","Conforme",1,0.0434874603602814,0.180101999873846,0.0434918095412355,0.0270986345537971
"img_0379","Conforme",1,0.0434266095304209,0.188815177236891,0.0434309526256834,0.0296344515273149
"img_0380","Conforme",1,0.0430042113603048,0.211171319595473,0.0430085122115259,0.0403321863151999
"img_0381","Conforme",1,0.0433305858299975,0.189392929773881,0.0433349193219297,0.0306061297786937
"img_0382","Conforme",1,0.0431769259863787,0.184210258281234,0.0431812441107898,0.0283225063907399
"img_0383","Conforme",1,0.0434216235603958,0.194007191063261,0.0434259661570115,0.032398947951373
"img_0384","Conforme",1,0.0434467017033677,0.193888060841788,0.0434510468080485,0.0320632881613339
"img_0385","Conforme",1,0.0435163543491841,0.195697501632878,0.0435207064198261,0.0329027367984547
"img_0386","Conforme",1,0.0435028603817242,0.191718537679753,0.0435072111028345,0.0311860254444795
"img_0387","Conforme",1,0.0433866795961235,0.199922724352149,0.0433910186979933,0.0348158779368681
"img_0388","Conforme",1,0.0435265668044802,0.187485699338948,0.0435309198964699,0.0298298043284696
"img_0389","Conforme",1,0.0434475613234394,0.189477587088318,0.0434519065140908,0.0306499270988912
"img_0390","Conforme",1,0.0433888706544887,0.188133265610601,0.0433932099754862,0.0293737019078871
"img_0391","No conforme",1.0101796979545,0.221775801056285,0.197444830791436,0.22179798085437,0.0359707630112591
"img_0392","No conforme",1,0.0451285336081345,0.201941287847203,0.0451330469128257,0.0347577208395565
"img_0393","Conforme",1,0.0435070087806687,0.193574240390275,0.0435113599166604,0.0317827340159696
"img_0394","Conforme",1,0.0432989527597379,0.196739314002795,0.0433032830880467,0.033437817993164
"img_0395","No conforme",1.00999300489657,0.219026769417001,0.186967622204445,0.219048674284429,0.0313091605332319
"img_0396","Conforme",1,0.0433847959796478,0.186261315176149,0.0433891348931371,0.0290909937959558
"img_0397","No conforme",1,0.0457442729799367,0.193836375753831,0.0457488478647232,0.0310925672284295
"img_0398","Conforme",1,0.0433723344373674,0.171686681044028,0.0433766721045779,0.0236480997781192
"img_0399","Conforme",1,0.0433561626797437,0.189080035286716,0.0433604987296166,0.0304949013384651
"img_0400","No conforme",1.00459563178093,0.221057776954701,0.196702064829257,0.221079884943195,0.0356544290879194
"img_0401","Conforme",1,0.0431839269434001,0.179693605299972,0.0431882457679769,0.0265498517384249
"img_0402","Conforme",1,0.0432438882563419,0.190353204875616,0.0432482130776497,0.0304907729025449
"img_0403","No conforme",1,0.0856582439782363,0.191069539120733,0.0856668106593022,0.0266818420230641
"img_0404","Conforme",1,0.0436004743168987,0.188121257296697,0.0436048348003788,0.0297206101899989
"img_0405","No conforme",1.0060811921328,0.224709850828474,0.174250937159429,0.22473232406088,0.0260888430606617
"img_0406","No conforme",1.00261625037022,0.226236124251251,0.193112771722216,0.226258750126263,0.0340962736062442
"img_0407","Conforme",1,0.0434889912373285,0.203909714236894,0.0434933405713856,0.0367305747178022
"img_0408","Conforme",1,0.043527783405159,0.185208164054649,0.0435321366188209,0.0289527211088293
"img_0409","Conforme",1,0.0434012917695474,0.170395449441426,0.0434056323327807,0.0219967852424173
"img_0410","No conforme",1,0.0463237912244482,0.209291644274165,0.0463284240668549,0.0379762255500344
"img_0411","Conforme",1,0.0435477612606704,0.17872420236636,0.0435521164723177,0.0264258191636029
"img_0412","Conforme",1,0.043390563838499,0.186198039057576,0.0433949033288318,0.0293409137501436
"img_0413","No conforme",1,0.048762382027861,0.179090943807471,0.0487672587537364,0.023154422607422
"img_0414","Conforme",1,0.0435341808292809,0.186308304007504,0.0435385346827492,0.0292223857565487
"img_0415","Conforme",1,0.0431742474738051,0.186925360757557,0.0431785653303381,0.0296047148222082
"img_0416","No conforme",1,0.0653457723175408,0.204847623212233,0.0653523075482956,0.0356720796472886
"img_0417","No conforme",1.0009486665964,0.218259104677704,0.175989972873511,0.218280932770981,0.0267161858233284
"img_0418","No conforme",1.0107985529939,0.22001991569976,0.174668096927504,0.220041919891749,0.0262512282068589
"img_0419","No conforme",1,0.0972955532442115,0.205488567810656,0.0973052837725888,0.0340788623764936
"img_0420","Conforme",1,0.0431161337128682,0.206114979120807,0.043120445757444,0.0379010760498046
"img_0421","Conforme",1,0.0431562666308404,0.180729986723398,0.0431605826891093,0.026942412145278
"img_0422","No conforme",1,0.0973079326538739,0.191330061477404,0.0973176644203159,0.0272819610416187
"img_0423","Conforme",1,0.0432351235549999,0.186004841594048,0.0432394474997498,0.0293622739186007
"img_0424","Conforme",1,0.0432806602393086,0.18828995337207,0.0432849887381824,0.0300721853996725
"img_0425","Conforme",1,0.0435768318649616,0.195126983518177,0.04358118998396,0.0325875396908031
"img_0426","Conforme",1,0.0429580613475045,0.182405019757149,0.0429623575832628,0.0278474370978861
"img_0427","No conforme",1,0.0455718853912691,0.188594179822294,0.0455764430355727,0.0292726449764477
"img_0428","Conforme",1,0.0430949385891781,0.193278364782609,0.0430992485140295,0.0321306594489602
"img_0429","Conforme",1,0.0430023484287837,0.196887997226979,0.043006649093693,0.033734945714614
"img_0430","Conforme",1,0.0433150150239414,0.198099445862719,0.0433193469586373,0.0342793607644474
"img_0431","No conforme",1.00646897724053,0.226631064029665,0.202585112964618,0.226653729402605,0.0383280999217314
"img_0432","No conforme",1.00701700471215,0.212193769215315,0.176856014689602,0.212214990714386,0.0265326798382928
"img_0433","Conforme",1,0.0431710310613113,0.198776770614842,0.0431753485961709,0.0341279249482996
"img_0434","No conforme",1.00898959099989,0.22986116539449,0.186257274038302,0.229884153809871,0.0311808798576804
"img_0435","Conforme",1,0.0435622464736854,0.184350981865119,0.0435666031339988,0.0280871257108801
"img_0436","No conforme",1,0.0965200995570751,0.199320779510939,0.0965297525323283,0.0310393163882985
"img_0437","Conforme",1,0.0432531032690534,0.180483441960799,0.0432574290119546,0.026871809907801
"img_0438","Conforme",1,0.0431952432634737,0.197236629562155,0.0431995632197956,0.0338416268920899
"img_0439","No conforme",1.01717608150637,0.206946568598331,0.167408299336909,0.206967265324863,0.0231099072983685
"img_0440","Conforme",1,0.0432045498207581,0.180215732962456,0.0432088707078289,0.0266303263226677
"img_0441","No conforme",1,0.117620396569361,0.198331335494116,0.117632159785339,0.0295155047068877
"img_0442","No conforme",1,0.0448152847006111,0.195796750692017,0.0448197666772789,0.032245358168658
"img_0443","No conforme",1,0.0779191388124038,0.195936296233191,0.0779269315055544,0.0291121744671989
"img_0444","Conforme",1,0.0430754786711532,0.197151565404676,0.0430797866498182,0.0338467126464843
"img_0445","No conforme",1,0.0460001759058376,0.195545556390656,0.0460047763834759,0.0316119723331227
"img_0446","Conforme",1,0.0433189259938637,0.192559709158761,0.0433232583196957,0.0316819762465533
"img_0447","No conforme",1.00846893139214,0.205947728382978,0.184690762610868,0.2059683252155,0.0295377623614143
"img_0448","Conforme",1,0.0434071072724601,0.192788357627517,0.0434114484173018,0.0318294032915901
"img_0449","No conforme",1,0.0776510394467912,0.195143155813155,0.0776588053273239,0.0311703493544635
"img_0450","Conforme",1,0.0430722040253834,0.205978096000004,0.043076511676551,0.0377847618551815
"img_0451","Conforme",1,0.0434810295386419,0.179426317950238,0.0434853780764495,0.0262443474803251
"img_0452","Conforme",1,0.0431118030208848,0.192612435945205,0.043116114632348,0.0318561483764649
"img_0453","No conforme",1,0.0457644906386842,0.182045798185229,0.0457690675454387,0.0263484558644014
"img_0454","Conforme",1,0.043161053874154,0.207667995675014,0.0431653704111951,0.0385920206586052
"img_0455","No conforme",1.00584453535944,0.218752128263302,0.19110964239948,0.218774005663868,0.0332720223999023
"img_0456","No conforme",1,0.0770748714137031,0.19175162461274,0.0770825796716703,0.0296614359418084
"img_0457","Conforme",1,0.0434440408754222,0.188756123475192,0.0434483857139936,0.0298329754459157
"img_0458","No conforme",1,0.0771740002529378,0.198507266344444,0.0771817184247802,0.0302853682574103
"img_0459","No conforme",1,0.0934572884767873,0.20090743374493,0.0934666351403013,0.0315450198723288
"img_0460","No conforme",1,0.100596613713681,0.203388605728678,0.100606674381119,0.027479048982508
"img_0461","No conforme",1,0.0753030613809585,0.186673655847465,0.0753105924402026,0.0268792889583813
"img_0462","No conforme",1,0.0766743342080129,0.188485553853238,0.0766820024082538,0.0280184381103515
"img_0463","No conforme",1,0.0464301373029933,0.21121100512109,0.0464347807810714,0.0386270226153206
"img_0464","Conforme",1,0.0434000271106846,0.189528212371249,0.0434043675474393,0.0302451010490866
"img_0465","Conforme",1,0.043492855792304,0.1996754575417,0.0434972055128553,0.0349090968232996
"img_0466","Conforme",1,0.0432865353808475,0.197089792966345,0.0432908644672942,0.0335612522439396
"img_0467","No conforme",1,0.0791901715939124,0.186758294623997,0.0791980914030527,0.0276428701064166
"img_0468","Conforme",1,0.0431626813146367,0.197634908991739,0.0431669980144381,0.0339480089075425
"img_0469","Conforme",1,0.0433110012768139,0.18551889155052,0.0433153328100949,0.0279115176032572
"img_0470","Conforme",1,0.0433572237830311,0.188023479588984,0.043361559939025,0.0287529407097312
"img_0471","No conforme",1,0.0573801253674664,0.18578557885489,0.0573858639538618,0.0240957658296473
"img_0472","No conforme",1,0.0715131770610416,0.212143825956312,0.071520329093951,0.0358215409940832
"img_0473","Conforme",1,0.0434024340777646,0.18672758524301,0.0434067747552401,0.029491571745031
"img_0474","No conforme",1.00081992415702,0.221711477520988,0.183629729953821,0.221733650886076,0.0297513640459846
"img_0475","No conforme",1,0.0533099522024003,0.19802294520084,0.0533152837307733,0.032184448780733
"img_0476","Conforme",1,0.0431367198831495,0.199059265347798,0.0431410339865481,0.034515459433163
"img_0477","No conforme",1,0.114303667131473,0.201257641281178,0.114315098641337,0.0302079451258043
"img_0478","Conforme",1,0.0434175043918514,0.193582530241591,0.0434218465765091,0.0323138662719726
"img_0479","Conforme",1,0.0432609158938088,0.178164930144946,0.0432652424180506,0.0252620788933249
"img_0480","No conforme",1.00199030364889,0.219350079195997,0.182984420104953,0.219372016397637,0.0294103193395279
"img_0481","No conforme",1,0.106630270190228,0.20246878461492,0.106640934283657,0.0311464762250114
"img_0482","No conforme",1,0.0487582623694157,0.201028880430095,0.0487631386832841,0.0325608544383329
"img_0483","No conforme",1,0.0462209457809151,0.195286452296461,0.0462255683377489,0.031601740991929
"img_0484","Conforme",1,0.0431267924488501,0.181718140435051,0.043131105559406,0.0266866884478401
"img_0485","No conforme",1,0.0830107617803711,0.169798213809424,0.0830190636867398,0.0211434554874196
"img_0486","Conforme",1,0.0433133030976684,0.172204102807783,0.0433176348611545,0.0241757019222484
"img_0487","Conforme",1,0.0432832973380765,0.198529814402557,0.0432876261006866,0.0342153999238856
"img_0488","No conforme",1,0.0951169920651534,0.211044662405332,0.0951265047156249,0.0367951937148151
"img_0489","No conforme",1,0.0967452359008639,0.19868496698029,0.0967549113920031,0.0309100185618681
"img_0490","No conforme",1,0.0735898723689733,0.187498838421239,0.0735972320921825,0.0267198356000115
"img_0491","No conforme",1,0.122741958164868,0.182792920823948,0.122754233588226,0.0223488989437328
"img_0492","Conforme",1,0.0430183748780428,0.181259973939516,0.0430226771457574,0.0269199151611328
"img_0493","No conforme",1,0.044887393568076,0.18723157669857,0.0448918827563516,0.0288121149579217
"img_0494","Conforme",1,0.0432097102909084,0.178196037081668,0.0432140316940778,0.0258639928840189
"img_0495","Conforme",1,0.0432809487932259,0.184981434233564,0.043285277320958,0.0280933482809628
"img_0496","Conforme",1,0.0435011776263878,0.182124694545741,0.0435055281792057,0.0278248802813361
"img_0497","Conforme",1,0.0436587878605755,0.185972448306736,0.0436631541759931,0.0293419309010226
"img_0498","Conforme",1,0.0430416693281656,0.180042245761258,0.0430459739255582,0.0262694770902746
"img_0499","Conforme",1,0.0435772440485025,0.1790692418949,0.0435816022087234,0.0260219504322725
"img_0500","Conforme",1,0.0433378571002356,0.193889165362868,0.0433421913193676,0.031806367815803
"img_0501","Conforme",1,0.0435757310221036,0.198189485598529,0.0435800890310067,0.0340832301420324
"img_0502","Conforme",1,0.0433021102292643,0.189120668996291,0.0433064408733516,0.0302270316628849
"img_0503","Conforme",1,0.043068708434258,0.198669899649185,0.0430730157358316,0.0338871593520221
"img_0504","Conforme",1,0.0433617080169273,0.184869227180853,0.0433660446213894,0.0282706316959156
"img_0505","No conforme",1,0.0850900155088008,0.208144248945226,0.085098525361337,0.0327504034962374
"img_0506","No conforme",1,0.0492206583450707,0.205380558456331,0.0492255809031611,0.0347336083804859
"img_0507","No conforme",1,0.0971128773375021,0.198997412981154,0.0971225895964617,0.0312846890797335
"img_0508","Conforme",1,0.0432051404435187,0.177561299977226,0.0432094613896576,0.0249002723424575
"img_0509","Conforme",1,0.0430330066854102,0.181042044470046,0.0430373104164519,0.0269253599099551
"img_0510","Conforme",1,0.0432943930243785,0.185384896288027,0.0432987228966681,0.0289525416116153
"img_0511","Conforme",1,0.0433982671305673,0.172245600329125,0.0434026073913065,0.0235037840181238
"img_0512","No conforme",1,0.0879212786154975,0.192622838649023,0.0879300716226598,0.0277315417300954
"img_0513","No conforme",1,0.0508447695063589,0.19939220292581,0.0508498544918081,0.0317361245727539
"img_0514","Conforme",1,0.0431327282690581,0.185070539774218,0.0431370419732555,0.027753978881836
"img_0515","Conforme",1,0.0430128531076455,0.182130211467634,0.0430171548231278,0.0274724075855928
"img_0516","No conforme",1.00186228631458,0.221949296968447,0.196002153955959,0.221971494117858,0.0356136832203584
"img_0517","Conforme",1,0.0431839061172225,0.18685236979545,0.0431882249397165,0.0294584245928596
"img_0518","Conforme",1,0.0432904063699712,0.190460133375903,0.0432947358435555,0.0309720647654813
"img_0519","No conforme",1.01803553107619,0.223653392988866,0.177560163167164,0.223675760564922,0.0281057934211282
"img_0520","No conforme",1,0.052408550686214,0.192461085626911,0.0524137920654206,0.0292679780488856
"img_0521","No conforme",1.01279908055585,0.230206409635958,0.187632405109297,0.230229432579216,0.0315809791475185
"img_0522","Conforme",1,0.043645551422035,0.191541982096015,0.0436499164136764,0.0311190729836857
"img_0523","Conforme",1,0.0434695697188436,0.191356669976447,0.0434739171105547,0.0313177165670955
"img_0524","No conforme",1,0.0822695279976462,0.202083298313217,0.0822777557732235,0.032393922029383
"img_0525","Conforme",1,0.0436767937442131,0.195170645399968,0.0436811618603991,0.0329361232802448
"img_0526","No conforme",1,0.0467801269364621,0.185279194034019,0.0467848054170037,0.0277097627348059
"img_0527","Conforme",1,0.0438414545694043,0.182063651598214,0.0438458391533196,0.0278028619564281
"img_0528","Conforme",1,0.0434351971130394,0.189738467537939,0.0434395410671461,0.0306520212330538
"img_0529","Conforme",1,0.0434098415535687,0.188391277956385,0.0434141829718659,0.0301566089226218
"img_0530","No conforme",1,0.0632698422184455,0.200140592927285,0.0632761698354291,0.0321293431360581
"img_0531","No conforme",1,0.107731431086942,0.208252964558978,0.107742205307473,0.0334642040836109
"img_0532","Conforme",1,0.0432451765900062,0.195551012206326,0.0432495015401602,0.0329756724997128
"img_0533","Conforme",1,0.043132775481777,0.186927175182064,0.0431370891906961,0.0288854096536075
"img_0534","Conforme",1,0.0433055215558027,0.18980139442765,0.0433098525410568,0.0306946219051585
"img_0535","No conforme",1,0.0481652659768558,0.203492535975969,0.0481700829851543,0.0331859235696231
"img_0536","No conforme",1,0.106499007038903,0.176211962011735,0.106509658004704,0.0217979023293887
"img_0537","No conforme",1,0.0959857010457974,0.212383031102503,0.095995300575855,0.0341684314862419
"img_0538","No conforme",1,0.0479738187975855,0.203353129925493,0.0479786166592514,0.0333645831298829
"img_0539","Conforme",1,0.0434056890246228,0.197958514226924,0.0434100300276255,0.0340009605856503
"img_0540","Conforme",1,0.0435607713916737,0.194010937097616,0.0435651279044642,0.0323594585643094
"img_0541","No conforme",1.00987064263079,0.228306316813108,0.186770965431836,0.22832914972808,0.031431816962747
"img_0542","No conforme",1,0.046135542670638,0.190884082764848,0.0461401566863067,0.0297538770069796
"img_0543","Conforme",1,0.043290310170656,0.185949458100181,0.0432946396346194,0.0279246208998737
"img_0544","Conforme",1,0.043414821294212,0.191236570490776,0.043419163210533,0.0306492091100357
"img_0545","No conforme",1,0.121690228330354,0.187880833009853,0.121702398570211,0.0246169659064798
"img_0546","Conforme",1,0.0434357564405303,0.179669201008869,0.0434401004505753,0.0265830587230009
"img_0547","Conforme",1,0.043593941996224,0.194421467477122,0.0435983018264066,0.0324298813045726
"img_0548","No conforme",1,0.0752120890271619,0.202738094358562,0.0752196109882607,0.0344923042925666
"img_0549","Conforme",1,0.0430721539279742,0.183886599515657,0.0430764615741316,0.0278973373233571
"img_0550","No conforme",1,0.0707200239567463,0.19188777467151,0.070727096666413,0.0281669421386719
"img_0551","No conforme",1,0.0464686520938282,0.212305628266349,0.0464732994237706,0.0391219562665154
"img_0552","Conforme",1,0.0434837142880055,0.185543938634479,0.0434880630943149,0.0290694541302849
"img_0553","Conforme",1,0.0434972665918602,0.188025419704863,0.0435016167535355,0.0293568890021829
"img_0554","No conforme",1.00847242656385,0.212953336420436,0.179098344490906,0.212974633883825,0.0272984747852999
"img_0555","Conforme",1,0.043274753374267,0.183650372814756,0.0432790812823952,0.0282424506333294
"img_0556","No conforme",1,0.0819883553362407,0.186133872768654,0.0819965549917399,0.0241165875064625
"img_0557","Conforme",1,0.0433083248393029,0.195308131761742,0.0433126561049134,0.0327319152832032
"img_0558","No conforme",1.00208844567431,0.229186195825818,0.186428287018204,0.229209116737491,0.0310745576746324
"img_0559","Conforme",1,0.0432541417432725,0.176182358942677,0.0432584675900315,0.025486390578326
"img_0560","Conforme",1,0.043479738811259,0.179471038905385,0.043484087219981,0.0259816832239488
"img_0561","Conforme",1,0.0433875032299678,0.179238270888267,0.0433918424142093,0.0261614795998966
"img_0562","No conforme",1,0.0477317417696967,0.187867570098599,0.0477365154212388,0.0282393393482882
"img_0563","Conforme",1,0.0435930059699142,0.176342056269628,0.0435973657064848,0.0256263385727826
"img_0564","Conforme",1,0.0435592858781909,0.198830691767163,0.0435636422424151,0.0343349450683594
"img_0565","No conforme",1,0.0924674936507677,0.211743334680774,0.0924767413249002,0.0372756479240866
"img_0566","Conforme",1,0.042995051037365,0.186211517987123,0.0429993509724623,0.0293731634162454
"img_0567","Conforme",1,0.0434657987355309,0.187158416866084,0.0434701457501059,0.0299095609238569
"img_0568","No conforme",1,0.105418799166961,0.21633029309436,0.105429342101172,0.0381644582950367
"img_0569","No conforme",1.00596010574381,0.225031255055796,0.19828368507331,0.225053760431839,0.0366096534280216
"img_0570","Conforme",1,0.0433591161034227,0.172511498452075,0.0433634524486676,0.0244106039428711
"img_0571","Conforme",1,0.0433245226122227,0.186732027534569,0.0433288554977725,0.0295007261029412
"img_0572","No conforme",1,0.0726394202722935,0.206009720506023,0.0726466849407876,0.0358637228393555
"img_0573","No conforme",1.01299686456964,0.222995939715805,0.188599480942874,0.223018241539959,0.0322464351519416
"img_0574","No conforme",1,0.0759424793257904,0.201833311126113,0.0759500743332237,0.0341613712624943
"img_0575","Conforme",1,0.0432547045828567,0.190164976368379,0.0432590304859053,0.030707067045324
"img_0576","Conforme",1,0.0434277978314949,0.172219373694093,0.0434321410455995,0.0229567363424861
"img_0577","Conforme",1,0.0427238343146592,0.182255377040656,0.0427281071253718,0.0278299660357307
"img_0578","Conforme",1,0.0433569791319611,0.182672321526484,0.0433613152634874,0.0271872463450712
"img_0579","No conforme",1,0.0744148628136453,0.195657740655056,0.0744223050441497,0.0309103177238914
"img_0580","Conforme",1,0.0432651699665307,0.165192549843001,0.0432694969162223,0.0205637991512523
"img_0581","Conforme",1,0.0431543101087073,0.179223747012188,0.0431586259713044,0.0255845755543428
"img_0582","No conforme",1,0.048366337303034,0.18895274188702,0.048371174420476,0.0258866095329734
"img_0583","Conforme",1,0.0430043049138732,0.204895461035014,0.0430086057744506,0.0372243117209042
"img_0584","Conforme",1,0.0434420754174857,0.206341636871168,0.0434464200594917,0.0379162734805836
"img_0585","Conforme",1,0.043315194664158,0.195293039164297,0.0433195266168197,0.0328615721040614
"img_0586","Conforme",1,0.0433799832490381,0.193705360994648,0.0433843216812062,0.0321804400096219
"img_0587","No conforme",1,0.104614896506357,0.191517280650577,0.104625359042261,0.0282167226993336
"img_0588","Conforme",1,0.0431515750851951,0.198670918671475,0.0431558906742625,0.0344224798763499
"img_0589","Conforme",1,0.0432195227290554,0.187969211524582,0.0432238451135667,0.0295996290678137
"img_0590","Conforme",1,0.0430661945238946,0.183959045884827,0.043070501574052,0.0285509465116612
"img_0591","Conforme",1,0.0434326206962594,0.200140092132295,0.0434369643926987,0.0348459736364027
"img_0592","Conforme",1,0.0432033282761316,0.186437593510147,0.0432076490410357,0.0288100208237592
"img_0593","No conforme",1,0.0693377677815689,0.216281964524795,0.0693447022517941,0.0398266024959788
"img_0594","Conforme",1,0.0435783282080476,0.188930169664732,0.0435826864766953,0.0303164212754193
"img_0595","No conforme",1.00845039508341,0.209711731763259,0.165026806767328,0.209732705033762,0.0221859154734891
"img_0596","No conforme",1,0.101775779998002,0.181445563768474,0.101785958593861,0.0232806091488109
"img_0597","No conforme",1,0.0771837486438467,0.17878431656467,0.0771914677906258,0.0220600280941233
"img_0598","Conforme",1,0.0433002173070419,0.187499957576015,0.0433045477618181,0.028669175343233
"img_0599","Conforme",1,0.0431040615316494,0.174346021349995,0.0431083723688862,0.0239916574455711
"img_0600","No conforme",1,0.108378097632791,0.19490547621175,0.108388936526444,0.0270600426528033
"img_0601","Conforme",1,0.0434721850904127,0.19701818050556,0.0434765327436871,0.0336140244248334
"img_0602","Conforme",1,0.043240806881934,0.190378947072377,0.0432451313950735,0.0308524597886031
"img_0603","No conforme",1,0.0637891035608067,0.183844287848274,0.0637954831091176,0.0265053364293716
"img_0604","No conforme",1,0.0968566596685879,0.203085776684259,0.0968663463032182,0.0329836900419347
"img_0605","Conforme",1,0.0431743979372332,0.181570038807666,0.0431787158088141,0.0271840153952206
"img_0606","Conforme",1,0.0433104185798941,0.18214181109384,0.0433147500548996,0.0279633922980813
"img_0607","Conforme",1,0.0432701792206897,0.192108120545277,0.0432745066713568,0.0316219643446979
"img_0608","No conforme",1,0.0476905029899977,0.184185615138538,0.0476952725172494,0.0269713111967198
"img_0609","Conforme",1,0.0433502460186483,0.164870015402037,0.043354581476796,0.0206396068079331
"img_0610","No conforme",1,0.10202599636988,0.193471489585839,0.102036199989879,0.0289079066377528
"img_0611","Conforme",1,0.0432753808692037,0.196424428238154,0.0432797088400877,0.0333556082691866
"img_0612","No conforme",1,0.0793649022165517,0.18618446193489,0.0793728395005018,0.0274612787583296
"img_0613","No conforme",1,0.112634037527851,0.207322800657392,0.112645302058057,0.033338675698673
"img_0614","No conforme",1,0.0522494879452184,0.197170188997486,0.05225471341656,0.0309496874461455
"img_0615","Conforme",1,0.0432384814501851,0.194655703992102,0.0432428057307582,0.0327311972943474
"img_0616","Conforme",1,0.0432014702749594,0.201699289182818,0.0432057908540448,0.0356647800939224
"img_0617","Conforme",1,0.0431776642684709,0.193916066748135,0.0431819824667176,0.0322705476110121
"img_0618","Conforme",1,0.0431627173085083,0.197057112962022,0.0431670340119095,0.0335389347570082
"img_0619","No conforme",1,0.107234733507031,0.183906223936222,0.107245458052837,0.0250506910077263
"img_0620","No conforme",1,0.103458563243292,0.2054074159854,0.103468910134306,0.0300194730511834
"img_0621","Conforme",1,0.0432827353845347,0.191578915932368,0.0432870640909438,0.0314295433313706
"img_0622","No conforme",1,0.0502475205495569,0.186806518848275,0.0502525458041373,0.0257114800845876
"img_0623","No conforme",1.00785130588047,0.227024948659863,0.181961748429718,0.227047653425206,0.0289384211641199
"img_0624","Conforme",1,0.0435254505531841,0.193936991979936,0.0435298035335374,0.0321841496187097
"img_0625","Conforme",1,0.0430492899802989,0.173139408499941,0.0430535953398329,0.0235970029045554
"img_0626","No conforme",1,0.0509096574493386,0.17741596663559,0.0509147489242311,0.0235128187112248
"img_0627","No conforme",1,0.0872366878858745,0.209184366964859,0.0872454124271172,0.0345191690422507
"img_0628","Conforme",1,0.0433671313160853,0.188130932597346,0.0433714684629316,0.0291055929026884
"img_0629","Conforme",1,0.0433616340759141,0.19333988745406,0.0433659706729814,0.0313823355641085
"img_0630","Conforme",1,0.043212778642521,0.205238150197354,0.0432171003525562,0.0373363778147978
"img_0631","No conforme",1.00745998031394,0.217718096163027,0.179015460732906,0.217739870150042,0.0275767552992876
"img_0632","Conforme",1,0.0430661960002939,0.190320901726667,0.043070503050599,0.0310129302978515
"img_0633","No conforme",1,0.0497937967296005,0.195982938202814,0.0497987766072613,0.0309268314675724
"img_0634","No conforme",1.0082991910915,0.226419595348728,0.18379999044342,0.226442239572685,0.0298086236572266
"img_0635","No conforme",1,0.115047088683562,0.190579285761655,0.115058594543016,0.0250463830745922
"img_0636","Conforme",1,0.0437598480661643,0.189301989558961,0.0437642244886131,0.0302462976971795
"img_0637","Conforme",1,0.0436063326063227,0.184141929946101,0.0436106936756902,0.0284595225973691
"img_0638","No conforme",1,0.0839386747915554,0.165369496831487,0.0839470694985052,0.0194547456988166
"img_0639","Conforme",1,0.043286735440053,0.189474157805208,0.0432910645465077,0.0304142472570083
"img_0640","Conforme",1,0.0435066581312323,0.176565893834747,0.0435110092321555,0.025748456510656
"img_0641","No conforme",1.00593163015766,0.19952289794039,0.165765218943011,0.199542852225612,0.0219418590949564
"img_0642","Conforme",1,0.0430252278360314,0.19204388437397,0.0430295307891103,0.0313702494183709
"img_0643","Conforme",1,0.0434249193959902,0.19481671069717,0.0434292623222224,0.0326123701387293
"img_0644","Conforme",1,0.0436317373873622,0.176598877361177,0.0436361009974619,0.0245672451782226
"img_0645","Conforme",1,0.0432944474650546,0.194274500007955,0.0432987773427889,0.032450523484174
"img_0646","Conforme",1,0.0436575095776175,0.200693024717765,0.043661875765194,0.0353565833776137
"img_0647","Conforme",1,0.0434355841797205,0.172492874461929,0.0434399281725377,0.0239665278356216
"img_0648","Conforme",1,0.0433596942588555,0.185725912474281,0.0433640306619217,0.0287179387530158
"img_0649","Conforme",1,0.0430949053682615,0.204892294414828,0.0430992152897905,0.0373529513908835
"img_0650","Conforme",1,0.043370763984509,0.197133969665129,0.0433751014946584,0.0337701271685432
"img_0651","No conforme",1,0.0742180958930721,0.201647458642935,0.0742255184449166,0.0338001630356733
"img_0652","No conforme",1,0.0567413664027346,0.202947002096658,0.0567470411068453,0.0330604550170898
"img_0653","No conforme",1,0.0445508491922832,0.179673024027999,0.0445553047227555,0.025018202012006
"img_0654","No conforme",1,0.0612260633401503,0.192994428965277,0.0612321865588061,0.029413969116211
"img_0655","No conforme",1,0.117901939037533,0.195810020287714,0.117913730410574,0.0278866871553308
"img_0656","Conforme",1,0.0432890955151675,0.18932284541434,0.0432934248576533,0.030444342956543
"img_0657","Conforme",1,0.0432695618167289,0.180886922708821,0.0432738892056495,0.0267444267183192
"img_0658","Conforme",1,0.0433802236195249,0.184780378211013,0.0433845620757324,0.0281229054888557
"img_0659","Conforme",1,0.0432900985738365,0.188793762867921,0.0432944280166382,0.0293400760964786
"img_0660","No conforme",1,0.0450466001163833,0.197417076017464,0.0450511052269059,0.0330264702112534
"img_0661","Conforme",1,0.0431622610827205,0.185683893742829,0.0431665777404946,0.0285590238862878
"img_0662","No conforme",1.00638810346633,0.207647430930941,0.17067824069057,0.207668197750716,0.0242170461138557
"img_0663","Conforme",1,0.0430721110475352,0.183720876101644,0.0430764186894041,0.0283457811961455
"img_0664","Conforme",1,0.0433036703319761,0.199837959020749,0.0433080011320893,0.0349534326351389
"img_0665","No conforme",1,0.113781454045926,0.191390499024096,0.113792833329259,0.0256670246079389
"img_0666","Conforme",1,0.0432007829331489,0.196555631865707,0.0432051034434933,0.032859298472685
"img_0667","No conforme",1.02120953093279,0.218997582760288,0.17608749731255,0.219019484708759,0.0271363888011259
"img_0668","No conforme",1,0.0814207230262457,0.186497999426532,0.081428865912837,0.0259230474674002
"img_0669","No conforme",1,0.079910830431962,0.18412816433061,0.0799188223141934,0.0265697160967658
"img_0670","Conforme",1,0.0433034562526506,0.189741909521049,0.0433077870313537,0.0306043348065544
"img_0671","Conforme",1,0.0435568873802218,0.196301543208719,0.0435612435045722,0.0334417669318704
"img_0672","Conforme",1,0.043102017007366,0.184690947154316,0.04310632764013,0.0281154264382755
"img_0673","No conforme",1.01597359033065,0.225083426581829,0.181116929567044,0.225105937175547,0.0291192346909467
"img_0674","No conforme",1.00325211645674,0.209982133912923,0.174331769379699,0.210003134226346,0.0255560953297334
"img_0675","No conforme",1,0.0459279765099373,0.177894053632839,0.045932569766914,0.0238396831377815
"img_0676","Conforme",1,0.0432875029020387,0.178587710167608,0.0432918320852473,0.0259435101497875
"img_0677","Conforme",1,0.0433074022878296,0.184513164890631,0.0433117334611757,0.0285350310920266
"img_0678","Conforme",1,0.0435497583867638,0.190874280961687,0.0435541137981437,0.03119428231632
"img_0679","No conforme",1.00487156775908,0.203713776582512,0.158112867431402,0.203734149997511,0.0199246095724668
"img_0680","Conforme",1,0.0434666074908184,0.185635754202142,0.043470954586277,0.0280661843692556
"img_0681","Conforme",1,0.0430488081521582,0.183278037471812,0.0430531134635046,0.0279353907327091
"img_0682","No conforme",1.01240490381354,0.224585831931163,0.196572439039665,0.224608292760439,0.0358740738453585
"img_0683","Conforme",1,0.0432273491839795,0.195285299141528,0.0432316723512146,0.0326860238288431
"img_0684","Conforme",1,0.0432062864746852,0.180714129826791,0.0432106075354388,0.0258156483010684
"img_0685","Conforme",1,0.0431766563478496,0.17706389480321,0.0431809744452941,0.0251514487771427
"img_0686","Conforme",1,0.0433107001821172,0.184462313408736,0.0433150316852857,0.0280487731395048
"img_0687","No conforme",1.01018970189702,0.225594467971869,0.177284551468356,0.225617029674837,0.0277241823443244
"img_0688","No conforme",1,0.0466617485161684,0.175562320273894,0.0466664151576842,0.0232312474149815
"img_0689","No conforme",1.00724600704189,0.210447773288293,0.176059244158861,0.21046882017031,0.0260213521082261
"img_0690","Conforme",1,0.0436511385029268,0.183356061824573,0.0436555040533322,0.0281808830889533
"img_0691","Conforme",1,0.0430759298043144,0.192710432250514,0.0430802378280972,0.0316359052949794
"img_0692","Conforme",1,0.0433385074216862,0.180721974225469,0.0433428417058568,0.0269535409725413
"img_0693","Conforme",1,0.0432104962109227,0.179216146943148,0.043214817692692,0.0255812847720875
"img_0694","No conforme",1,0.046783351994166,0.193398576578329,0.0467880307972457,0.0296647865564683
"img_0695","Conforme",1,0.043229333081118,0.167330145796774,0.0432336564467627,0.0214021708050895
"img_0696","No conforme",1,0.045272664450241,0.212071654676492,0.045277192169458,0.0399917399327896
"img_0697","Conforme",1,0.0434602864589229,0.203148202813066,0.0434646329222151,0.0363234152042164
"img_0698","Conforme",1,0.0430388800634486,0.185493731094201,0.0430431843818868,0.0288464587581859
"img_0699","No conforme",1,0.057514327164954,0.202556307249512,0.0575200791728712,0.0344311555750231
"img_0700","No conforme",1,0.0724721453926935,0.187050137758127,0.0724793933320267,0.0282228854370117
"img_0701","No conforme",1,0.0745763529201346,0.197885475020696,0.0745838113012647,0.0314538951200597
"img_0702","Conforme",1,0.0433685054992695,0.20114853047632,0.0433728427835478,0.0354748122091855
"img_0703","No conforme",1.01234312864742,0.208166274288468,0.173685256410705,0.208187092997768,0.0254361313584271
"img_0704","No conforme",1.00828743241195,0.220667153778903,0.186127963525168,0.220689222701173,0.0308862052648208
"img_0705","Conforme",1,0.0433323262029374,0.198481959274776,0.0433366598689243,0.0344052481438132
"img_0706","No conforme",1.0106722469265,0.219100760774225,0.179594080293385,0.219122673041529,0.0281330769976448
"img_0707","Conforme",1,0.0436571909649116,0.169865674230862,0.0436615571206236,0.0230454677985696
"img_0708","No conforme",1,0.12291328826712,0.189570664505887,0.122925580825202,0.0255287519208123
"img_0709","Conforme",1,0.0435934313305261,0.177677378488512,0.043597791109637,0.026031224454992
"img_0710","No conforme",1,0.0697303614736041,0.198489620055131,0.0697373352071248,0.0297471757776597
"img_0711","Conforme",1,0.0431580341940831,0.178593057864274,0.0431623504291261,0.0264624964276483
"img_0712","No conforme",1,0.114668636073894,0.202327927010527,0.114680104084303,0.0307769512939453
"img_0713","Conforme",1,0.043706360089305,0.184250878370289,0.0437107311624213,0.0284831563972023
"img_0714","Conforme",1,0.0430518607924666,0.181316459915132,0.0430561664091075,0.0271043784646426
"img_0715","Conforme",1,0.0433054353787438,0.193853985301924,0.0433097663553794,0.0322082022453757
"img_0716","Conforme",1,0.0434177611396872,0.184560885166458,0.0434221033500222,0.02818728515625
"img_0717","No conforme",1,0.120952612043032,0.198270105863313,0.120964708513883,0.0292554730763156
"img_0718","Conforme",1,0.0429586629571359,0.178251352220148,0.0429629592530612,0.0257052575145048
"img_0719","No conforme",1,0.0458444417125887,0.191371706770942,0.0458490266152502,0.0297513640459847
"img_0720","No conforme",1,0.0484087222547968,0.176620962655727,0.0484135636111579,0.0217218553430895
"img_0721","No conforme",1,0.050986438585655,0.193540753150992,0.050991537739429,0.0287060321044923
"img_0722","Conforme",1,0.0436367796022701,0.175688147172524,0.0436411437166418,0.0251605433026482
"img_0723","Conforme",1,0.0434542379280007,0.179271102411323,0.0434585837863793,0.0259013881369198
"img_0724","Conforme",1,0.0434204835353751,0.176250737477756,0.0434248260179769,0.0242594074563418
"img_0725","Conforme",1,0.042838521265754,0.192891595727416,0.0428428055463087,0.0317628098252241
"img_0726","No conforme",1.00922239580709,0.218222408865417,0.184841209611563,0.218244233288746,0.0299312800867417
"img_0727","Conforme",1,0.043649723340454,0.181841782096285,0.0436540887493289,0.0268677413042854
"img_0728","Conforme",1,0.043462041782547,0.200350307180848,0.0434663884213891,0.0351792401302563
"img_0729","Conforme",1,0.0433138627002425,0.185526773877378,0.0433181945196945,0.028297795607623
"img_0730","Conforme",1,0.0432061959523506,0.186826006341943,0.043210517004051,0.0294834345379997
"img_0731","Conforme",1,0.0434782000531017,0.189766596909317,0.0434825483079325,0.0302725042904124
"img_0732","No conforme",1,0.0467363192021318,0.179632869382596,0.0467409933014619,0.0241509313067267
"img_0733","No conforme",1,0.0750454858890725,0.191462654763433,0.0750529911881913,0.0289678587072036
"img_0734","No conforme",1.00817501974081,0.217276005192388,0.199566105890063,0.217297734965884,0.0368640608125574
"img_0735","Conforme",1,0.043272741279484,0.190123870344488,0.0432770689863827,0.0303279689295152
"img_0736","No conforme",1,0.0982256148179983,0.196693763863637,0.0982354383618344,0.0306170192763385
"img_0737","No conforme",1,0.0485743830514087,0.184684168804781,0.0485792409755063,0.0249811059211282
"img_0738","Conforme",1,0.0431434402212379,0.179837582428476,0.0431477549967376,0.0265213715138155
"img_0739","Conforme",1,0.0438154250508449,0.176068852886945,0.0438198070315481,0.0254384648222082
"img_0740","No conforme",1,0.114959737816335,0.204997745041013,0.114971234939829,0.032081118217917
"img_0741","No conforme",1,0.108519628948357,0.200587457797626,0.108530481996557,0.0261776941815544
"img_0742","No conforme",1.00694308625073,0.216761780328183,0.189063261498451,0.216783458674051,0.0317695110545438
"img_0743","No conforme",1,0.0737116876938431,0.201614089940424,0.073719059599803,0.031500923390108
"img_0744","No conforme",1,0.0515444549012577,0.213631253170498,0.051549609862244,0.0396008548332664
"img_0745","Conforme",1,0.0434214306062352,0.194929885636737,0.0434257731835535,0.0328879581945083
"img_0746","No conforme",1,0.098794281417505,0.199885903084411,0.0988041618336883,0.0313965158440086
"img_0747","No conforme",1,0.0974250647567767,0.204387627434348,0.0974348082376005,0.0336948580035041
"img_0748","No conforme",1,0.0463154426072991,0.198164060837358,0.0463200746147606,0.0327768494190889
"img_0749","Conforme",1,0.0433834381746212,0.182860257005164,0.0433877769523165,0.0273912150124942
"img_0750","Conforme",1,0.0434885554537955,0.177562988482666,0.0434929047442699,0.0254549187334846
"img_0751","Conforme",1,0.0431245862715275,0.187843338199859,0.0431288991614437,0.0292499086626838
"img_0752","No conforme",1,0.105355512319865,0.208075843624364,0.105366048924757,0.0304721051922967
"img_0753","No conforme",1,0.0823174353648498,0.172800901943868,0.082325667931643,0.0222012325690774
"img_0754","No conforme",1,0.0445458645396032,0.183745794277588,0.0445503195715604,0.0275072898774988
"img_0755","Conforme",1,0.0432938878909571,0.194909976569852,0.0432982177127283,0.0328665381936466
"img_0756","Conforme",1,0.043223306801338,0.185105282814775,0.0432276295642944,0.0276441265869141
"img_0757","No conforme",1,0.0452035611970185,0.196815061230502,0.045208082005219,0.0325844882381664
"img_0758","No conforme",1,0.0735446926565153,0.20012005744472,0.0735520478613014,0.0329637658511892
"img_0759","Conforme",1,0.0431786938203276,0.188674579482784,0.0431830121215397,0.0302062099860697
"img_0760","Conforme",1,0.0431213357511342,0.190439078065294,0.0431256483159658,0.0309656626981848
"img_0761","Conforme",1,0.0432906912823531,0.170019412750085,0.0432950207844316,0.0228819458366842
"img_0762","No conforme",1,0.0924997658477598,0.200760200741648,0.0925090167494347,0.0318008034021714
"img_0763","No conforme",1,0.0503882244607463,0.199652615785781,0.050393263787125,0.0314587415448357
"img_0764","Conforme",1,0.0433814139038777,0.178835080059419,0.0433857524791256,0.0262346546307732
"img_0765","Conforme",1,0.0434231300667622,0.187786147673549,0.0434274728140436,0.0296467171702666
"img_0766","Conforme",1,0.0429430916693392,0.196034023450561,0.04294738640798,0.0331636659150965
"img_0767","No conforme",1.00973199580776,0.203465047001858,0.174512177981397,0.203485395541412,0.0251444483857995
"img_0768","Conforme",1,0.0434925295781475,0.175535327113602,0.0434968792660741,0.0242276962818819
"img_0769","No conforme",1,0.0458521682591981,0.206617378812889,0.0458567539345916,0.0368745314833696
"img_0770","Conforme",1,0.0437163089403094,0.18880225305115,0.0437206810084102,0.030348192282284
"img_0771","Conforme",1,0.0435024745959468,0.191036997023855,0.0435068252784746,0.0309987500179515
"img_0772","No conforme",1,0.0457606770573901,0.191610345334546,0.0457652535827483,0.0304509843534582
"img_0773","Conforme",1,0.0435383906173021,0.187492840478409,0.0435427448917913,0.0294650061573701
"img_0774","Conforme",1,0.043267693872628,0.18038351573949,0.0432720210747355,0.0269208724796071
"img_0775","No conforme",1,0.0987064140460448,0.190584635355259,0.0987162856746123,0.0273027228860293
"img_0776","Conforme",1,0.0434189597644647,0.1851685237396,0.0434233020946741,0.0289202919455135
"img_0777","No conforme",1,0.046721775268625,0.187593242830756,0.0467264479134164,0.0280027021879308
"img_0778","No conforme",1.01019158214513,0.221606139585958,0.191616135474873,0.221628302416199,0.0329769888126148
"img_0779","No conforme",1,0.0467298760760358,0.187878506791986,0.0467345495309889,0.0280600216315775
"img_0780","Conforme",1,0.0429747890524496,0.181279949038946,0.0429790869611457,0.0267057151525161
"img_0781","No conforme",1,0.119546434313432,0.187385680580358,0.119558390152448,0.0242507317576688
"img_0782","No conforme",1,0.114959712758639,0.200972673584524,0.114971209879627,0.030104973557416
"img_0783","No conforme",1,0.0461768083371026,0.189220037194427,0.0461814264797506,0.029063949549058
"img_0784","No conforme",1.00228285077951,0.223863640585719,0.171706035400594,0.223886029188638,0.0252430521886489
"img_0785","Conforme",1,0.0435834442165265,0.179077844857238,0.0435878029968261,0.0264475981588924
"img_0786","Conforme",1,0.043434089486905,0.178381804558747,0.043438433330238,0.0260893815523036
"img_0787","No conforme",1,0.0995878535714325,0.196925126905446,0.0995978133527678,0.0301578055707147
"img_0788","No conforme",1,0.0501865012926335,0.209056227928734,0.050191520444678,0.0359696860279757
"img_0789","Conforme",1,0.0434609527120027,0.179184960754541,0.0434652992419269,0.0264617784387925
"img_0790","Conforme",1,0.0434024497430359,0.179221486173896,0.0434067904220782,0.0263595248592601
"img_0791","No conforme",1,0.0784035767667456,0.188897269971439,0.0784114179085365,0.0284886011460248
"img_0792","Conforme",1,0.0433507118512874,0.179133200636557,0.043355047356023,0.0265011481610467
"img_0793","No conforme",1.00493628167028,0.217609247803789,0.184771042101903,0.217631010904879,0.0300082245591108
"img_0794","Conforme",1,0.0432891759211386,0.175685660452199,0.0432935052716658,0.0245339185288372
"img_0795","Conforme",1,0.0430206567376865,0.195202363029984,0.0430249592336099,0.0324729008035098
"img_0796","Conforme",1,0.0431652999944095,0.194385772367367,0.0431696169561051,0.0326921865665212
"img_0797","Conforme",1,0.0432952562073451,0.180611781650908,0.0432995861659617,0.0271886823227826
"img_0798","Conforme",1,0.0435329183923818,0.188701165351007,0.0435372721195938,0.030250725295123
"img_0799","Conforme",1,0.0435689526198075,0.185322102694503,0.0435733099508025,0.0277763562011719
"img_0800","Conforme",1,0.0434861126612472,0.18762881589382,0.043490461707418,0.0293035184972426
"img_0801","No conforme",1,0.109285003527822,0.212817839657907,0.109295933121134,0.0359545484296013
"img_0802","No conforme",1,0.0962862003232346,0.192706471434932,0.0962958299062252,0.0279553149234547
"img_0803","Conforme",1,0.0431780973078314,0.19407969930778,0.0431824155493864,0.0324645242668601
"img_0804","No conforme",1,0.0906057070118948,0.20557272260895,0.0906147684887437,0.0344339676980411
"img_0805","Conforme",1,0.0435300002876494,0.203880906657954,0.0435343537230217,0.0366790590174059
"img_0806","Conforme",1,0.0434816716880001,0.200537314134403,0.0434860202900291,0.0352019166116153
"img_0807","Conforme",1,0.0434782830436459,0.196850861579088,0.0434826313067766,0.033359377710679
"img_0808","No conforme",1,0.0449274561791594,0.198870863085727,0.0449319493740968,0.0337070039816464
"img_0809","No conforme",1.00950720963397,0.221918562577525,0.180016834148373,0.22194075665319,0.0280129335291245
"img_0810","Conforme",1,0.0433761007535883,0.177191093655729,0.0433804387974681,0.0253381258796243
"img_0811","Conforme",1,0.0434034141817874,0.178373692732573,0.0434077549572831,0.0257977584120805
"img_0812","Conforme",1,0.0431412816001658,0.205417355245832,0.0431455961597818,0.037551654806698
"img_0813","Conforme",1,0.0433022816816762,0.190387297597989,0.0433066123429105,0.0309480121388155
"img_0814","No conforme",1,0.044905107257823,0.201893371022959,0.0449095982176447,0.0353417449412627
"img_0815","No conforme",1,0.0453391483565794,0.18607112153534,0.0453436827248518,0.028417460416906
"img_0816","Conforme",1,0.0433488268953298,0.182062039064733,0.043353162211551,0.0277062326229319
"img_0817","No conforme",1.00276562578569,0.204075838125809,0.173664562077645,0.204096247750584,0.0248135751881319
"img_0818","Conforme",1,0.0430198586022473,0.174609817656357,0.0430241610183491,0.0242011905266257
"img_0819","Conforme",1,0.0436342509549741,0.190874492492146,0.0436386148164557,0.0312732610904469
"img_0820","Conforme",1,0.0430616950946118,0.178147182725963,0.0430660016947813,0.0264293492754767
"img_0821","Conforme",1,0.0430131948671385,0.17892423934937,0.0430174966168002,0.0255233670043945
"img_0822","Conforme",1,0.043044902009333,0.188125250541939,0.043049206930026,0.0295390188419118
"img_0823","No conforme",1,0.11847034368719,0.201987083528939,0.11848219190638,0.0308498271627987
"img_0824","No conforme",1,0.0739732617863081,0.205157127115047,0.0739806598522933,0.035649642495548
"img_0825","No conforme",1,0.0446872748645763,0.205239231733597,0.0446917440389802,0.0366985643813189
"img_0826","No conforme",1,0.0737570131642059,0.192279237421335,0.0737643896031662,0.029210658605239
"img_0827","Conforme",1,0.043231893620162,0.180883458889011,0.0432362172418862,0.0268016863295611
"img_0828","No conforme",1,0.0513854941973382,0.201978146460539,0.0513906332606643,0.0336535138118969
"img_0829","Conforme",1,0.043265054634883,0.186412483333463,0.0432693815730403,0.0291191748585421
"img_0830","Conforme",1,0.0433588274931564,0.190220836318959,0.0433631638095374,0.0309899546544692
"img_0831","Conforme",1,0.0434002713978378,0.176383512846173,0.0434046118590237,0.0242993755026424
"img_0832","Conforme",1,0.043439315735207,0.186461170042051,0.0434436601012171,0.0287643686990178
"img_0833","Conforme",1,0.0434712428557498,0.177198935425093,0.0434755904147912,0.0248473206643498
"img_0834","No conforme",1,0.0456618413767296,0.20847000155461,0.0456664080175314,0.0380505972290039
"img_0835","No conforme",1.01601638397311,0.211277324206573,0.172738208130976,0.211298454051978,0.0249541813390395
"img_0836","No conforme",1.00396982929734,0.214371869675898,0.183238216752265,0.214393309006798,0.0292496095006607
"img_0837","Conforme",1,0.0432481075607069,0.19764722957607,0.0432524328039873,0.033650641856474
"img_0838","Conforme",1,0.0434740256932853,0.180482956857108,0.0434783735306383,0.0267976177260455
"img_0839","Conforme",1,0.0433691039887482,0.184995467668517,0.0433734413328815,0.0287385211002125
"img_0840","No conforme",1.00279845820793,0.226309392813796,0.181715728060854,0.226332026016397,0.0289341132309857
"img_0841","Conforme",1,0.0430218182801542,0.198448457603906,0.0430261208922434,0.0340160383516199
"img_0842","No conforme",1,0.111203302680602,0.20086508278454,0.111214424123014,0.0301021016019933
"img_0843","Conforme",1,0.0433594705016071,0.189200650588211,0.0433638068822953,0.0304423086547851
"img_0844","No conforme",1,0.0792664462523568,0.191384406086171,0.0792743736897258,0.0295969964420094
"img_0845","Conforme",1,0.0436957342585834,0.194310292992582,0.0437001042690103,0.0322771291755228
"img_0846","No conforme",1,0.0718457036810771,0.184474095746318,0.0718528889699741,0.0262439884858974
"img_0847","No conforme",1.00097381519152,0.205691107494644,0.16394552326374,0.20571167866251,0.021783004060633
"img_0848","Conforme",1,0.0434898060985337,0.197145702068864,0.0434941555140851,0.0334724011230469
"img_0849","No conforme",1.00743984803715,0.214497765088049,0.174144745785933,0.21451921700975,0.0254687998513614
"img_0850","Conforme",1,0.0434455176563547,0.194610678695402,0.043449862642619,0.0325691113101736
"img_0851","No conforme",1,0.124657216623412,0.192676334920178,0.124669683591771,0.0269859103034524
"img_0852","No conforme",1,0.0467037343131239,0.190837532784895,0.0467084051536393,0.0292737219597312
"img_0853","Conforme",1,0.0431648677949369,0.191922428615701,0.0431691847134082,0.0311911111988741
"img_0854","Conforme",1,0.0435503421769295,0.194746251570027,0.0435546976466942,0.0325222027049344
"img_0855","Conforme",1,0.0431756457596514,0.178071963468803,0.043179963756027,0.0255611212517234
"img_0856","No conforme",1,0.0716326592973288,0.190236932640122,0.0716398232796568,0.0275348127836339
"img_0857","Conforme",1,0.0431721831736545,0.197906972597598,0.0431765008237369,0.0339488465612074
"img_0858","No conforme",1,0.101185667349946,0.184370973301213,0.101195786928639,0.0245198579137466
"img_0859","Conforme",1,0.0431271112009212,0.170451814110164,0.0431314243433556,0.0222535859231388
"img_0860","Conforme",1,0.0433316031328851,0.191609689684989,0.0433359367265577,0.0310171783985811
"img_0861","Conforme",1,0.0433716195609596,0.187239126760271,0.0433759571566752,0.0295333945958755
"img_0862","Conforme",1,0.0434509650841886,0.179941968202561,0.0434553106152501,0.0265618780517578
"img_0863","Conforme",1,0.0434910896999815,0.197952890307948,0.0434954392439059,0.0340968120978861
"img_0864","Conforme",1,0.043523119341723,0.174996741696086,0.0435274720889319,0.0246135554594151
"img_0865","Conforme",1,0.0434654496987128,0.184926078209201,0.0434697966783807,0.0287029208194508
"img_0866","Conforme",1,0.0431890320903659,0.184387206045141,0.0431933514255084,0.0278555144725126
"img_0867","No conforme",1,0.100747049575565,0.196860361317601,0.100757125288094,0.0303070874202953
"img_0868","Conforme",1,0.0434240327996751,0.186584488420128,0.0434283756372388,0.029421807161219
"img_0869","Conforme",1,0.0432625257974522,0.188211464926804,0.0432668524827004,0.0298971756160961
"img_0870","No conforme",1,0.0910897519090105,0.20897613046069,0.09109886179519,0.0326707665656595
"img_0871","Conforme",1,0.043435400689848,0.182650936811942,0.0434397446643144,0.0269696358893898
"img_0872","Conforme",1,0.0431774202359377,0.18297515057499,0.0431817384097787,0.0277388412834616
"img_0873","Conforme",1,0.0431074516951679,0.186416539733222,0.0431117628714551,0.0292468572100471
"img_0874","Conforme",1,0.043648609938509,0.192936597087124,0.0436529752360326,0.0320818362067727
"img_0875","No conforme",1,0.0559840841649055,0.188239327307398,0.0559896831332188,0.0281735835355871
"img_0876","No conforme",1,0.119187056620121,0.185254827351164,0.119198976517773,0.0231455075791303
"img_0877","Conforme",1,0.0431100866386973,0.187646314519898,0.0431143980785051,0.0298919103644876
"img_0878","No conforme",1.00437748142115,0.214973486752596,0.180114491360429,0.214994986251222,0.0282246804091509
"img_0879","No conforme",1.00191791331032,0.210483944952545,0.164502332994803,0.21050499545209,0.0221230316162109
"img_0880","Conforme",1,0.0431364490107778,0.173073919108002,0.0431407630870865,0.0240414978386374
"img_0881","Conforme",1,0.0434255574200919,0.173497801109077,0.0434299004101329,0.0243823032154756
"img_0882","No conforme",1,0.0457639177373255,0.198479767081912,0.0457684945867841,0.0331649822279986
"img_0883","No conforme",1,0.0492550515792444,0.205191117193342,0.0492599775770021,0.033869807954676
"img_0884","Conforme",1,0.0430479652728767,0.199578398356523,0.0430522704999267,0.0347781236895393
"img_0885","Conforme",1,0.0434655762148243,0.192732980572102,0.043469923207145,0.0314124910960478
"img_0886","Conforme",1,0.0433688496335992,0.168871926781733,0.0433731869522945,0.0226393254358628
"img_0887","No conforme",1,0.0761727690420915,0.182395497652146,0.0761803870807996,0.0249966623463351
"img_0888","No conforme",1.00392937883518,0.21289782780204,0.168882394956424,0.212919119714011,0.0239163882805319
"img_0889","Conforme",1,0.0433822366254002,0.187037676591822,0.0433865752829285,0.0293180577715706
"img_0890","No conforme",1,0.113473505220154,0.205463816805197,0.113484853705524,0.0322712057674632
"img_0891","No conforme",1,0.110142641911396,0.213361992187418,0.110153657277124,0.0315839707677505
"img_0892","Conforme",1,0.0429290445860006,0.183731152009282,0.0429333379197925,0.0279897783885282
"img_0893","Conforme",1,0.0434026703099082,0.189785098569734,0.0434070110110093,0.0305439639102711
"img_0894","No conforme",1,0.100778924704935,0.192487068336192,0.100789003605296,0.0282112181181066
"img_0895","Conforme",1,0.0434048189246617,0.207377598147939,0.0434091598406458,0.0383726750631893
"img_0896","No conforme",1,0.0450429732514955,0.191392660595264,0.0450474779992954,0.03059422313017
"img_0897","No conforme",1.00262584225129,0.22002518295847,0.188365426151115,0.220047187677237,0.0318465751917222
"img_0898","No conforme",1,0.0971941989488235,0.197437911236049,0.0972039193407575,0.0302339123894186
"img_0899","Conforme",1,0.0435088579612294,0.205770206198451,0.0435132092821576,0.0376347021843406
"img_0900","No conforme",1,0.112498242545481,0.194451392462316,0.11250949349483,0.0267407171092314
"img_0901","Conforme",1,0.0433805896153462,0.182141279223323,0.043384928108157,0.0268247816377527
"img_0902","No conforme",1,0.0445508729247384,0.191498910636648,0.0445553284575842,0.0301954999856388
"img_0903","No conforme",1,0.0791729777987228,0.192795676438799,0.0791808958883116,0.0303526797126321
"img_0904","Conforme",1,0.0431684690891008,0.184996278583645,0.0431727863677376,0.0285023625990923
"img_0905","No conforme",1,0.11170825194863,0.212547053975863,0.111719423891019,0.0358057452392577
"img_0906","No conforme",1,0.0945244322080951,0.198081947712605,0.0945338855966547,0.0302142873606963
"img_0907","Conforme",1,0.0434731710436986,0.192818309734875,0.0434775187955782,0.0315840306001551
"img_0908","Conforme",1,0.0431123578951284,0.18959437525723,0.0431166695620846,0.0303548336791992
"img_0909","Conforme",1,0.0432671407046612,0.186254787709389,0.0432714678514463,0.0288155852373909
"img_0910","No conforme",1,0.116788856518924,0.19277160374994,0.116800536572581,0.0263343952493107
"img_0911","No conforme",1,0.102486824246648,0.192786782921311,0.102497073954044,0.0285811618760052
"img_0912","No conforme",1,0.104097332787764,0.188785149000248,0.10410774356212,0.0269260180664063
"img_0913","Conforme",1,0.04303802635705,0.195949597977063,0.0430423305901091,0.0331849662511489
"img_0914","Conforme",1,0.0430346558898028,0.185340124811035,0.0430389597857814,0.028310480077407
"img_0915","No conforme",1,0.0954944915819668,0.197206525285544,0.0955040419861654,0.0299403147798425
"img_0916","Conforme",1,0.0430228385878285,0.18942708745412,0.0430271413019587,0.0304097598266602
"img_0917","Conforme",1,0.0433362061966779,0.192150643141257,0.0433405402507029,0.0312758338838466
"img_0918","No conforme",1.01159820151236,0.217317677721269,0.182133436263634,0.217339411662435,0.0289318395996093
"img_0919","Conforme",1,0.0435028633010496,0.19023203207283,0.0435072140224518,0.0307974738087373
"img_0920","No conforme",1,0.0524647997029539,0.197392310663755,0.0524700467076247,0.0305258346916647
"img_0921","Conforme",1,0.0430783462252274,0.201230335056022,0.0430826544906764,0.0355646804809571
"img_0922","Conforme",1,0.0432080127553333,0.192039060021527,0.0432123339887321,0.0313752753403608
"img_0923","Conforme",1,0.0433548540173343,0.179748791012448,0.043359189936328,0.026091296189252
"img_0924","No conforme",1,0.045953274016994,0.19513161039445,0.0459578698039744,0.0317141062478458
"img_0925","Conforme",1,0.0432199728884157,0.194978799115599,0.0432242953179475,0.0327903715425378
"img_0926","Conforme",1,0.0431871039073103,0.185203582839335,0.0431914230496153,0.0285705117079791
"img_0927","Conforme",1,0.0434352755041936,0.194212788753336,0.0434396194661402,0.0325381181245692
"img_0928","No conforme",1,0.117082908570979,0.200469129804188,0.117094618032782,0.0299274508128446
"img_0929","No conforme",1,0.0756253092058419,0.183187461130884,0.0756328724930912,0.0252788917990292
"img_0930","Conforme",1,0.0432929053251721,0.194718604906736,0.0432972350486769,0.0326637063419117
"img_0931","No conforme",1,0.04664333271783,0.198446335535495,0.0466479975175818,0.0320243970983169
"img_0932","Conforme",1,0.0435130619199199,0.190927619657811,0.043517413661286,0.0312200700827207
"img_0933","Conforme",1,0.0431206576026678,0.185654748152203,0.0431249700996778,0.0282229452694163
"img_0934","Conforme",1,0.0433296846847894,0.176403206278965,0.0433340180865981,0.0257356523760627
"img_0935","No conforme",1.00676901947319,0.221740343892429,0.191932795194856,0.221762520144444,0.0331749742395737
"img_0936","Conforme",1,0.0434392741987536,0.200580316666728,0.0434436185606096,0.0353263081808651
"img_0937","Conforme",1,0.0432161713107321,0.192275639857795,0.0432204933600681,0.0312393361170151
"img_0938","Conforme",1,0.0435642744886664,0.178471950842232,0.0435686313518016,0.0261389826157513
"img_0939","Conforme",1,0.0434738635575973,0.19480911832794,0.0434782113787352,0.0325359043255975
"img_0940","No conforme",1,0.112764113378634,0.206357132929019,0.112775390917726,0.032740112322639
"img_0941","Conforme",1,0.0430826039368052,0.17067677538447,0.043086912628068,0.0226707374482996
"img_0942","Conforme",1,0.0433011623958893,0.173694777805622,0.0433054929451838,0.0244938906501321
"img_0943","Conforme",1,0.0431294942583937,0.189591801182393,0.0431338076391576,0.0305587425142175
"img_0944","No conforme",1.00709695981586,0.216188041478249,0.19257427260082,0.216209662444494,0.0340070036585191
"img_0945","Conforme",1,0.0433618849643586,0.175935780623472,0.0433662215865173,0.0254718513039981
"img_0946","Conforme",1,0.0431961132705648,0.184076745004409,0.0432004333138962,0.0285550151151769
"img_0947","No conforme",1,0.045061176603945,0.178722634228788,0.0450656831722622,0.024792514181698
"img_0948","No conforme",1,0.100790486156285,0.198925714639688,0.100800566212907,0.0312179759485581
"img_0949","No conforme",1,0.0766694630841867,0.198450034320138,0.0766771307972664,0.0326801602531882
"img_0950","Conforme",1,0.0431971035838949,0.180270866921024,0.0432014237262676,0.0265856913488051
"img_0951","No conforme",1.00937663698271,0.228082905315569,0.185404637210794,0.228105715887158,0.0308129105691348
"img_0952","No conforme",1,0.0451275085917254,0.182849849541923,0.0451320217939048,0.0272629343369428
"img_0953","Conforme",1,0.0433931670199282,0.197431697760144,0.0433975067706052,0.0337771873922909
"img_0954","No conforme",1,0.103284625568043,0.191189756300782,0.10329495506355,0.0279084661506204
"img_0955","No conforme",1,0.0573660057793789,0.201115877697775,0.0573717429536743,0.0315376604865579
"img_0956","No conforme",1.00936197846204,0.225975615210216,0.178371644378078,0.225998215031719,0.0277632529045553
"img_0957","Conforme",1,0.0434392253857019,0.188496711689761,0.0434435697426762,0.0301106576358571
"img_0958","No conforme",1,0.0460087448102401,0.192859330613534,0.0460133461448546,0.0302925481459673
"img_0959","No conforme",1,0.0960550108632555,0.205247603869677,0.096064617324988,0.0338145826451919
"img_0960","Conforme",1,0.0434367165802144,0.200947423950211,0.043441060686283,0.0354617089125688
"img_0961","Conforme",1,0.0429412102118966,0.18522727266375,0.0429455047623729,0.0289573282039867
"img_0962","No conforme",1,0.0786413794192752,0.196922176792285,0.0786492443437096,0.0306109163710651
"img_0963","Conforme",1,0.04323290011979,0.171739955740328,0.0432372238421742,0.0228661500818589
"img_0964","Conforme",1,0.0433048014693361,0.185906714183223,0.0433091323825743,0.0291015242991728
"img_0965","No conforme",1,0.0609895055150203,0.196532703707038,0.0609956050755278,0.0314228421020508
"img_0966","Conforme",1,0.0434561797565953,0.179248156502201,0.0434605258091762,0.0267419137573242
"img_0967","No conforme",1.00358228397742,0.206351793367681,0.164326714690658,0.206372430610742,0.0218650342873966
"img_0968","Conforme",1,0.0433852115230179,0.186721250261391,0.0433895504780657,0.0285655456183939
"img_0969","Conforme",1,0.0431911695727931,0.178059478038063,0.0431954891217053,0.0251699968225816
"img_0970","Conforme",1,0.0433175365205753,0.18740134465608,0.0433218687074461,0.0292025812306124
"img_0971","No conforme",1,0.0949282546181276,0.202300993055475,0.094937748392967,0.0323599372235467
"img_0972","No conforme",1,0.112466438736611,0.200604150957873,0.112477686505262,0.0297784082928826
"img_0973","Conforme",1,0.0427984947153083,0.187211108012909,0.0428027749928076,0.0296862663897346
"img_0974","No conforme",1,0.100866106361049,0.206934884190949,0.100876193980447,0.0307158025764017
"img_0975","No conforme",1.00641544018545,0.215879597932308,0.171276959640054,0.215901188051113,0.0248898615040498
"img_0976","Conforme",1,0.0432937623399424,0.180523069692172,0.0432980921491573,0.026663174312816
"img_0977","Conforme",1,0.0432113263261502,0.19427696002653,0.0432156478909393,0.0326481499167049
"img_0978","Conforme",1,0.0434981269929399,0.197510171468214,0.043502477240664,0.0337236373901367
"img_0979","No conforme",1.00302837105515,0.224230028563569,0.179449045917383,0.22425245380895,0.0282937270041073
"img_0980","Conforme",1,0.0432759407489108,0.198376845029545,0.0432802687757884,0.0342835490327723
"img_0981","No conforme",1,0.0529913459804234,0.202002036981587,0.0529966456449879,0.0328319550637638
"img_0982","No conforme",1,0.0452548103984,0.177823522788099,0.0452593363320332,0.0245561761833639
"img_0983","No conforme",1,0.0470509283843601,0.198917046270969,0.0470556339477548,0.0328527767405791
"img_0984","Conforme",1,0.0432372802226206,0.188974961123336,0.0432416043830589,0.0299955400893268
"img_0985","Conforme",1,0.0434722169903436,0.187917928950643,0.0434765646468083,0.0299029793593464
"img_0986","Conforme",1,0.0434274581962566,0.169863947402287,0.0434318013763942,0.0229484794706457
"img_0987","Conforme",1,0.0434496188495762,0.17592657957432,0.0434539642460008,0.0242862123736213
"img_0988","Conforme",1,0.0433271461634976,0.203005770915296,0.0433314793114287,0.0364579184498506
"img_0989","Conforme",1,0.0434496031395786,0.200724780542983,0.043453948534432,0.0354669741641774
"img_0990","Conforme",1,0.0431333990193052,0.180887742013113,0.0431377127905842,0.0268953240428251
"img_0991","Conforme",1,0.0430584498830347,0.191763972463363,0.0430627561586505,0.0308906926951689
"img_0992","Conforme",1,0.0431474598942847,0.191442071789201,0.0431517750717919,0.0310567874504538
"img_0993","No conforme",1,0.0761014410348491,0.19509670511306,0.0761090519400431,0.0309591409660788
"img_0994","No conforme",1,0.125530520165928,0.183922009974425,0.125543074473375,0.0232261616605871
"img_0995","Conforme",1,0.0433088302285754,0.199212540418621,0.0433131615447299,0.0344141631721048
"img_0996","No conforme",1,0.120324183083764,0.199207262546619,0.120336216705435,0.0296902751608455
"img_0997","Conforme",1,0.0431822724381401,0.194331812944957,0.0431865910972498,0.0323931442081227
"img_0998","Conforme",1,0.0429786643696475,0.189444629398385,0.042982962665914,0.0299565293615004
"img_0999","Conforme",1,0.043031829554046,0.174336082998843,0.0430361331673628,0.024461700816435
"img_1000","No conforme",1,0.077037370133868,0.189884696940194,0.0770450746413321,0.0286195742797851
"img_1001","Conforme",1,0.0431923979079017,0.178002256211705,0.0431967175796597,0.0262319023401597
"img_1002","No conforme",1,0.0460909791019574,0.196590870378519,0.0460955886608235,0.0318310187665154
"img_1003","Conforme",1,0.0433591366840178,0.185955828265276,0.0433634730313209,0.0285238424323587
"img_1004","No conforme",1,0.0451371756982648,0.170412763291504,0.0451416898672515,0.0227967444924747
"img_1005","No conforme",1,0.0725930585634241,0.20135656455948,0.0726003185952837,0.0318394551355698
"img_1006","Conforme",1,0.0435849538121067,0.197005941765075,0.043589312743381,0.033745954877068
"img_1007","Conforme",1,0.0432029406680397,0.182876845093786,0.0432072613941791,0.0273610594805549
"img_1008","Conforme",1,0.0434352970629744,0.186184429397568,0.0434396410270771,0.0285561519308651
"img_1009","Conforme",1,0.0432609940891819,0.182052521616324,0.043265320621244,0.0275328383142808
"img_1010","Conforme",1,0.0429838187445857,0.181966838635848,0.0429881175563414,0.027183117909151
"img_1011","No conforme",1,0.045104199316986,0.201008450480878,0.0451087101880048,0.0344063849595014
"img_1012","No conforme",1,0.058568550254845,0.184395683324434,0.0585744076956145,0.0268085072236902
"img_1013","No conforme",1,0.046484480084647,0.201196497699537,0.0464891289975468,0.0340753322646197
"img_1014","Conforme",1,0.0434508756007605,0.184087168883684,0.0434552211228728,0.0278820202277689
"img_1015","No conforme",1,0.117233255190423,0.200522969915807,0.117244979688392,0.0299223650584501
"img_1016","Conforme",1,0.0433661225168,0.181707914551451,0.0433704595627563,0.0271712710930319
"img_1017","Conforme",1,0.0432652505817156,0.18333137905579,0.0432695775394695,0.0273681197043026
"img_1018","Conforme",1,0.0432844188019684,0.184752814064889,0.0432887476767361,0.0288424499870749
"img_1019","Conforme",1,0.043175805457306,0.189234552630427,0.043180123469653,0.0304552324541877
"img_1020","Conforme",1,0.0435588148282668,0.170086988349198,0.0435631711453814,0.0228458668966854
"img_1021","Conforme",1,0.0437327012527091,0.179601295037824,0.0437370749602051,0.0263773549158433
"img_1022","No conforme",1,0.0772517163487946,0.19060260491315,0.0772594422930239,0.0275019647934858
"img_1023","Conforme",1,0.0432527157573511,0.197689112848072,0.0432570414614973,0.0339440599688362
"img_1024","No conforme",1,0.0448076455875824,0.192071802424272,0.0448121268002625,0.0311455787389419
"img_1025","Conforme",1,0.0433950567712107,0.186975403809167,0.0433993967108818,0.0293102197265626
"img_1026","No conforme",1.01074053137366,0.210854408091715,0.190273713224181,0.210875495641279,0.0321658409028895
"img_1027","Conforme",1,0.0433386087781426,0.172717287319967,0.0433429430724499,0.0235969430721508
"img_1028","Conforme",1,0.0433840246770399,0.191424380865878,0.0433883635133912,0.0308990692318187
"img_1029","Conforme",1,0.043207713414916,0.171175547314566,0.0432120346183779,0.0237262408985811
"img_1030","Conforme",1,0.0431611671160664,0.197315863964096,0.0431654836644328,0.0336042717428768
"img_1031","No conforme",1.01273917170405,0.204679318267781,0.176509434413611,0.204699788246606,0.0261930112771427
"img_1032","No conforme",1,0.075064605364937,0.199547447012836,0.0750721125761947,0.0328877188648897
"img_1033","Conforme",1,0.0432729000266427,0.189369525662625,0.0432772277494176,0.0306434053667853
"img_1034","No conforme",1,0.0969490952969733,0.204690534962077,0.0969587911760909,0.0336630869966394
"img_1035","Conforme",1,0.043339175372886,0.184550734871694,0.0433435097238584,0.0279795470473345
"img_1036","No conforme",1,0.100420884330994,0.195449510719659,0.100430927423736,0.0272844141702091
"img_1037","Conforme",1,0.0431445746536755,0.198691111535248,0.0431488895426298,0.0345094761926987
"img_1038","No conforme",1,0.0791463682242323,0.192783178746004,0.0791542836525976,0.0303157631189683
"img_1039","No conforme",1,0.04479245676669,0.198313702447098,0.044796936460336,0.0338001032032685
"img_1040","No conforme",1,0.0484802062171479,0.189170116421777,0.0484850547226201,0.0270055951645795
"img_1041","Conforme",1,0.0433914034666547,0.171846699407294,0.0433957430409588,0.0238743261000689
"img_1042","Conforme",1,0.0431024090406679,0.205112891151664,0.0431067197126392,0.0374800952507467
"img_1043","Conforme",1,0.0428991901901143,0.19680543451073,0.0429034805381681,0.0337346465525908
"img_1044","Conforme",1,0.0437938873335314,0.178657182226936,0.0437982671602474,0.0261203149055032
"img_1045","Conforme",1,0.0434085932366604,0.198175505296626,0.0434129345301134,0.0335498840870577
"img_1046","No conforme",1,0.120092067060622,0.191325048518165,0.120104077468369,0.0265451249784582
"img_1047","No conforme",1,0.116148929469597,0.194458236156532,0.11616054552415,0.0270322804170496
"img_1048","Conforme",1,0.0433580424721089,0.185830184742409,0.0433623787099799,0.0292125134097828
"img_1049","Conforme",1,0.043373408008743,0.178201010867477,0.0433777457833214,0.025242693194221
"img_1050","Conforme",1,0.0433263621767837,0.191250039437089,0.0433306952463083,0.0312301219267004
"img_1051","Conforme",1,0.0432364377986439,0.195293292438888,0.0432407618748314,0.0326071647195255
"img_1052","Conforme",1,0.0429701453668002,0.19803235963021,0.0429744428110813,0.0342498035565544
"img_1053","No conforme",1.00188531029065,0.230152871134549,0.18668518965308,0.230175888723422,0.0311297829841165
"img_1054","No conforme",1.01475464987745,0.204257762891972,0.18208373902188,0.204278190711043,0.0290202718936696
"img_1055","Conforme",1,0.0430495688450806,0.178347533553677,0.0430538742325038,0.0260368487010282
"img_1056","No conforme",1,0.0935599567852202,0.189365575181491,0.0935693137165918,0.025118840116613
"img_1057","No conforme",1,0.0769558247768085,0.191341444104095,0.0769635211289214,0.0275832770313936
"img_1058","Conforme",1,0.0432753427701205,0.193338948267008,0.0432796707371942,0.0321897738647461
"img_1059","Conforme",1,0.0434517615978203,0.195005089314836,0.0434561072085411,0.0326908104212144
"img_1060","Conforme",1,0.0434154328397163,0.196652786611734,0.043419774817198,0.0335759111830768
"img_1061","Conforme",1,0.0438287221138436,0.181189247152961,0.0438331054243861,0.0272427109841739
"img_1062","Conforme",1,0.0431365395518974,0.194756445447471,0.0431408536372611,0.0326442009779986
"img_1063","No conforme",1,0.0528789143955525,0.196679586417705,0.0528842028158341,0.030730940174776
"img_1064","No conforme",1.00294899685763,0.223559755414744,0.195933751969884,0.223582113626107,0.035275749798943
"img_1065","No conforme",1,0.120950828445261,0.192500061289648,0.120962924737735,0.0266255995627011
"img_1066","Conforme",1,0.0433006371832497,0.1788916720267,0.0433049676800177,0.0263083083208869
"img_1067","No conforme",1,0.102388960680263,0.195229763530932,0.102399200600323,0.0295628919713637
"img_1068","No conforme",1,0.0949085155773095,0.204285663919869,0.0949180073780473,0.0333611128504137
"img_1069","Conforme",1,0.0434947671202444,0.188053729038387,0.0434991170319476,0.0291910934089211
"img_1070","No conforme",1,0.0481502978048087,0.183202038622685,0.0481551133161403,0.0244837789737476
"img_1071","Conforme",1,0.0432700382770779,0.193273289102442,0.0432743657136492,0.0320603563735063
"img_1072","No conforme",1,0.0451080697326755,0.199918868468028,0.0451125809907746,0.0339670356122185
"img_1073","No conforme",1,0.0906905606663781,0.197500715045524,0.090699630629441,0.0280974168844783
"img_1074","Conforme",1,0.0433067587796683,0.196984609582685,0.0433110898886572,0.0336602150412167
"img_1075","Conforme",1,0.0434828357904177,0.210178808281356,0.0434871845088686,0.039863818251666
"img_1076","Conforme",1,0.0432257777017432,0.19264907987406,0.0432301007118144,0.0318711663100298
"img_1077","No conforme",1,0.0721706371589262,0.197702632097146,0.0721778549444207,0.0287301445635627
"img_1078","No conforme",1.00669666773813,0.213706074310665,0.170298559688112,0.213727447055371,0.0243242059505687
"img_1079","Conforme",1,0.0432000085442374,0.179704837188016,0.0432043289771351,0.0268126954920151
"img_1080","Conforme",1,0.0433713262292091,0.186390942480407,0.0433756637955887,0.0289852699369543
"img_1081","Conforme",1,0.0435685439592009,0.177912501072826,0.0435729012493259,0.0255099645457548
"img_1082","Conforme",1,0.0435351035683137,0.191204228242013,0.0435394575140651,0.0310129302978516
"img_1083","Conforme",1,0.043224819575699,0.188487836852786,0.043229142489948,0.0301303424969842
"img_1084","No conforme",1,0.0764303946664167,0.202471338423251,0.0764380384702637,0.0346372183766085
"img_1085","Conforme",1,0.0433212694526219,0.190519683187127,0.0433256020128232,0.0311211072854434
"img_1086","Conforme",1,0.0436444827676351,0.181206382522706,0.0436488476524003,0.0270573501945944
"img_1087","Conforme",1,0.043469309804381,0.178704359960106,0.043473657170098,0.0262759389899758
"img_1088","No conforme",1.01621874269689,0.217749274301389,0.198859285789058,0.21777105140653,0.0365320507992015
"img_1089","No conforme",1,0.0509895789306577,0.214472144900247,0.0509946783984975,0.0393425583424288
"img_1090","Conforme",1,0.0435117790406296,0.185882344080067,0.043516130653695,0.0280460208488914
"img_1091","No conforme",1,0.0464892165823479,0.201599565884384,0.0464938659689448,0.0341543110387464
"img_1092","Conforme",1,0.0431001687292467,0.187047901206347,0.0431044791771645,0.0296397167789234
"img_1093","Conforme",1,0.0433563487793133,0.198245927712999,0.0433606848477981,0.0343073623298197
"img_1094","No conforme",1,0.0465971264645157,0.178607877232765,0.04660178664318,0.0246002726655847
"img_1095","No conforme",1,0.0802573546199464,0.191468320146764,0.0802653811580622,0.0298448820944394
"img_1096","No conforme",1,0.1209830854753,0.191742406204802,0.120995184993799,0.0269349929271026
"img_1097","Conforme",1,0.0436456650437847,0.176462655653133,0.0436500300467894,0.0254194381175321
"img_1098","Conforme",1,0.0434776268454789,0.195456909954601,0.0434819750429832,0.0327805590281767
"img_1099","Conforme",1,0.0434059482211385,0.195889996632504,0.0434102892500635,0.0329503633925494
"img_1100","Conforme",1,0.0435168889192626,0.181182092861284,0.043521241043367,0.0271372862871955
"img_1101","No conforme",1,0.0703454537483674,0.209149364838079,0.0703524889972672,0.0366879142132928
"img_1102","Conforme",1,0.0430286483635614,0.186496708200825,0.0430329516587273,0.0294954608513328
"img_1103","Conforme",1,0.0433970009345189,0.173959227094709,0.0434013410686258,0.0239246451523725
"img_1104","No conforme",1.01510461144321,0.21719174128628,0.174822050294901,0.217213462632543,0.0264388027954102
"img_1105","Conforme",1,0.0432258699950425,0.200279400616829,0.043230193014344,0.0348664961511949
"img_1106","No conforme",1,0.0485696815174155,0.197014507717443,0.0485745389713126,0.0298194533224667
"img_1107","Conforme",1,0.0433378769990202,0.195055486601627,0.0433422112201422,0.0326611933809168
"img_1108","No conforme",1,0.108908457921751,0.20652017004606,0.108919349856737,0.0328084409287396
"img_1109","Conforme",1,0.0431463224259934,0.185080035655052,0.0431506374897423,0.0289666022267061
"img_1110","Conforme",1,0.0435577835537429,0.19702317473967,0.0435621397677197,0.0337507414694393
"img_1111","Conforme",1,0.0436164502824945,0.195260703361536,0.0436208123637308,0.0329210455142751
"img_1112","No conforme",1,0.0566005261637599,0.191469925680767,0.0566061867824381,0.0280885018561868
"img_1113","No conforme",1,0.0484640192616108,0.200971729883369,0.0484688661482256,0.0320548517922794
"img_1114","Conforme",1,0.0433608809356769,0.176698224668741,0.0433652174574227,0.0249817640775792
"img_1115","No conforme",1,0.0554252407767804,0.191490959252072,0.0554307838551659,0.0280009670481961
"img_1116","No conforme",1,0.0464637700521714,0.1984105546312,0.0464684168938607,0.0325303997443703
"img_1117","No conforme",1,0.0510606925394585,0.193161670233006,0.0510657991193704,0.0300684757905848
"img_1118","No conforme",1,0.098152521460043,0.200245001408847,0.0981623376938124,0.0317317568072151
"img_1119","Conforme",1,0.043122235517127,0.183250916619003,0.0431265481719441,0.0279805043658088
"img_1120","Conforme",1,0.0433894986583822,0.209717358120938,0.0433938380421864,0.0396528491928998
"img_1121","No conforme",1.00690448791715,0.20357337934201,0.173880338248513,0.203593738715882,0.0252271367690142
"img_1122","Conforme",1,0.0433915372614691,0.193937800911748,0.043395876849154,0.0322826337567498
"img_1123","No conforme",1.00492069308486,0.215718876245667,0.176248683665877,0.215740450290696,0.026712236884622
"img_1124","Conforme",1,0.0429114120370796,0.170418657868784,0.0429157036074404,0.0227672471169864
"img_1125","Conforme",1,0.0433364858217252,0.185479768692854,0.0433408199037156,0.0291195338529698
"img_1126","No conforme",1,0.116000275629733,0.183141861624463,0.116011876817415,0.0224469642549403
"img_1127","Conforme",1,0.0433872515832259,0.190889646327858,0.0433915907423001,0.0312240788538315
"img_1128","Conforme",1,0.0434737462807342,0.196111241647664,0.0434780940901433,0.0331341685396083
"img_1129","Conforme",1,0.0437867280977108,0.198807014127388,0.0437911072084316,0.0345463927863626
"img_1130","No conforme",1,0.0546760553977666,0.195241267983052,0.0546815235501217,0.0295503271663891
"img_1131","No conforme",1.00699876492384,0.228103360269492,0.189348418587753,0.228126172886781,0.0324440017520681
"img_1132","No conforme",1,0.0519696322102772,0.212112051380971,0.0519748296932465,0.0380490415864833
"img_1133","Conforme",1,0.0430631237580782,0.207691510750518,0.0430674305011283,0.0386225351849724
"img_1134","No conforme",1,0.083785577003815,0.196408204575712,0.0837939563994549,0.0290607784316119
"img_1135","No conforme",1.00759480130502,0.217413897732994,0.173630396578121,0.217435641297124,0.0258973793658088
"img_1136","Conforme",1,0.0432117158833394,0.190077781917242,0.0432160374870881,0.030607087097168
"img_1137","No conforme",1.00562274559728,0.202001928030332,0.163914184271522,0.202022130243356,0.0216170888025621
"img_1138","Conforme",1,0.0434146050151319,0.178569685587644,0.0434189469098228,0.0257236260627298
"img_1139","Conforme",1,0.0432621400582792,0.188099792242859,0.0432664667049497,0.0291502877089557
"img_1140","No conforme",1,0.0779351370879425,0.199872704633485,0.0779429313810806,0.0293699324663947
"img_1141","No conforme",1,0.108887858314879,0.198974670019553,0.108898748189698,0.0295381811882468
"img_1142","No conforme",1.01213669754072,0.222700294969613,0.179554376497392,0.222722567226336,0.0286079667932846
"img_1143","Conforme",1,0.0430763366971805,0.176594823435561,0.0430806447616567,0.0254317037604836
"img_1144","Conforme",1,0.0432266262240669,0.166879317724128,0.0432309493189987,0.0218766417738971
"img_1145","Conforme",1,0.0435778411209207,0.185510117623358,0.0435821993408547,0.0290537182078642
"img_1146","Conforme",1,0.0431448041838904,0.185601137269554,0.0431491190958,0.0289727051319796
"img_1147","No conforme",1,0.115018660998405,0.205779133827917,0.115030164014807,0.0325075437657975
"img_1148","Conforme",1,0.0434807366030198,0.189699295158429,0.0434850851115309,0.0307872424675436
"img_1149","Conforme",1,0.0433358338271159,0.182765641095144,0.0433401678439003,0.0281356497910443
"img_1150","Conforme",1,0.0433089206623403,0.189116815093421,0.0433132519875391,0.0299525804227941
"img_1151","Conforme",1,0.0432744437205835,0.187610461640766,0.0432787715977432,0.0295468568869198
"img_1152","Conforme",1,0.0432412040668892,0.186808431387108,0.0432455286197512,0.0292816198371438
"img_1153","Conforme",1,0.0431462214345521,0.179409462187848,0.0431505364882009,0.0266361898983226
"img_1154","Conforme",1,0.0433067452560014,0.185784943414688,0.0433110763636377,0.0292210694436466
"img_1155","Conforme",1,0.0435416699125082,0.17630720524321,0.0435460245149596,0.0243185817045324
"img_1156","Conforme",1,0.043201414453902,0.200568609149508,0.0432057350274048,0.0352566034294577
"img_1157","No conforme",1,0.0806333545681358,0.189972875911375,0.0806414187100069,0.0273634527767406
"img_1158","Conforme",1,0.0431675231635159,0.194175407011844,0.0431718403475507,0.0322710262702494
"img_1159","No conforme",1,0.0763728912020079,0.194019940305012,0.0763805292549334,0.0306647655352424
"img_1160","Conforme",1,0.0433340915335288,0.198026923094784,0.0433384253760664,0.0340418261180205
"img_1161","No conforme",1,0.0485160880775581,0.178908831882469,0.0485209401715753,0.0223112045288086
"img_1162","Conforme",1,0.0432724311291692,0.189190824988122,0.0432767588050497,0.0302259546796013
"img_1163","Conforme",1,0.0433432861534235,0.179481958257325,0.0433476209155151,0.0254598848230699
"img_1164","Conforme",1,0.0435643345728347,0.197115970383282,0.0435686914419789,0.0339083998556698
"img_1165","Conforme",1,0.0433287820099916,0.179321407447977,0.0433331153215238,0.0266559944242589
"img_1166","No conforme",1,0.044763575020177,0.192180999180217,0.0447680518253595,0.0304803620641372
"img_1167","Conforme",1,0.0432342265261052,0.194499013486663,0.0432385503811433,0.0324983295754825
"img_1168","Conforme",1,0.0432056023460042,0.169097198414338,0.043209923338338,0.0225766809082031
"img_1169","No conforme",1.00920245398773,0.225338126195768,0.181256391548535,0.225360662261994,0.0287503679163316
"img_1170","No conforme",1,0.046262983594527,0.203926669125841,0.0462676103555625,0.035232670467601
"img_1171","Conforme",1,0.0435856214935442,0.198959097317226,0.0435899804915934,0.0345164167516372
"img_1172","No conforme",1,0.103543826699753,0.217341426581667,0.103554182117964,0.0385226749016256
"img_1173","Conforme",1,0.0432728412041372,0.182381294539804,0.0432771689210293,0.0278945850327436
"img_1174","No conforme",1,0.0790956498255455,0.17775749701841,0.0791035601815637,0.0236151321231618
"img_1175","Conforme",1,0.0431823272845687,0.191111959975056,0.0431866459491636,0.0309975533698587
"img_1176","No conforme",1.00342628222023,0.218495967911975,0.176718576671478,0.218517819693945,0.0270617777925378
"img_1177","No conforme",1,0.0475566113008315,0.187478087391421,0.0475613674375753,0.0260432507683249
"img_1178","Conforme",1,0.0432963968548619,0.19749147995892,0.0433007269275546,0.0339868999705595
"img_1179","Conforme",1,0.0434769508365868,0.187034117484926,0.0434812989664835,0.0290291270895565
"img_1180","No conforme",1,0.0455430163629233,0.203366169237899,0.0455475711200353,0.0353363600248449
"img_1181","No conforme",1,0.109204673426479,0.207806456052651,0.109215594985978,0.0332508417286591
"img_1182","Conforme",1,0.0433130448422045,0.182264285904709,0.0433173765798625,0.0274669030043657
"img_1183","Conforme",1,0.043520849410112,0.198848896776176,0.043525201930305,0.0342520173555262
"img_1184","Conforme",1,0.0431580999914314,0.203236867489183,0.0431624162330547,0.0365634029792337
"img_1185","No conforme",1,0.0444312731887658,0.188264268888945,0.0444357167604418,0.0290802837955251
"img_1186","No conforme",1.00834452330712,0.214289126810617,0.189968822667149,0.214310557866404,0.0322906512989717
"img_1187","Conforme",1,0.0429812479171667,0.186998019198973,0.0429855464718139,0.0292253773767808
"img_1188","Conforme",1,0.0432903025415515,0.198035054101563,0.0432946320047519,0.0337612719726562
"img_1189","No conforme",1.00870942201108,0.225672410852304,0.193853440957515,0.225694980350339,0.0342666164622587
"img_1190","Conforme",1,0.0436201815983318,0.197260081150037,0.0436245440527371,0.0334085001148897
"img_1191","Conforme",1,0.0435152480041969,0.170908720344729,0.0435195999641933,0.0233418775311638
"img_1192","Conforme",1,0.0432338842304173,0.202312745289464,0.0432382080512224,0.0359100929529527
"img_1193","Conforme",1,0.0436757521596336,0.177390702907833,0.0436801201716508,0.0257945872946347
"img_1194","Conforme",1,0.0432152660558716,0.185536613850674,0.0432195880146731,0.0289588838465074
"img_1195","No conforme",1.01513426321283,0.21619385251243,0.194504399644227,0.216215474059836,0.0347817136338178
"img_1196","Conforme",1,0.0433399390593305,0.165824840013684,0.0433442734866792,0.0210591516292796
"img_1197","No conforme",1,0.0456960412941759,0.183737214238831,0.0457006113553115,0.0275897389310948
"img_1198","Conforme",1,0.0432710617767757,0.186943283870538,0.0432753893157073,0.0291982134650736
"img_1199","No conforme",1,0.0967944778321247,0.195069493757838,0.0968041582479495,0.0291909737441119
"img_1200","Conforme",1,0.0431185967565424,0.197265181033081,0.0431229090474471,0.0333958156451056
"img_1201","Conforme",1,0.0433212416258148,0.188170406214809,0.0433255741832331,0.029981299977022
"img_1202","Conforme",1,0.0432316754590113,0.192506752074233,0.0432359990589172,0.031593065293256
"img_1203","Conforme",1,0.0433850279567498,0.18504521803349,0.0433893668934391,0.0281568304622875
"img_1204","No conforme",1.00906014627224,0.206081775345003,0.163167804208101,0.206102385583561,0.021616430646111
"img_1205","Conforme",1,0.0435418301265214,0.192761240593979,0.0435461847449959,0.0319025184900621
"img_1206","No conforme",1,0.103516244560815,0.188906082038942,0.103526597220537,0.0268645103544347
"img_1207","Conforme",1,0.0434530061708393,0.167055688878785,0.0434573519060299,0.0218047830559226
"img_1208","Conforme",1,0.0433196162738832,0.181326377311515,0.0433239486687501,0.0266417543119544
"img_1209","Conforme",1,0.0431749002591836,0.190796667366482,0.0431792181810017,0.0312876806999656
"img_1210","No conforme",1.00627929198708,0.221885820440297,0.205280083456556,0.221908011241421,0.0399381899306354
"img_1211","Conforme",1,0.043191857271616,0.17741976589253,0.0431961768893049,0.0256846153349035
"img_1212","Conforme",1,0.0434150191403104,0.178752608639963,0.0434193610764181,0.0260340365780101
"img_1213","Conforme",1,0.0432461887971048,0.186654644583745,0.0432505138484897,0.0292001281020221
"img_1214","No conforme",1,0.0482228319816483,0.196558314390936,0.048227654747123,0.0294211490047679
"img_1215","No conforme",1,0.0478052041957183,0.192263865199119,0.0478099851942377,0.029446996603573
"img_1216","Conforme",1,0.0433628734541133,0.171729781737568,0.0433672101751308,0.0229017503626205
"img_1217","No conforme",1,0.0472077335439452,0.176692687076287,0.0472124547894241,0.0229402225988051
"img_1218","Conforme",1,0.0434262165343725,0.18806208654031,0.0434305595903315,0.0298915513700597
"img_1219","No conforme",1.00924915808946,0.208093129540529,0.187252544895566,0.208113940934623,0.0307230422973632
"img_1220","No conforme",1,0.0460180531331212,0.183218052888961,0.046022655398661,0.0269482757209329
"img_1221","Conforme",1,0.0434461223426407,0.188654314512931,0.0434504673893796,0.0301724046774471
"img_1222","No conforme",1,0.0840768439776281,0.202866578580959,0.0840852525028784,0.0314263722139246
"img_1223","No conforme",1,0.10458555171652,0.187782619986937,0.104596011317652,0.026404100000718
"img_1224","No conforme",1,0.0771892243924351,0.190088695239924,0.0771969440868438,0.0288537583115521
"img_1225","Conforme",1,0.0434272331122265,0.191328666308134,0.0434315762698535,0.0310842505241843
"img_1226","Conforme",1,0.0435418576716982,0.199034303949944,0.0435462122929275,0.0344361814970129
"img_1227","Conforme",1,0.043432610471699,0.185715160127156,0.0434369541671157,0.0286273524923886
"img_1228","Conforme",1,0.043363357158887,0.184758688662418,0.0433676939282799,0.0286338143920899
"img_1229","No conforme",1.00236245275094,0.229561917384695,0.186192612301298,0.229584875872282,0.0308757944264131
"img_1230","Conforme",1,0.043140570110287,0.180864721920542,0.0431448845987468,0.026351686814252
"img_1231","Conforme",1,0.0435303599547455,0.198215164877489,0.0435347134260881,0.0341945782470703
"img_1232","No conforme",1,0.0770359327110873,0.195161503905084,0.0770436370747948,0.0311431256103516
"img_1233","Conforme",1,0.0430491602147831,0.184033208117089,0.0430534655613392,0.028087963364545
"img_1234","Conforme",1,0.0432957920398275,0.184532628104107,0.0433001220520327,0.0281714894014246
"img_1235","Conforme",1,0.0434331358620391,0.198618404656584,0.0434374796100001,0.0341167362886317
"img_1236","Conforme",1,0.0435356715180524,0.19495523258897,0.0435400255206045,0.0325596577902401
"img_1237","Conforme",1,0.0433239704469318,0.193163261557729,0.0433283032772596,0.0318165991569967
"img_1238","Conforme",1,0.0432229074372492,0.179395066407326,0.0432272301602652,0.0267792491778205
"img_1239","No conforme",1,0.109268068323349,0.206547089539244,0.109278996222972,0.0325379386273552
"img_1240","No conforme",1,0.088206680654452,0.20991101866066,0.0882155022046725,0.0342238961253446
"img_1241","Conforme",1,0.0433464197045482,0.174640765919293,0.0433507547800262,0.0246739263556985
"img_1242","Conforme",1,0.0432656000319615,0.189654736139628,0.043269927024664,0.0299250575166591
"img_1243","Conforme",1,0.043105437961958,0.200280546672246,0.0431097489368516,0.0349384147015741
"img_1244","Conforme",1,0.0431752196218077,0.193133951559398,0.0431795375755652,0.0317314576451919
"img_1245","Conforme",1,0.043323207142161,0.180513718250807,0.0433275398961506,0.0269214708036535
"img_1246","Conforme",1,0.0433203971845533,0.193485763357504,0.043324729657519,0.0321402924661075
"img_1247","Conforme",1,0.0434738368683776,0.179605696075251,0.0434781846868463,0.0264105619004193
"img_1248","No conforme",1,0.0966123478191428,0.208059637415089,0.0966220100201448,0.0354405282413258
"img_1249","No conforme",1.00689412238325,0.213603137395951,0.180508171091476,0.213624499845936,0.0280891600126378
"img_1250","No conforme",1,0.0793320824250062,0.188523173401558,0.0793400164266488,0.0284367862836052
"img_1251","Conforme",1,0.0432574097442874,0.173844817301221,0.0432617359178792,0.0240800897396313
"img_1252","Conforme",1,0.0434825809042826,0.195917739368755,0.0434869295972424,0.0331426647410673
"img_1253","No conforme",1,0.0983927928775385,0.19232473392415,0.0984026331408525,0.0278196150297277
"img_1254","No conforme",1.00255016118943,0.22013381368093,0.194173105066545,0.220155829263856,0.0346092168112362
"img_1255","Conforme",1,0.0432987458188903,0.178483019319093,0.0433030761265029,0.0258919346169865
"img_1256","No conforme",1.00813129059448,0.226523422442953,0.192593646032767,0.226546077050658,0.034016696508071
"img_1257","No conforme",1,0.0966434876704314,0.185002641332617,0.0966531529857299,0.0239566554888557
"img_1258","No conforme",1,0.0455996155603993,0.190683970825543,0.0456041759779971,0.0296525807459215
"img_1259","No conforme",1,0.0491310366405729,0.192375312745601,0.0491359502355965,0.0291796654196347
"img_1260","Conforme",1,0.0434808943477924,0.192226525698846,0.0434852428720796,0.0315410111012179
"img_1261","Conforme",1,0.0429522957953152,0.188818824154457,0.0429565914544606,0.0303600989308077
"img_1262","Conforme",1,0.0432649608960404,0.176130487341569,0.0432692878248228,0.0251266183292165
"img_1263","No conforme",1.00855752259721,0.228228731405725,0.18245081782437,0.228251556561381,0.0292840729657342
"img_1264","No conforme",1,0.119158833872575,0.194856109419098,0.11917075094767,0.0276232450776942
"img_1265","Conforme",1,0.0432126193799345,0.194334292691032,0.0432169410740419,0.0323089001823874
"img_1266","No conforme",1,0.115819843880888,0.210141569702087,0.11583142702359,0.0290593424539005
"img_1267","Conforme",1,0.0435467853325731,0.175697513254817,0.0435511404466177,0.0241542819213867
"img_1268","Conforme",1,0.0433937879797964,0.192987481571371,0.0433981277925757,0.0315849280862248
"img_1269","Conforme",1,0.0431444261738762,0.180876841898948,0.043148741047981,0.027143209695255
"img_1270","No conforme",1,0.0794852181228231,0.18444844217964,0.0794931674395671,0.0266513873291016
"img_1271","Conforme",1,0.0433540746075805,0.197962969956496,0.0433584104486253,0.0341486269603056
"img_1272","No conforme",1,0.10326533922003,0.189317902405026,0.103275666786709,0.0270740434354894
"img_1273","Conforme",1,0.0434664743090071,0.173258823924166,0.0434708213911462,0.023630269721536
"img_1274","Conforme",1,0.0434150843156893,0.180942325722968,0.0434194262583152,0.0263552169261259
"img_1275","Conforme",1,0.0434739570636353,0.200598799953852,0.0434783048941247,0.0353004007496553
"img_1276","No conforme",1,0.0808307989640079,0.18104803474136,0.0808388828522931,0.0254175234805837
"img_1277","Conforme",1,0.0430869805647738,0.180286460099777,0.0430912896937432,0.026270075414321
"img_1278","Conforme",1,0.0430863165489638,0.18900149175081,0.043090625611525,0.0303346103264304
"img_1279","Conforme",1,0.0431474598974238,0.185333259597841,0.0431517750749313,0.028901504570456
"img_1280","No conforme",1.00214216163583,0.209757962584679,0.182875037072256,0.209778940478727,0.0290253576480641
"img_1281","Conforme",1,0.0432842321596336,0.192150309429673,0.0432885610157352,0.0312025990205653
"img_1282","No conforme",1,0.0763531775813137,0.200658392912062,0.07636081366268,0.0336285038667566
"img_1283","No conforme",1,0.0952900585882916,0.208001561027782,0.0952995885471463,0.035195454711914
"img_1284","No conforme",1,0.0751753444047034,0.194716851795201,0.0751828626909724,0.0305134493839039
"img_1285","Conforme",1,0.0431461750475454,0.195639713859582,0.043150490096555,0.0331610931216969
"img_1286","Conforme",1,0.0432084541589859,0.182554343821866,0.0432127754365296,0.0271316022087547
"img_1287","Conforme",1,0.0434906348116402,0.195109726751767,0.0434949843100712,0.0329318751795151
"img_1288","Conforme",1,0.0430790248418627,0.178401665177469,0.0430833331751802,0.0263504901661592
"img_1289","Conforme",1,0.043245996240427,0.186402147367189,0.0432503212725542,0.0294149862670898
"img_1290","Conforme",1,0.043629046593129,0.186454654219396,0.0436334099341225,0.0289228647389131
"img_1291","No conforme",1,0.0470111079659303,0.185311595103452,0.047015809546885,0.025858129308364
"img_1292","No conforme",1,0.0979613267138865,0.198974005208938,0.0979711238262691,0.0310673179536708
"img_1293","No conforme",1,0.100794649223208,0.191419909471135,0.100804729696178,0.0284501887422449
"img_1294","Conforme",1,0.0430885977469507,0.188323324761878,0.0430929070376545,0.0300121136654125
"img_1295","No conforme",1,0.0450496966638367,0.194160462064725,0.0450542020840451,0.0318652429019703
"img_1296","No conforme",1.01413848464447,0.216992820122709,0.179079277749892,0.217014521574867,0.0277755185475069
"img_1297","No conforme",1,0.118445791001691,0.181289576455632,0.118457636765368,0.0210412019078873
"img_1298","No conforme",1,0.0450347889892632,0.193697358771421,0.045039292918555,0.0313674971277573
"img_1299","No conforme",1,0.0478043859555148,0.191515936986078,0.047809166872202,0.028240535996381
"img_1300","No conforme",1,0.0975836518061754,0.197641019713074,0.0975934111472901,0.0302985912188362
"img_1301","No conforme",1,0.0480228122765885,0.181113365710891,0.0480276150380923,0.0237351559268727
"img_1302","No conforme",1,0.0446454693700845,0.198853686139189,0.0446499343635208,0.0336811563828412
"img_1303","Conforme",1,0.0432313467679788,0.198183813713357,0.0432356703350123,0.0339527954999138
"img_1304","Conforme",1,0.0432387972071872,0.188625666841506,0.0432431215193391,0.0302104580867991
"img_1305","Conforme",1,0.0434438558097229,0.187745843948369,0.0434482006297859,0.029705053764792
"img_1306","Conforme",1,0.0433534634659999,0.185523153017008,0.0433577992459245,0.0291170807243797
"img_1307","No conforme",1,0.0735038855746222,0.204627260188808,0.073511236698292,0.0353016572301528
"img_1308","Conforme",1,0.0435642381580927,0.208262516421958,0.0435685950175944,0.0389699221263212
"img_1309","No conforme",1,0.101488965082552,0.192172718709689,0.101499114994052,0.0280459610164867
"img_1310","Conforme",1,0.0431064361947158,0.166240713481447,0.0431107472694427,0.0209945924646714
"img_1311","Conforme",1,0.0432520917457069,0.169056538021337,0.0432564173874457,0.0224367927461512
"img_1312","Conforme",1,0.0435898439698671,0.187793488392786,0.0435942033902061,0.0287675996488682
"img_1313","Conforme",1,0.0435081981531498,0.178098987656318,0.0435125494080906,0.0263266170367072
"img_1314","Conforme",1,0.043607667711563,0.185431549958022,0.0436120289144545,0.0290559918392406
"img_1315","Conforme",1,0.0433276841177613,0.199250812525035,0.0433320173194932,0.0348079800594554
"img_1316","Conforme",1,0.0432493460999199,0.185399408827781,0.0432536714670666,0.0286523624375287
"img_1317","Conforme",1,0.0433746039669885,0.186849229357004,0.0433789418611746,0.0296479138183594
"img_1318","No conforme",1,0.047990609146082,0.186184415985359,0.0479954086869507,0.0265595445879767
"img_1319","Conforme",1,0.04336361207641,0.177385816220909,0.0433679488712972,0.0258685999791762
"img_1320","No conforme",1,0.0495584665325905,0.204886729572026,0.049563422874878,0.0347360615090763
"img_1321","Conforme",1,0.0436026216478039,0.178463263634754,0.0436069823460385,0.0263710126809513
"img_1322","No conforme",1,0.112826528249598,0.205463681026426,0.112837812030801,0.0321651229140337
"img_1323","No conforme",1,0.0452803755475377,0.185681831162851,0.0452849040379415,0.0282848119758158
"img_1324","Conforme",1,0.0432896938660652,0.197867609962836,0.043294023268392,0.0337232783957088
"img_1325","No conforme",1,0.0832708638656148,0.196388309584197,0.0832791917847933,0.0265095845301011
"img_1326","Conforme",1,0.043235495747106,0.166389965443412,0.0432398197290789,0.021275924431296
"img_1327","Conforme",1,0.0432045305489427,0.169539894348353,0.0432088514340861,0.0228286949965534
"img_1328","No conforme",1,0.0455729123597559,0.172821059634626,0.0455774701067666,0.0221786159201229
"img_1329","Conforme",1,0.0436119751179896,0.193999838138495,0.0436163367516647,0.0322431443696863
"img_1330","Conforme",1,0.0433555244976891,0.191071656241716,0.0433598604837375,0.0310256147676355
"img_1331","No conforme",1,0.0967706202368417,0.194729647480951,0.0967802982666684,0.0289416521139705
"img_1332","Conforme",1,0.0434300557367999,0.192390904870001,0.0434343991767176,0.0316110150146484
"img_1333","No conforme",1,0.11570432288821,0.20097926741989,0.115715894477658,0.0301772511022231
"img_1334","No conforme",1,0.102775661824218,0.187323797144339,0.10278594041826,0.0261240245145911
"img_1335","No conforme",1,0.123715575040472,0.191307215821671,0.123727947835256,0.026358208546358
"img_1336","Conforme",1,0.0431937366479654,0.190086018072268,0.0431980564536107,0.0300337729958927
"img_1337","No conforme",1,0.0459825156343661,0.203292254516821,0.0459871143458006,0.0352698263908835
"img_1338","Conforme",1,0.0435863087526341,0.177321968238725,0.0435906678194161,0.0257472000301585
"img_1339","Conforme",1,0.043082923614304,0.179220206992482,0.0430872323375378,0.0255170846019072
"img_1340","Conforme",1,0.0433782628903724,0.188579509585483,0.0433826011504874,0.0298500875136432
