"imagen_id_foto","respuesta_global","brillo_medio","contraste_global","area_objeto","rugosidad_superficial","variacion_color_verde"
"img_0001-0","No conforme",0.903935284854664,0.195273105854712,12980,0.0652374604580867,0.0652439848565723
"img_0001-1","No conforme",0.932606374834846,0.141511418366277,12980,0.0923647784486015,0.0923740158501865
"img_0001-2","No conforme",0.904526608509737,0.194132672585175,12980,0.0657781924088173,0.0657847708859059
"img_0002-0","Conforme",0.92746796792423,0.174653429838038,9660,0.0326163201747897,0.032619582133003
"img_0002-1","Conforme",0.951905855443618,0.116616329855178,9660,0.0432322201646664,0.0432365438190483
"img_0002-2","Conforme",0.922583489738913,0.18631974743823,9660,0.0304985877134585,0.0305016378772462
"img_0003-0","No conforme",0.905363903180291,0.177300717008861,19322,0.216492246008488,0.216513897398228
"img_0003-1","No conforme",0.932614452209473,0.116587681840249,19189,0.134286861602759,0.134300291631922
"img_0003-2","No conforme",0.911298559731876,0.164413346443412,19119,0.198625503303101,0.198645367839885
"img_0004-0","Conforme",0.920562231445312,0.182022194138078,10508,0.0324487947713307,0.0324520399753282
"img_0004-1","Conforme",0.94787446768368,0.120315910773758,10508,0.0433695979086642,0.0433739353021944
"img_0004-2","Conforme",0.918733513829848,0.186176646989713,10508,0.0317256725406964,0.0317288454252389
"img_0005-0","No conforme",0.89991825687184,0.180864614446714,20141,0.212810801570924,0.212832084779402
"img_0005-1","No conforme",0.928273730917538,0.120521647879903,19972,0.134384438162055,0.13439787794985
"img_0005-2","No conforme",0.896115309232824,0.188942077770384,20046,0.223314074067789,0.22333640770856
"img_0006-0","Conforme",0.92586230551327,0.181754494551441,9360,0.0307850285159573,0.03078810732669
"img_0006-1","Conforme",0.953368338910271,0.115154190497362,9360,0.043110675774352,0.0431149872730793
"img_0006-2","Conforme",0.932616785673254,0.165329327077532,9360,0.0338307284049751,0.0338341118161567
"img_0007-0","Conforme",0.899073064323874,0.204426486664882,12870,0.0309780698617722,0.0309811679785701
"img_0007-1","Conforme",0.936045122626809,0.130570574607462,12870,0.0429886215818535,0.0429929208739409
"img_0007-2","Conforme",0.902766279332778,0.197010364332678,12870,0.0321683563417879,0.0321715734991378
"img_0008-0","Conforme",0.92559443583769,0.177136995879621,9849,0.0325375641427189,0.0325408182245413
"img_0008-1","Conforme",0.951018840044807,0.117445723030234,9849,0.0434443750635358,0.0434487199355294
"img_0008-2","Conforme",0.922653014993106,0.184081906075794,9849,0.0312992521573105,0.0313023823955501
"img_0009-0","Conforme",0.912438905531939,0.19318408829847,11189,0.0310693110294549,0.0310724182712821
"img_0009-1","Conforme",0.94426316323673,0.123895614807249,11189,0.0429344346069788,0.0429387284798268
"img_0009-2","Conforme",0.913961281235639,0.189852725027578,11189,0.0316466888764553,0.0316498538618414
"img_0010-0","Conforme",0.932799753166647,0.170961521262801,8784,0.0320706063231061,0.0320738137044765
"img_0010-1","Conforme",0.956420748865464,0.111651443954206,8784,0.0433624516127195,0.0433667882915486
"img_0010-2","Conforme",0.932441357062845,0.17186590937429,8784,0.0318918813131018,0.0318950708201838
"img_0011-0","Conforme",0.935918816420611,0.160865336072547,9000,0.034371985615526,0.0343754231578418
"img_0011-1","Conforme",0.955307387479894,0.11291748091113,9000,0.0434169540211695,0.0434212961507846
"img_0011-2","Conforme",0.936469454040527,0.159496971580535,9000,0.0346199718386702,0.0346234341820884
"img_0012-0","Conforme",0.923841884873334,0.176578665004521,10304,0.0330176486465295,0.0330209507416036
"img_0012-1","Conforme",0.948857813253964,0.119407253918516,10304,0.04315577124854,0.0431600872572657
"img_0012-2","Conforme",0.927174370314654,0.168927548072069,10304,0.0343627384920996,0.0343661751096106
"img_0013-0","No conforme",0.918416461917653,0.180208586969167,11195,0.0379427425280798,0.037946537181798
"img_0013-1","No conforme",0.943535840525908,0.125627365843546,11195,0.0459790726253826,0.0459836709924818
"img_0013-2","No conforme",0.913266686850155,0.191617617326447,11195,0.0408879762231241,0.0408920654296671
"img_0014-0","Conforme",0.923036540706859,0.180397780340648,10112,0.0323127003224011,0.0323159319155927
"img_0014-1","Conforme",0.949705279433306,0.118745437591247,10112,0.0434148618135561,0.0434192037339295
"img_0014-2","Conforme",0.926189887928682,0.173072385947143,10112,0.0336081184684896,0.0336114796164513
"img_0015-0","No conforme",0.906460511492561,0.18912582496268,12934,0.0362763784977877,0.0362800064984376
"img_0015-1","No conforme",0.935137524880802,0.132135705943608,12934,0.0451363719869054,0.0451408860755129
"img_0015-2","No conforme",0.906067472426471,0.18991799671679,12934,0.0363401660377722,0.036343800417814
"img_0016-0","Conforme",0.919362591732249,0.18061928444017,10920,0.0330467731818565,0.0330500781896755
"img_0016-1","Conforme",0.945635598934398,0.122629326554249,10920,0.0431545511245602,0.0431588670112613
"img_0016-2","Conforme",0.922458679342831,0.173753560601041,10920,0.0342339264663322,0.0342373502013523
"img_0017-0","Conforme",0.91487163127226,0.188240764772878,11152,0.032251688806795,0.0322549142982249
"img_0017-1","Conforme",0.944479876206342,0.123692750242768,11152,0.0434804716873134,0.0434848201693304
"img_0017-2","Conforme",0.918255512749167,0.180827401464855,11152,0.0335399538562136,0.0335433081870323
"img_0018-0","No conforme",0.898317022058823,0.179936922953319,20306,0.206145390462088,0.206166007062795
"img_0018-1","No conforme",0.925940566298541,0.122383881071744,20370,0.133199726726473,0.133213048031276
"img_0018-2","No conforme",0.89669185428395,0.182848571205978,20418,0.209931814580888,0.209952809861875
"img_0019-0","Conforme",0.911280610010484,0.194706153300057,11288,0.0312292054363994,0.0312323286692663
"img_0019-1","Conforme",0.943833805901022,0.124221333259718,11288,0.0433753341667066,0.04337967213392
"img_0019-2","Conforme",0.90975560168098,0.198026943210185,11288,0.0306684206091442,0.03067148775792
"img_0020-0","No conforme",0.903701160655302,0.199067265100509,12529,0.0498448187463745,0.0498498037267472
"img_0020-1","No conforme",0.936305333754595,0.134749319732543,12529,0.073999140085435,0.0740065407395089
"img_0020-2","No conforme",0.903816457699046,0.198835001567928,12529,0.0499170290305846,0.0499220212327079
"img_0021-0","No conforme",0.889240565939511,0.194511018584654,20806,0.221254752729749,0.22127688041779
"img_0021-1","No conforme",0.923959994040096,0.124300135448285,20757,0.133830584357765,0.13384396875464
"img_0021-2","No conforme",0.887692222972197,0.198611859195147,20571,0.225774480896709,0.22579706060277
"img_0022-0","Conforme",0.907990126917222,0.193063444824998,12160,0.032267692046337,0.0322709191382509
"img_0022-1","Conforme",0.939569849584243,0.127758613227272,12160,0.0431551588339007,0.0431594747813788
"img_0022-2","Conforme",0.903337559132295,0.202741517899248,12160,0.0306861996713148,0.0306892685981746
"img_0023-0","Conforme",0.91089899893368,0.191479276981785,11692,0.0322157306298487,0.0322189525251012
"img_0023-1","Conforme",0.941971402641745,0.12565882991296,11692,0.043407630453652,0.043411971650817
"img_0023-2","Conforme",0.90662421295166,0.200587955170556,11692,0.0306841241510863,0.0306871928703733
"img_0024-0","Conforme",0.92652734269086,0.176853266816521,9664,0.0320922782562015,0.032095487804982
"img_0024-1","Conforme",0.952017203548656,0.116318323403044,9664,0.0431270100408877,0.043131323173205
"img_0024-2","Conforme",0.92260562772863,0.186219870422631,9664,0.030421814960958,0.0304248574467026
"img_0025-0","Conforme",0.924114900135713,0.175502161558453,10350,0.0334737323085036,0.0334770800165053
"img_0025-1","Conforme",0.948692077493107,0.119498573005712,10350,0.0434334482706678,0.0434377920498728
"img_0025-2","Conforme",0.924227684218463,0.175242889277987,10350,0.0334873256126428,0.0334906746801108
"img_0026-0","No conforme",0.900172125764734,0.181129512628322,19834,0.212735658451449,0.212756934144864
"img_0026-1","No conforme",0.928372992876838,0.120506738639748,19936,0.134312012200607,0.134325444745082
"img_0026-2","No conforme",0.894347022346048,0.193094293359921,19978,0.22835182974538,0.228374667212101
"img_0027-0","Conforme",0.930559388607249,0.168338229125294,9555,0.0338891777024055,0.0338925669591014
"img_0027-1","Conforme",0.952516504965389,0.115893633501455,9555,0.0435851847837424,0.0435895437381162
"img_0027-2","Conforme",0.929597762199851,0.170645953522993,9555,0.0334330343168935,0.0334363779546889
"img_0028-0","Conforme",0.916163891547708,0.183778609394383,11319,0.0330353925919777,0.0330386964616239
"img_0028-1","Conforme",0.943721739807129,0.124256811228554,11319,0.0432186394548637,0.0432229617510388
"img_0028-2","Conforme",0.915425380177217,0.18538219405925,11319,0.0327663245121443,0.0327696014722916
"img_0029-0","Conforme",0.930034538753734,0.170007250494893,9514,0.0331784483214942,0.033181766498144
"img_0029-1","Conforme",0.95275679190243,0.115577227184513,9514,0.0432148409466274,0.0432191628629137
"img_0029-2","Conforme",0.926186836476045,0.179275109211312,9514,0.0314768612015618,0.0314800092024821
"img_0030-0","Conforme",0.931625422560748,0.175569590540679,8640,0.0311502370016302,0.0311533523368638
"img_0030-1","Conforme",0.956971206988166,0.111293059412594,8640,0.0435700460559832,0.0435744034963328
"img_0030-2","Conforme",0.935206750972972,0.166442890322202,8640,0.0328657996596122,0.032869086568269
"img_0031-0","No conforme",0.916262555182962,0.194152921983577,10345,0.0487418734090985,0.0487467480839069
"img_0031-1","No conforme",0.947176103856704,0.125739121510475,10345,0.0787843269186047,0.0787922061392186
"img_0031-2","No conforme",0.916551605529785,0.193500067935124,10345,0.0490290161343024,0.049033919526255
"img_0032-0","Conforme",0.929406896829044,0.173006753747147,9372,0.0325254481240938,0.0325287009941932
"img_0032-1","Conforme",0.95337180918974,0.115069945627904,9372,0.0432411646574162,0.0432454892063369
"img_0032-2","Conforme",0.926955084551643,0.178965871905415,9372,0.0314172531986081,0.0314203952381319
"img_0033-0","Conforme",0.922887737516515,0.179142713312562,10268,0.0327793690818113,0.032782647346546
"img_0033-1","Conforme",0.948927338508157,0.119505299857452,10268,0.0434892770535506,0.0434936264161922
"img_0033-2","Conforme",0.919982575109145,0.18583387408034,10268,0.0316037982683076,0.031606958964204
"img_0034-0","No conforme",0.907324371750775,0.195212631625817,12139,0.0469701073622304,0.0469748048427147
"img_0034-1","No conforme",0.938016181532916,0.131379384164091,12139,0.0473138863759175,0.0473186182377413
"img_0034-2","No conforme",0.913857831008013,0.181264369533897,12139,0.0396281027408223,0.0396320659474171
"img_0035-0","Conforme",0.924889550278607,0.175002468116348,10220,0.033160390055129,0.0331637064257716
"img_0035-1","Conforme",0.949165291981417,0.11925530930318,10220,0.043104474378689,0.0431087852572147
"img_0035-2","Conforme",0.922851598744112,0.179706369065013,10220,0.0322992554184715,0.0323024856670382
"img_0036-0","No conforme",0.89416297786937,0.200116697994851,14428,0.0448228511990088,0.044827333932402
"img_0036-1","No conforme",0.926017271441291,0.140876501985032,14428,0.0481228329407991,0.0481276457053696
"img_0036-2","No conforme",0.897473085991354,0.193744280843826,14428,0.0411772600220468,0.0411813781598628
"img_0037-0","No conforme",0.900727490144617,0.200713882004484,13013,0.0544530870745002,0.054458532927793
"img_0037-1","No conforme",0.932633060087316,0.137301320444074,13013,0.0544301876724262,0.0544356312355497
"img_0037-2","No conforme",0.907861786409266,0.186044617186552,13013,0.0460661257882798,0.0460707328615659
"img_0038-0","No conforme",0.916257589093377,0.183665725846523,11320,0.0361489150584113,0.0361525303114424
"img_0038-1","No conforme",0.943270723140941,0.12532021738629,11320,0.044752674922507,0.0447571506375708
"img_0038-2","No conforme",0.910560407355813,0.196141993824518,11320,0.0376020738163401,0.0376058343997801
"img_0039-0","No conforme",0.917903279383042,0.192032564973888,10240,0.0603617404216381,0.060367777199358
"img_0039-1","No conforme",0.945784701286765,0.129965930252515,10240,0.0830335448262975,0.0830418490111986
"img_0039-2","No conforme",0.918999648365694,0.189550413152022,10240,0.0612711712113934,0.0612772989412875
"img_0040-0","Conforme",0.920007465389476,0.175112379182579,11356,0.0349104057574343,0.034913897147149
"img_0040-1","Conforme",0.943693080085306,0.12411671213406,11356,0.0437705607778959,0.0437749382717231
"img_0040-2","Conforme",0.917787802842084,0.179917634581605,11356,0.0341021618198264,0.0341055723770642
"img_0041-0","No conforme",0.913363735010484,0.162709939359265,19039,0.200459509198753,0.200479557154469
"img_0041-1","No conforme",0.934565467260024,0.114922713278216,18808,0.134516579110212,0.134530032113424
"img_0041-2","No conforme",0.904839292656394,0.183258951458732,18848,0.229241950788087,0.229264877275815
"img_0042-0","No conforme",0.917401524837718,0.190828102606146,10417,0.0503260703927725,0.0503311035031228
"img_0042-1","No conforme",0.946762841437845,0.126184396658002,10417,0.0786079676710707,0.0786158292539961
"img_0042-2","No conforme",0.923574075030158,0.176997131012754,10417,0.0562300494880653,0.0562356730553708
"img_0043-0","Conforme",0.922867334666533,0.179047162599873,10281,0.0324407482712954,0.0324439926705624
"img_0043-1","Conforme",0.948738567271513,0.119822560937353,10281,0.0429658961795938,0.0429701931989137
"img_0043-2","Conforme",0.920393922891056,0.184740341157887,10281,0.0314590302180435,0.031462176435687
"img_0044-0","Conforme",0.939506128073299,0.156097472572654,8580,0.0342593216421968,0.0342627479169885
"img_0044-1","Conforme",0.957331039069681,0.110772348197655,8580,0.0429145895094735,0.0429188813976132
"img_0044-2","Conforme",0.935183356502757,0.167147031871962,8580,0.0321354296435554,0.0321386435079062
"img_0045-0","No conforme",0.899717878148696,0.198229237890518,13469,0.0491469175576148,0.0491518327408889
"img_0045-1","No conforme",0.930383421505199,0.138428231243756,13469,0.0483752688706562,0.0483801068813443
"img_0045-2","No conforme",0.898405215023265,0.2009027671145,13469,0.0512644491304433,0.0512695760880522
"img_0046-0","Conforme",0.928256020525764,0.176518919328695,9306,0.0318441886276803,0.0318473733650168
"img_0046-1","Conforme",0.95367318501192,0.114799246337476,9306,0.0433389644807558,0.0433432988106369
"img_0046-2","Conforme",0.926122217479033,0.181729066040901,9306,0.0308956087396701,0.030898698609531
"img_0047-0","Conforme",0.924081154659496,0.175479532965953,10360,0.0334494679041464,0.033452813185465
"img_0047-1","Conforme",0.948551890169031,0.119750312315304,10360,0.0433894614929318,0.0433938008730191
"img_0047-2","Conforme",0.917451843890022,0.190665399353891,10360,0.0307118274608825,0.0307148989507775
"img_0048-0","Conforme",0.917684711608887,0.180088793770677,11360,0.0336299940859487,0.0336333574216909
"img_0048-1","Conforme",0.943528062313304,0.124412599129763,11360,0.0431894842390702,0.0431938036194321
"img_0048-2","Conforme",0.915664051639332,0.184465236911608,11360,0.0328848073245759,0.0328880961341893
"img_0049-0","No conforme",0.900145081517837,0.183927554124774,19708,0.220106340921955,0.22012835375733
"img_0049-1","No conforme",0.930170956636317,0.119048582615897,19609,0.134611105220357,0.134624567677125
"img_0049-2","No conforme",0.900669692041734,0.183049168848458,19651,0.218933960298291,0.218955855883879
"img_0050-0","No conforme",0.906590108481014,0.193527498118601,12479,0.0477359899361949,0.0477407640125961
"img_0050-1","No conforme",0.936946677299948,0.133158116729343,12479,0.06801527290952,0.0680220751170317
"img_0050-2","No conforme",0.89970297987994,0.207464222119745,12479,0.0432418207922359,0.0432461454067766
"img_0051-0","No conforme",0.913864173242905,0.187041438029301,11542,0.0449812548648738,0.0449857534402179
"img_0051-1","No conforme",0.941135304619284,0.128672566648332,11542,0.0477624392879659,0.0477672160095669
"img_0051-2","No conforme",0.911412899457146,0.192464715216505,11542,0.0484370423030786,0.0484418864917278
"img_0052-0","Conforme",0.909585258824965,0.185364491925658,12640,0.0341573943843859,0.0341608104654324
"img_0052-1","Conforme",0.937230881221996,0.129609828010372,12640,0.0433817856723778,0.0433861242848063
"img_0052-2","Conforme",0.905848485825482,0.192943667921675,12640,0.0329330802632339,0.0329363739006239
"img_0053-0","No conforme",0.896818758814195,0.191925656143867,14784,0.0398260090322507,0.0398299920314539
"img_0053-1","No conforme",0.924062606614057,0.14237909831918,14784,0.0483729750475894,0.0483778128288723
"img_0053-2","No conforme",0.887251437647202,0.210136439295972,14784,0.051323561214933,0.0513286940843414
"img_0054-0","No conforme",0.913255617855296,0.19925822123349,10553,0.0604895265025584,0.0604955760601644
"img_0054-1","No conforme",0.944429257992015,0.132939023402136,10553,0.100948076913646,0.100958172730919
"img_0054-2","No conforme",0.917011956051097,0.191008512702914,10553,0.0653468010807981,0.0653533364144396
"img_0055-0","Conforme",0.917876953125,0.183788103356397,10934,0.0328926251230394,0.0328959147145108
"img_0055-1","Conforme",0.945648223571777,0.122538696596044,10934,0.0436278255898848,0.0436321888087657
"img_0055-2","Conforme",0.919431638327206,0.180340996702269,10934,0.0334681279095615,0.0334714750570672
"img_0056-0","No conforme",0.909989606215533,0.185333138510952,12559,0.0359773549297468,0.0359809530250493
"img_0056-1","No conforme",0.93721598295324,0.130240371569422,12559,0.0449742021130785,0.0449786999830768
"img_0056-2","No conforme",0.903450044053022,0.198764101620188,12559,0.0372510407635439,0.0372547662401679
"img_0057-0","No conforme",0.911037989609662,0.194017527331622,11477,0.0505981483311077,0.0506032086519728
"img_0057-1","No conforme",0.941141287859748,0.130666675054973,11477,0.0680599889016068,0.0680667955811649
"img_0057-2","No conforme",0.91665092732149,0.182071655616648,11477,0.0537526281797647,0.0537580039801627
"img_0058-0","Conforme",0.916772207605698,0.191488800405222,10428,0.0306508613746838,0.0306539267673605
"img_0058-1","Conforme",0.948154423504998,0.120202869681164,10428,0.0433064752897754,0.0433108063704124
"img_0058-2","Conforme",0.917768237645766,0.189214507885906,10428,0.0310632384683908,0.0310663451029011
"img_0059-0","Conforme",0.897668378960104,0.208756693343416,12719,0.0303317597280612,0.0303347932073819
"img_0059-1","Conforme",0.936856330368939,0.129875366861258,12719,0.0432379721234449,0.0432422963530802
"img_0059-2","Conforme",0.904088635307761,0.195766857365036,12719,0.032415195486255,0.032418437329988
"img_0060-0","No conforme",0.917903937539493,0.182731660401166,11125,0.0546667001580043,0.0546721673747418
"img_0060-1","No conforme",0.943209454758588,0.129315763474574,11125,0.0769059907622562,0.0769136821304692
"img_0060-2","No conforme",0.910063439402861,0.199654203459124,11125,0.0478629650020112,0.0478677517771889
"img_0061-0","Conforme",0.928030631857479,0.171886082955632,9800,0.0335255368779148,0.0335288897668915
"img_0061-1","Conforme",0.951197379940257,0.117358809378445,9800,0.0434902995943263,0.0434946490592323
"img_0061-2","Conforme",0.92171939015108,0.186827188232349,9800,0.0307758995279318,0.0307789774256743
"img_0062-0","Conforme",0.91924155077766,0.188050024983771,10220,0.0309690775106905,0.0309721747281633
"img_0062-1","Conforme",0.949247800867417,0.119076812536974,10220,0.0433075766537279,0.0433119078445124
"img_0062-2","Conforme",0.927735598270192,0.16844125285956,10220,0.034464587129,0.0344680339323933
"img_0063-0","No conforme",0.911696205893124,0.199446984789577,10880,0.0647464034465763,0.0647528787344498
"img_0063-1","No conforme",0.941864063307818,0.135133655508473,10880,0.0898701357144288,0.0898791236267915
"img_0063-2","No conforme",0.911987350374109,0.198813541190096,10880,0.0649930232594263,0.0649995232117475
"img_0064-0","Conforme",0.912344908824247,0.196200818053312,10920,0.0303502677054068,0.0303533030357103
"img_0064-1","Conforme",0.945807317935719,0.122252419701539,10920,0.0432077806331202,0.0432121018433046
"img_0064-2","Conforme",0.916120393389533,0.187814786090871,10920,0.0317976884356094,0.0318008685224617
"img_0065-0","Conforme",0.929880948971019,0.173707188416499,9198,0.032116919778293,0.0321201317914722
"img_0065-1","Conforme",0.954183555423512,0.114297076367837,9198,0.0432377227169383,0.0432420469216304
"img_0065-2","Conforme",0.932188445488425,0.168039313525369,9198,0.0331718662706538,0.0331751837890327
"img_0066-0","No conforme",0.903322301869112,0.172071669601719,20107,0.199390970880803,0.199410911972
"img_0066-1","No conforme",0.927447026582606,0.121278243202521,20240,0.134265158845021,0.134278586703692
"img_0066-2","No conforme",0.895577894574334,0.18886738004961,20055,0.221020298658936,0.221042402899226
"img_0067-0","Conforme",0.914068261575138,0.187534142804621,11400,0.032516078860602,0.0325193307936814
"img_0067-1","Conforme",0.943278262023926,0.124701320208074,11400,0.0432607844373983,0.0432651109484932
"img_0067-2","Conforme",0.915872507737103,0.183632462822838,11400,0.0331460426921001,0.0331493576278629
"img_0068-0","No conforme",0.911957673501407,0.190434956848461,11704,0.0623148145052053,0.0623210466098663
"img_0068-1","No conforme",0.93828255539838,0.136070992953484,11704,0.0767626259577569,0.0767703029880557
"img_0068-2","No conforme",0.908945111927706,0.19683823198723,11704,0.0623577024952522,0.0623639388891412
"img_0069-0","No conforme",0.919498291625977,0.184620713729807,10567,0.05321873939424,0.05322406180042
"img_0069-1","No conforme",0.946021817106359,0.12683999617102,10567,0.078266983769746,0.078274811250871
"img_0069-2","No conforme",0.92158081830193,0.179997488367459,10567,0.0551514702305264,0.0551569859291193
"img_0070-0","No conforme",0.916505055918974,0.198245511804419,10004,0.0674881352929659,0.0674948847814441
"img_0070-1","No conforme",0.945532148706773,0.133449099976276,10004,0.0957875883459278,0.095797168062734
"img_0070-2","No conforme",0.922844418855555,0.183815293386627,10004,0.0736643850356791,0.0736717522109002
"img_0071-0","No conforme",0.923017633666992,0.182114994516578,10117,0.0713854514330756,0.0713925906921448
"img_0071-1","No conforme",0.945442160770192,0.13248714523444,10117,0.0920278139911899,0.0920370176929592
"img_0071-2","No conforme",0.922969169419232,0.182224197661113,10117,0.0713378977811336,0.071345032284362
"img_0072-0","Conforme",0.923699124755859,0.181976090305966,9815,0.0316637931448017,0.0316669598407858
"img_0072-1","Conforme",0.951157411893957,0.117352681369734,9815,0.0435102271697126,0.0435145786275754
"img_0072-2","Conforme",0.926407737713982,0.175568638756045,9815,0.0327967791665898,0.032800059172507
"img_0073-0","Conforme",0.930982643037684,0.16801453241303,9486,0.0337076430462755,0.0337110141476903
"img_0073-1","Conforme",0.952727174862132,0.115847703905855,9486,0.0433503812519515,0.0433547167236239
"img_0073-2","Conforme",0.929278556321088,0.172123577682109,9486,0.0329417772758215,0.0329450717829998
"img_0074-0","No conforme",0.904118132683249,0.17015116402533,20172,0.196607470703929,0.196627133417271
"img_0074-1","No conforme",0.927245511043773,0.121274980994341,20220,0.133951480066205,0.13396487655386
"img_0074-2","No conforme",0.90247974194695,0.173984846629401,20004,0.201569895075377,0.201590054080785
"img_0075-0","Conforme",0.932016247827866,0.164513370586552,9588,0.0345276419127833,0.0345310950222856
"img_0075-1","Conforme",0.952281662777171,0.116223543187719,9588,0.0434623241932864,0.0434666708603724
"img_0075-2","Conforme",0.926649221299115,0.177374617313325,9588,0.0321730616240064,0.0321762792519316
"img_0076-0","Conforme",0.919234909380744,0.176485845440557,11388,0.0345811825331828,0.0345846409972826
"img_0076-1","Conforme",0.943383387558881,0.124569444918665,11388,0.0435658312307983,0.0435701882496233
"img_0076-2","Conforme",0.91490088931813,0.185855911475804,11388,0.0329783384352406,0.0329816365989005
"img_0077-0","Conforme",0.924780475804946,0.174375999339534,10309,0.033484864843039,0.0334882136644054
"img_0077-1","Conforme",0.948838248057646,0.11942577726816,10309,0.0432746996417823,0.0432790275445368
"img_0077-2","Conforme",0.927488490439022,0.168161442373532,10309,0.0345674436768317,0.0345709007669084
"img_0078-0","No conforme",0.879778370307474,0.20457781902711,21545,0.224586115158378,0.22460857601598
"img_0078-1","No conforme",0.919107765520881,0.128008808317633,21749,0.133338197206709,0.133351532359945
"img_0078-2","No conforme",0.879153361008588,0.205555024280894,21587,0.225655309736483,0.225677877524235
"img_0079-0","Conforme",0.919961454270307,0.184974381392471,10354,0.0316616140062683,0.0316647804843167
"img_0079-1","Conforme",0.948613996205049,0.119638762170247,10354,0.04322686446602,0.0432311875847785
"img_0079-2","Conforme",0.919537302353803,0.185945685126954,10354,0.0314514299905609,0.0314545754481057
"img_0080-0","Conforme",0.931360604337804,0.165574811361246,9639,0.0342703666103239,0.0342737939897229
"img_0080-1","Conforme",0.95204729924819,0.11642624645514,9639,0.0433008467083302,0.0433051772260528
"img_0080-2","Conforme",0.923116117805032,0.18527930959541,9639,0.030642910750037,0.0306459753475717
"img_0081-0","No conforme",0.917541353167366,0.161978818562982,18041,0.208373073748391,0.208393913139705
"img_0081-1","No conforme",0.938690732062845,0.11073295873831,18081,0.134355641360642,0.134369078268469
"img_0081-2","No conforme",0.912184797309427,0.174908266295416,18117,0.227121263824427,0.22714397822225
"img_0082-0","Conforme",0.92086229095459,0.184012512529683,10248,0.0317600738094161,0.0317632501344295
"img_0082-1","Conforme",0.949059927116843,0.119321897111696,10248,0.0432859122575092,0.0432902412816374
"img_0082-2","Conforme",0.922282113916734,0.180737247644932,10248,0.0322932884007265,0.0322965180525318
"img_0083-0","Conforme",0.914926796749339,0.187441588812723,11220,0.0323949276969187,0.0323981675136701
"img_0083-1","Conforme",0.944272975751091,0.123704879453003,11220,0.0434269587251864,0.0434313018553719
"img_0083-2","Conforme",0.916994365324132,0.182928646498765,11220,0.0331860213331358,0.0331893402671625
"img_0084-0","No conforme",0.913483878479004,0.1669812073144,18485,0.21067192441323,0.210692993712601
"img_0084-1","No conforme",0.936616103264304,0.112823606643514,18486,0.134312280401379,0.134325712972676
"img_0084-2","No conforme",0.908759631473317,0.178390499098126,18465,0.227009991351327,0.227032694620789
"img_0085-0","No conforme",0.925864220150218,0.184226399808379,9261,0.0668495110845295,0.0668561967041999
"img_0085-1","No conforme",0.951066406806497,0.126869906904815,9261,0.10657378267055,0.106584441114662
"img_0085-2","No conforme",0.928426662543802,0.17819009329783,9261,0.0708619168365795,0.0708690037369532
"img_0086-0","No conforme",0.90731192661061,0.202404175297031,11431,0.047371513625215,0.0473762512503401
"img_0086-1","No conforme",0.941756185482249,0.130465484977344,11431,0.0764558308038192,0.0764634771515343
"img_0086-2","No conforme",0.915228052906709,0.185588369323467,11431,0.0540085621350684,0.0540139635314215
"img_0087-0","Conforme",0.934144366796157,0.168480972795037,8700,0.0323072816835097,0.0323105127347832
"img_0087-1","Conforme",0.95673265519086,0.111453511042999,8700,0.0432429613782858,0.0432472861068965
"img_0087-2","Conforme",0.935816562841079,0.16423904942233,8700,0.033118231076128,0.0331215432304511
"img_0088-0","Conforme",0.934600529049144,0.164762996900643,8940,0.033427614393584,0.033430957489333
"img_0088-1","Conforme",0.95563281592874,0.112524491487924,8940,0.043333912017701,0.0433382458422852
"img_0088-2","Conforme",0.9356002686983,0.162268509408599,8940,0.0339142467272486,0.0339176384910977
"img_0089-0","No conforme",0.91084473094267,0.19876888996515,11175,0.073804562881605,0.0738119440760126
"img_0089-1","No conforme",0.940012370048972,0.14053570988037,11175,0.116226762078246,0.116238385916838
"img_0089-2","No conforme",0.912858570018095,0.194572061767267,11175,0.076701779531655,0.0767094504767027
"img_0090-0","No conforme",0.889818606800752,0.2047993871202,14816,0.0450398378897258,0.0450443423239582
"img_0090-1","No conforme",0.924133208851534,0.14199426256417,14816,0.0475022667492086,0.0475070174509537
"img_0090-2","No conforme",0.895123826455509,0.194788123407928,14816,0.0399283893500731,0.0399323825883319
"img_0091-0","Conforme",0.909679375197467,0.185201348871205,12636,0.0339565685915209,0.0339599645879797
"img_0091-1","Conforme",0.937222026026109,0.12963365585686,12636,0.0430938268597107,0.043098136673378
"img_0091-2","Conforme",0.909099958190918,0.186378230707884,12636,0.0338185495084433,0.0338219317016135
"img_0092-0","No conforme",0.897898374723547,0.211604955476069,12541,0.0650620731644925,0.0650685800224948
"img_0092-1","No conforme",0.932765588863597,0.143362822520778,12541,0.0887473868037411,0.0887562624299841
"img_0092-2","No conforme",0.908051036305147,0.191370270622555,12541,0.07129860476153,0.0713057353350635
"img_0093-0","Conforme",0.908168367650649,0.19934301562415,11492,0.0306613490247423,0.0306644154662889
"img_0093-1","Conforme",0.942837297201717,0.125068743444059,11492,0.0433225726356064,0.043326905326139
"img_0093-2","Conforme",0.916460121783088,0.181495936282426,11492,0.0336657225620746,0.0336690894710217
"img_0094-0","Conforme",0.92649898213106,0.177732167664226,9588,0.0320026668667811,0.0320058674535264
"img_0094-1","Conforme",0.952310501996208,0.116147940764202,9588,0.0433405947522017,0.0433449292451262
"img_0094-2","Conforme",0.931796603070427,0.165035936475274,9588,0.0343208701010066,0.0343243025312597
"img_0095-0","Conforme",0.908521319005629,0.188969924127908,12480,0.0332577291153149,0.033261055220837
"img_0095-1","Conforme",0.938109579916561,0.128789650070984,12480,0.0431713519686672,0.0431756695356207
"img_0095-2","Conforme",0.90710915459128,0.191857509398618,12480,0.0327798941762634,0.0327831724935127
"img_0096-0","No conforme",0.900291970071232,0.18343515435612,19826,0.219927553404327,0.219949548359163
"img_0096-1","No conforme",0.93018041015625,0.119117652685305,19590,0.134555922453751,0.134569379391691
"img_0096-2","No conforme",0.899166283210306,0.186615414923989,19683,0.223951454398674,0.223973851783852
"img_0097-0","Conforme",0.932850730375402,0.16641551676605,9198,0.0335542496089206,0.0335576053694575
"img_0097-1","Conforme",0.954295322355383,0.114030553968091,9198,0.0433745173875563,0.0433788552730836
"img_0097-2","Conforme",0.932161341409122,0.168108049135123,9198,0.0332382221974863,0.0332415463521215
"img_0098-0","Conforme",0.901788378511317,0.204301396056183,12324,0.0306112931705264,0.030614354605987
"img_0098-1","Conforme",0.938777010390338,0.128388558064533,12324,0.0432761996584575,0.0432805277112286
"img_0098-2","Conforme",0.907342261639763,0.192847199555222,12324,0.0325773546630396,0.0325806127243121
"img_0099-0","No conforme",0.902854831291647,0.177904387523746,19733,0.212107285608319,0.212128498458165
"img_0099-1","No conforme",0.930099157750747,0.118772937112302,19781,0.134054200349889,0.1340676071106
"img_0099-2","No conforme",0.905300480831371,0.172803190551909,19619,0.205113344003496,0.205133857389235
"img_0100-0","No conforme",0.88501346638399,0.195637082444922,21446,0.215035130125859,0.215056635789438
"img_0100-1","No conforme",0.920216160816866,0.127089474811289,21546,0.133037538474534,0.13305084355889
"img_0100-2","No conforme",0.890918206733255,0.18405796429502,21371,0.200829776214499,0.200849861200619
"img_0101-0","Conforme",0.910233662594066,0.189799401785596,12012,0.0328501781344913,0.0328534634808394
"img_0101-1","Conforme",0.940263666148466,0.127249014565282,12012,0.043372610203872,0.0433769478986618
"img_0101-2","Conforme",0.913836829833984,0.182256804984454,12012,0.0340857809573443,0.034089189876332
"img_0102-0","Conforme",0.918126274755141,0.179139669345944,11360,0.0340039869371406,0.0340073876759082
"img_0102-1","Conforme",0.943394755715763,0.124711220347113,11360,0.0433649185043342,0.0433692554298772
"img_0102-2","Conforme",0.918154336152918,0.179078708116096,11360,0.0340078820013011,0.0340112831296141
"img_0103-0","No conforme",0.913669418765797,0.190479172609503,11265,0.0516764275416922,0.0516815957012623
"img_0103-1","No conforme",0.942621481718175,0.129673797166769,11265,0.0766233803001753,0.0766310434045158
"img_0103-2","No conforme",0.919707705042222,0.177587895345191,11265,0.0568515525398457,0.0568572382636721
"img_0104-0","Conforme",0.929208492575253,0.171112236510137,9600,0.03319671604129,0.0332000360448945
"img_0104-1","Conforme",0.952326716577866,0.116026423511449,9600,0.0433235882573262,0.0433279210494311
"img_0104-2","Conforme",0.92774834257238,0.174610712576548,9600,0.0325951349813493,0.0325983948208314
"img_0105-0","No conforme",0.908632367948644,0.200809179306147,11438,0.072865772149063,0.0728730594550085
"img_0105-1","No conforme",0.938681158878102,0.141552361645992,11438,0.115079496398828,0.115091005499378
"img_0105-2","No conforme",0.914276717672909,0.189244488931922,11438,0.0807544003809477,0.0807624766286105
"img_0106-0","Conforme",0.917458904113769,0.187690022232196,10640,0.0314900231943965,0.0314931725116477
"img_0106-1","Conforme",0.947078098377901,0.12123785134686,10640,0.043194115818381,0.0431984356619472
"img_0106-2","Conforme",0.923721382410386,0.17357612712348,10640,0.033965723927556,0.03396912083964
"img_0107-0","No conforme",0.907535939133588,0.176162049342943,18976,0.219174630336694,0.219196549991693
"img_0107-1","No conforme",0.934449392395019,0.114598706388346,18895,0.1339157875313,0.133929180449345
"img_0107-2","No conforme",0.912113536915499,0.165784449708026,18858,0.204337526324359,0.204357962120571
"img_0108-0","Conforme",0.905718111015768,0.201551608482239,11786,0.0307282487159121,0.0307313218480969
"img_0108-1","Conforme",0.941595116648954,0.125877110354473,11786,0.0435837935318249,0.0435881523470596
"img_0108-2","Conforme",0.906247208970014,0.200428660067983,11786,0.0308942278217463,0.0308973175535016
"img_0109-0","Conforme",0.919520010788861,0.18144347038104,10800,0.0327017394957546,0.0327050099967543
"img_0109-1","Conforme",0.946415873323328,0.121670991523026,10800,0.0430864523699682,0.0430907614461128
"img_0109-2","Conforme",0.917646239372702,0.185629152169282,10800,0.031947580572249,0.031950775649814
"img_0110-0","No conforme",0.908090824854234,0.196879115401184,11818,0.0498248701080816,0.0498298530933909
"img_0110-1","No conforme",0.939715182495117,0.132240384400403,11818,0.0753116145109215,0.0753191464255641
"img_0110-2","No conforme",0.912841757112391,0.187003042910176,11818,0.0536549654497627,0.053660331482911
"img_0111-0","Conforme",0.934713492629107,0.161027004398362,9280,0.0346373466223393,0.0346408107034097
"img_0111-1","Conforme",0.953897137702493,0.114432372961052,9280,0.0433142792914982,0.0433186111526134
"img_0111-2","Conforme",0.926408156540814,0.181320443745521,9280,0.0308850998674379,0.0308881886863065
"img_0112-0","Conforme",0.920333252832749,0.180098287403693,10752,0.0329051702932892,0.0329084611394031
"img_0112-1","Conforme",0.946626483387667,0.121516600688103,10752,0.0431489875576545,0.0431533028879433
"img_0112-2","Conforme",0.923481095473346,0.173050793930546,10752,0.0340949604323727,0.0340983702693996
"img_0113-0","Conforme",0.921598648358513,0.17669476492411,10812,0.0338057656011046,0.0338091465157562
"img_0113-1","Conforme",0.946270480580049,0.12193647273782,10812,0.0434209660354651,0.0434253085663218
"img_0113-2","Conforme",0.920215562492819,0.17978013772643,10812,0.0332527402858402,0.0332560658924295
"img_0114-0","Conforme",0.911883900146484,0.187949799888333,11840,0.0325714292680449,0.0325746867367186
"img_0114-1","Conforme",0.941103234450396,0.126531496401412,11840,0.0428531854954746,0.0428574712425989
"img_0114-2","Conforme",0.913683718710507,0.184146709794422,11840,0.0331661859517852,0.0331695029020754
"img_0115-0","No conforme",0.907290087782916,0.197994589119185,11844,0.042164273303415,0.0421684901524303
"img_0115-1","No conforme",0.940277607098748,0.128426547930767,11844,0.0457440446002525,0.0457486194621987
"img_0115-2","No conforme",0.917224600417193,0.176717205143188,11844,0.036641232788673,0.0366448972784009
"img_0116-0","No conforme",0.922591985940372,0.183841591879518,9916,0.0425697656285203,0.0425740230308234
"img_0116-1","No conforme",0.94993000994514,0.120223146948186,9916,0.0543815725476315,0.0543870112487564
"img_0116-2","No conforme",0.924292303215476,0.179834246868039,9916,0.0426509947020412,0.0426552602280641
"img_0117-0","Conforme",0.924149902092429,0.176234219295212,10268,0.0331876884362254,0.0331910075369791
"img_0117-1","Conforme",0.948848958058077,0.119677165065115,10268,0.043346972117395,0.0433513072481198
"img_0117-2","Conforme",0.923814361967199,0.177007487987407,10268,0.0330838595147951,0.0330871682316183
"img_0118-0","No conforme",0.91027638293098,0.194494888791947,11551,0.0403769773172427,0.0403810154187846
"img_0118-1","No conforme",0.941875491297105,0.126874815253937,11551,0.0452976631336233,0.0453021933529586
"img_0118-2","No conforme",0.914404340192009,0.185516644511139,11551,0.0379655896075246,0.0379693865461792
"img_0119-0","Conforme",0.915246660784553,0.188679329005895,11026,0.0319164021587434,0.0319195941181553
"img_0119-1","Conforme",0.945249979086483,0.122809518082444,11026,0.0433928729299314,0.0433972126511965
"img_0119-2","Conforme",0.911865651263069,0.196146103708989,11026,0.030672062904186,0.0306751304172277
"img_0120-0","Conforme",0.896853820603315,0.207266246120112,13035,0.0309495200574362,0.0309526153189681
"img_0120-1","Conforme",0.935231701085708,0.131217748425374,13035,0.0433682600415759,0.043372597301306
"img_0120-2","Conforme",0.904845934053309,0.191351989821549,13035,0.033537353655161,0.0335407077259336
"img_0121-0","Conforme",0.907844554676729,0.189010569659583,12628,0.0337725192272108,0.0337758968168925
"img_0121-1","Conforme",0.937119353619744,0.129922852879261,12628,0.043597449622536,0.0436018098035163
"img_0121-2","Conforme",0.901861194547765,0.20115897396975,12628,0.0317484696404973,0.0317516448049778
"img_0122-0","Conforme",0.927054585840562,0.175867021923549,9638,0.0322166057302083,0.0322198277129796
"img_0122-1","Conforme",0.952209145902746,0.116037574601076,9638,0.0431235152690358,0.043127828051841
"img_0122-2","Conforme",0.923893460406135,0.183427018353662,9638,0.0308368678829722,0.03083995187816
"img_0123-0","No conforme",0.901918394326603,0.178390927758347,19899,0.211202692492657,0.211223814874145
"img_0123-1","No conforme",0.929133582404642,0.119827564029057,19917,0.134661893229015,0.134675360765091
"img_0123-2","No conforme",0.899472266127642,0.183950725653512,19859,0.219005735105122,0.219027637868909
"img_0124-0","Conforme",0.918224399898753,0.177880399785235,11473,0.0343349148730913,0.0343383487079621
"img_0124-1","Conforme",0.943052095534381,0.124736429996375,11473,0.0434593230099323,0.04346366937687
"img_0124-2","Conforme",0.911525803204705,0.192303418839885,11473,0.0318714737286352,0.0318746611947546
"img_0125-0","Conforme",0.924515956744026,0.183773488406276,9472,0.0307241984552189,0.0307272711823371
"img_0125-1","Conforme",0.952887346209358,0.115558648019321,9472,0.0433569056741422,0.0433612417983221
"img_0125-2","Conforme",0.924747149155561,0.183215843113067,9472,0.0308757692889323,0.0308788571746498
"img_0126-0","No conforme",0.897767461422191,0.182147239960108,20262,0.210507190237355,0.210528243061661
"img_0126-1","No conforme",0.926667889009363,0.12198610557006,20305,0.133982092254749,0.133995491803929
"img_0126-2","No conforme",0.89245960914163,0.193127851216281,20408,0.22505640944536,0.225078917337094
"img_0127-0","No conforme",0.898116463838465,0.20713546365776,12919,0.0600290585307642,0.0600350620369678
"img_0127-1","No conforme",0.933007491275563,0.141260817186205,12919,0.0936828951246752,0.0936922643511103
"img_0127-2","No conforme",0.89979488245347,0.20387190294105,12919,0.0616455450400165,0.0616517102110376
"img_0128-0","No conforme",0.910703167473288,0.199105351225784,11105,0.0617350236532194,0.0617411977729967
"img_0128-1","No conforme",0.941901279063505,0.134758445179446,11105,0.0993294800420748,0.0993394139834732
"img_0128-2","No conforme",0.91348615211038,0.193181477500791,11105,0.0650694943050084,0.0650760019051989
"img_0129-0","Conforme",0.90535229569379,0.198246785302571,12191,0.0315385052783468,0.0315416594442912
"img_0129-1","Conforme",0.939405011309455,0.127916971267789,12191,0.0433005168411682,0.0433048473259007
"img_0129-2","Conforme",0.911972212775735,0.18450978043632,12191,0.0338378388764083,0.0338412229987082
"img_0130-0","Conforme",0.913223428021599,0.187900896347663,11550,0.0328704474429457,0.0328737348164273
"img_0130-1","Conforme",0.942568230878045,0.125296299107974,11550,0.0436286077085406,0.0436329710056412
"img_0130-2","Conforme",0.916138821770163,0.181649442510194,11550,0.0339191287617554,0.0339225210138567
"img_0131-0","No conforme",0.881982416597254,0.203491973328838,21272,0.226529967268655,0.226552622530908
"img_0131-1","No conforme",0.921001879954618,0.126566270105501,21360,0.13355337227108,0.133566728943974
"img_0131-2","No conforme",0.888566613733628,0.190396568444439,21290,0.210448014058659,0.210469060964755
"img_0132-0","Conforme",0.919129365018957,0.190005359298095,10064,0.0304393557206419,0.0304423999606379
"img_0132-1","Conforme",0.949972371287626,0.118443912201688,10064,0.0433684433314766,0.0433727806095376
"img_0132-2","Conforme",0.928267867341883,0.168711720890928,10064,0.0342986339802148,0.0343020641866335
"img_0133-0","Conforme",0.899240176230038,0.206353790628478,12640,0.0304712878737485,0.0304743353072792
"img_0133-1","Conforme",0.937230043568331,0.129591097181922,12640,0.0430642195701837,0.043068526422826
"img_0133-2","Conforme",0.904006605080997,0.1966738720262,12640,0.0320756703552451,0.0320788782430695
"img_0134-0","No conforme",0.920644261672076,0.185553549313254,10269,0.0630669992832816,0.063073306613943
"img_0134-1","No conforme",0.94571374005486,0.129980433552977,10269,0.0835044212177752,0.0835127724950247
"img_0134-2","No conforme",0.920453695463293,0.185985552955159,10269,0.0629523780034433,0.0629586738708303
"img_0135-0","Conforme",0.914723067411535,0.190215001654649,10988,0.0313219319160211,0.0313250644224634
"img_0135-1","Conforme",0.945493736302993,0.122494770137412,10988,0.0430104502505879,0.0430147517257605
"img_0135-2","Conforme",0.914205397446576,0.191360612803854,10988,0.0311319619393602,0.0311350754469049
"img_0136-0","Conforme",0.921188616889505,0.180681447091413,10500,0.0327209181102587,0.0327241905293116
"img_0136-1","Conforme",0.947798121535357,0.120542613427093,10500,0.0433913110502651,0.0433956506153266
"img_0136-2","Conforme",0.921200822700052,0.180653758955189,10500,0.0327272240218854,0.0327304970715926
"img_0137-0","Conforme",0.919211873904957,0.184976257494141,10519,0.0319436564288616,0.031946851113973
"img_0137-1","Conforme",0.947741819242589,0.120543036536948,10519,0.0433523819554205,0.0433567176271832
"img_0137-2","Conforme",0.917890834242877,0.187975353736041,10519,0.0313893007963346,0.0313924400403387
"img_0138-0","Conforme",0.916660021846996,0.18267235045616,11322,0.0332103272936574,0.0332136486585233
"img_0138-1","Conforme",0.943683686397777,0.124320531712492,11322,0.0432263840218231,0.0432307070925324
"img_0138-2","Conforme",0.920196715285357,0.174999883753916,11322,0.034514780713957,0.0345182325372107
"img_0139-0","Conforme",0.923548945420209,0.178240992484422,10206,0.0326371770516213,0.0326404410957309
"img_0139-1","Conforme",0.949293632489373,0.119062514016056,10206,0.0432769382892555,0.0432812664158971
"img_0139-2","Conforme",0.922736361532772,0.180119849284065,10206,0.0323430156629177,0.0323462502879465
"img_0140-0","Conforme",0.909126763108197,0.185972992693638,12675,0.0338414397365874,0.0338448242190093
"img_0140-1","Conforme",0.937019732666016,0.129801854763352,12675,0.0430514971065601,0.0430558026868287
"img_0140-2","Conforme",0.8984610984892,0.207586988373958,12675,0.0303340612722562,0.0303370949817544
"img_0141-0","Conforme",0.911446345771341,0.195061826525765,11218,0.030971550110678,0.0309746475754355
"img_0141-1","Conforme",0.944314499439913,0.123620328471025,11218,0.0433113882042829,0.0433157197762605
"img_0141-2","Conforme",0.913834616035013,0.189844226274604,11218,0.0318916815498028,0.0318948710369064
"img_0142-0","No conforme",0.912099715630026,0.164182617217433,19007,0.20089133044256,0.200911421584718
"img_0142-1","No conforme",0.933576976102941,0.115878519656794,19062,0.134676855138998,0.134690324171415
"img_0142-2","No conforme",0.905807859622731,0.179231048150241,18899,0.221635303632759,0.221657469379697
"img_0143-0","No conforme",0.900412951193417,0.184654219997453,19514,0.222109966956581,0.222132180174598
"img_0143-1","No conforme",0.930350154688218,0.118806579135447,19609,0.134724670559921,0.134738144374358
"img_0143-2","No conforme",0.902853215816722,0.178877227938303,19690,0.214623386590281,0.214644851075389
"img_0144-0","Conforme",0.907375648121553,0.186269575112149,13040,0.0341638074122051,0.0341672241346186
"img_0144-1","Conforme",0.935274002595789,0.131086468017438,13040,0.0431068222748112,0.04311113338815
"img_0144-2","Conforme",0.902098130870146,0.196768189120857,13040,0.0324760828478308,0.0324793307809089
"img_0145-0","No conforme",0.916859742413689,0.190473739556526,10719,0.0787854601045813,0.0787933394385252
"img_0145-1","No conforme",0.942350560589959,0.138657622743373,10719,0.118289805734943,0.118301635898532
"img_0145-2","No conforme",0.912520277602252,0.199743210232532,10719,0.072102365060238,0.0721095760178398
"img_0146-0","Conforme",0.918353937054802,0.190866962209817,10150,0.0304480578840447,0.0304511029943442
"img_0146-1","Conforme",0.949639164626177,0.118644924048223,10150,0.0434102573301936,0.0434145987900726
"img_0146-2","Conforme",0.925581272708668,0.174105023026428,10150,0.0334217330192725,0.0334250755268252
"img_0147-0","Conforme",0.915286688663258,0.188867112572972,10998,0.0315868559735956,0.0315900149750932
"img_0147-1","Conforme",0.945344753615435,0.12275960659742,10998,0.0430258211861683,0.0430301241985882
"img_0147-2","Conforme",0.920962988891601,0.176326129536836,10998,0.0337607128332114,0.0337640892421356
"img_0148-0","No conforme",0.917559602050781,0.189675320791883,10458,0.0410599314984394,0.0410640379022296
"img_0148-1","No conforme",0.947461923253676,0.121724561988181,10458,0.0458085343839964,0.0458131156955659
"img_0148-2","No conforme",0.91963291453642,0.184885909958958,10458,0.0396353685766159,0.0396393325098669
"img_0149-0","No conforme",0.916702921681124,0.161349580017563,18384,0.205080479677828,0.205100989776805
"img_0149-1","No conforme",0.937459321342917,0.112039741788086,18385,0.134533260684243,0.134546715355779
"img_0149-2","No conforme",0.914349773038976,0.167818673406173,18149,0.214201360607772,0.21422278288606
"img_0150-0","No conforme",0.911439644542021,0.196322468618603,11227,0.0633974426621167,0.0634037830404208
"img_0150-1","No conforme",0.941315998481302,0.135184708713399,11227,0.0988094462857276,0.0988193282185494
"img_0150-2","No conforme",0.917427791263356,0.18371982056186,11227,0.0704585458970928,0.0704655924563384
"img_0151-0","Conforme",0.920968972132066,0.177670233660524,10857,0.033832102956427,0.0338354865050775
"img_0151-1","Conforme",0.945910349336512,0.122454701011699,10857,0.0435888697895315,0.0435932291124428
"img_0151-2","Conforme",0.916967380909639,0.186579255173959,10857,0.0322789319156268,0.0322821601316399
"img_0152-0","Conforme",0.913722490108714,0.18930173454875,11297,0.0321616250983559,0.0321648415825141
"img_0152-1","Conforme",0.943867970204073,0.124093002142245,11297,0.0434289617000667,0.0434333050305697
"img_0152-2","Conforme",0.919249388822668,0.177290631129893,11297,0.034239733019227,0.0342431573349605
"img_0153-0","No conforme",0.91971799621582,0.19250203010794,9823,0.0628656183166003,0.062871905507151
"img_0153-1","No conforme",0.948198460154814,0.129541232687536,9823,0.103966557449326,0.10397695514484
"img_0153-2","No conforme",0.919574637774299,0.192830496257307,9823,0.0626562174376109,0.0626624836859794
"img_0154-0","Conforme",0.918343705713609,0.182215042324149,10988,0.0329449986513114,0.0329482934806595
"img_0154-1","Conforme",0.945492778984519,0.122516459242025,10988,0.0433417983786148,0.043346132991914
"img_0154-2","Conforme",0.917773981556612,0.183473967851844,10988,0.0327111707069398,0.0327144421511549
"img_0155-0","Conforme",0.934493369212431,0.162202335716068,9216,0.0343279619897513,0.0343313951292642
"img_0155-1","Conforme",0.954245481962316,0.114027807428822,9216,0.0433748143065806,0.0433791522218028
"img_0155-2","Conforme",0.933315388829848,0.165090773063106,9216,0.0338246448803942,0.0338280276831626
"img_0156-0","Conforme",0.92311725462072,0.179102552014244,10220,0.0327466159674777,0.0327498909565733
"img_0156-1","Conforme",0.949211003938563,0.119174196718819,10220,0.0435304601143558,0.0435348135957154
"img_0156-2","Conforme",0.919877988065832,0.186584038738888,10220,0.0314112705146105,0.031414411955806
"img_0157-0","No conforme",0.915973385171329,0.179385693764717,11853,0.0391699453614044,0.0391738627476792
"img_0157-1","No conforme",0.939807862889907,0.129470680245439,11853,0.047477834050044,0.0474825823082748
"img_0157-2","No conforme",0.9177325775326,0.175608260251209,11853,0.0379078948943949,0.0379116860630012
"img_0158-0","No conforme",0.920635885135426,0.192164879243815,9718,0.0752592161499393,0.0752667428242217
"img_0158-1","No conforme",0.947197464025161,0.134889236168858,9718,0.122944995641291,0.122957291370428
"img_0158-2","No conforme",0.926065795521456,0.179952894962283,9718,0.0849672452030159,0.0849757427772937
"img_0159-0","No conforme",0.896405257065717,0.178071261648198,21073,0.199331503803636,0.199351438947531
"img_0159-1","No conforme",0.923244518145393,0.125175622671363,20761,0.133802356462083,0.133815738035887
"img_0159-2","No conforme",0.897708287174,0.175638642265438,20957,0.195905596787851,0.195925189306782
"img_0160-0","Conforme",0.922327945538689,0.180418697565046,10269,0.0324596746193842,0.0324629209114753
"img_0160-1","Conforme",0.948961323313993,0.119414831461904,10269,0.043387275162557,0.0433916143239894
"img_0160-2","Conforme",0.917649649819767,0.191195518255889,10269,0.0305044314889575,0.0305074822371813
"img_0161-0","Conforme",0.933866385444192,0.16351778407165,9238,0.0341505030473697,0.0341539184392136
"img_0161-1","Conforme",0.954063292290183,0.114321964365396,9238,0.0433955592964754,0.043399899286404
"img_0161-2","Conforme",0.934673943409639,0.161543188476467,9238,0.034576573768259,0.0345800317714362
"img_0162-0","No conforme",0.895483957699046,0.202555822582398,13836,0.0369903409488287,0.036994040352864
"img_0162-1","No conforme",0.930726380848604,0.135288890629557,13836,0.0447670255469307,0.0447715026972004
"img_0162-2","No conforme",0.893099277379653,0.207176855770299,13836,0.0377055176122293,0.0377092885410834
"img_0163-0","Conforme",0.911273071127499,0.19056398091243,11704,0.0323258380387533,0.0323290709458479
"img_0163-1","Conforme",0.941821223306095,0.125895327077121,11704,0.0432978258500055,0.0433021560656121
"img_0163-2","Conforme",0.906680874238856,0.200341488615642,11704,0.0306491280675687,0.0306521932868974
"img_0164-0","No conforme",0.911128037378648,0.20025656641651,10890,0.0579481637109586,0.0579539591068693
"img_0164-1","No conforme",0.943164759952321,0.132924240587716,10890,0.0955269779460594,0.0955365315992193
"img_0164-2","No conforme",0.912958370469037,0.19629262263071,10890,0.0600889604986926,0.0600949699956922
"img_0165-0","No conforme",0.91115938955868,0.192062242463262,11653,0.0516409301384838,0.0516460947479586
"img_0165-1","No conforme",0.940562469177246,0.131542288000003,11653,0.0758320956022633,0.0758396795702203
"img_0165-2","No conforme",0.913846762013155,0.186433249361828,11653,0.053854812537709,0.0538601985575647
"img_0166-0","Conforme",0.928739167193244,0.174627356010222,9372,0.032150789030748,0.0321540044311911
"img_0166-1","Conforme",0.953401426230038,0.114995224432434,9372,0.0431861886004228,0.0431905076511879
"img_0166-2","Conforme",0.926139868038402,0.180946963289759,9372,0.0310025750199975,0.0310056755875563
"img_0167-0","No conforme",0.913042434997559,0.180705198547156,12390,0.0393972327679951,0.0394011728852837
"img_0167-1","No conforme",0.93670525354722,0.132535689124315,12390,0.0479855398756736,0.0479903389095645
"img_0167-2","No conforme",0.903719648868336,0.20041793912829,12390,0.0507406191021657,0.0507456936715328
"img_0168-0","Conforme",0.920405889371984,0.182887556260705,10458,0.0322654716481592,0.032268698518011
"img_0168-1","Conforme",0.947987012436811,0.120388525313131,10458,0.0433560848881749,0.0433604209302679
"img_0168-2","Conforme",0.925508157510196,0.171272460789146,10458,0.0343005466306498,0.0343039770283527
"img_0169-0","No conforme",0.921289972982968,0.184080885758648,10389,0.0826576819620056,0.0826659485568613
"img_0169-1","No conforme",0.943883885623707,0.137510813477351,10389,0.11921634657847,0.11922826940541
"img_0169-2","No conforme",0.918819433162913,0.189415445145141,10389,0.0786769908390546,0.078684859324987
"img_0170-0","No conforme",0.910976541730095,0.187579501334876,12112,0.0407851032844483,0.0407891822026686
"img_0170-1","No conforme",0.938428725962919,0.130645978578012,12112,0.0465721021357607,0.0465767598117419
"img_0170-2","No conforme",0.909199339815028,0.191360532321342,12112,0.0423919899522793,0.0423962295752369
"img_0171-0","Conforme",0.912745127778895,0.186705317970324,11781,0.033275050181483,0.0332783780192849
"img_0171-1","Conforme",0.941417354574764,0.126282067288648,11781,0.0435523665691751,0.0435567222413992
"img_0171-2","Conforme",0.911510605773926,0.189320955846036,11781,0.032829194417135,0.0328324776649015
"img_0172-0","Conforme",0.916214390097225,0.185167177670013,11165,0.032684507307137,0.0326877760847455
"img_0172-1","Conforme",0.944505484475528,0.123545218096497,11165,0.0433442444425023,0.0433485793004323
"img_0172-2","Conforme",0.920330141547708,0.176160910378473,11165,0.034256335139858,0.0342597611159696
"img_0173-0","Conforme",0.914991355913948,0.183054781591755,11661,0.033529909859472,0.0335332631857906
"img_0173-1","Conforme",0.942001259011661,0.125782517237037,11661,0.043275632593271,0.0432799605893299
"img_0173-2","Conforme",0.909527161560059,0.194706673809925,11661,0.0315045147509854,0.0315076655175371
"img_0174-0","Conforme",0.915223565476361,0.193315140066731,10586,0.0306263431883309,0.0306294061289438
"img_0174-1","Conforme",0.947366909395106,0.120953964728232,10586,0.0434130495175735,0.0434173912566992
"img_0174-2","Conforme",0.91823169945212,0.186508052763158,10586,0.0318131691540929,0.0318163507891719
"img_0175-0","No conforme",0.925978021383846,0.175492159566257,10112,0.0740618774952806,0.074069284423723
"img_0175-1","No conforme",0.946717129480698,0.130895257012051,10112,0.102809146033921,0.102819427976719
"img_0175-2","No conforme",0.920170688189338,0.18845596712886,10112,0.0660765346551814,0.0660831429694783
"img_0176-0","No conforme",0.915221830336627,0.183620073292595,11645,0.0547460029117818,0.0547514780595878
"img_0176-1","No conforme",0.940804431421616,0.131082182074793,11645,0.0757905826797336,0.0757981624959832
"img_0176-2","No conforme",0.916836527440688,0.180247194471346,11645,0.0560762816501137,0.0560818898390976
"img_0177-0","No conforme",0.895429151216395,0.203948879272231,13930,0.0739150829432937,0.0739224751908128
"img_0177-1","No conforme",0.926344853856704,0.149818791764734,13930,0.106302643746361,0.106313275073868
"img_0177-2","No conforme",0.889044076322668,0.215613873586334,13930,0.0672721638093395,0.0672788916985094
"img_0178-0","No conforme",0.902838856039608,0.176763796546416,19685,0.209104711552307,0.209125624114719
"img_0178-1","No conforme",0.929339346044204,0.119502735093347,19825,0.134343004880775,0.134356440524827
"img_0178-2","No conforme",0.902966658055922,0.176069267298992,19940,0.208342953349367,0.20836378972834
"img_0179-0","No conforme",0.90269077083812,0.204286455883117,12246,0.0571874250613753,0.0571931443758128
"img_0179-1","No conforme",0.93593568915872,0.137671072053563,12246,0.0784070080874892,0.0784148495724465
"img_0179-2","No conforme",0.905810372583726,0.197937328187552,12246,0.0591750984265844,0.0591810165282372
"img_0180-0","No conforme",0.902019870084875,0.198147268211042,13175,0.0768166296566567,0.0768243120878655
"img_0180-1","No conforme",0.930136373506434,0.147388463945621,13175,0.108819416928389,0.108830299958385
"img_0180-2","No conforme",0.896971211781221,0.207657209168073,13175,0.0710972058549751,0.0711043162866038
"img_0181-0","No conforme",0.894856495271571,0.206948405222142,13536,0.0460604173608008,0.0460650238631871
"img_0181-1","No conforme",0.931252846177045,0.136233017456069,13536,0.0469803583021843,0.046985056807865
"img_0181-2","No conforme",0.897103022568646,0.202468742088458,13536,0.04389100705933,0.0438953965989899
"img_0182-0","Conforme",0.920446754904354,0.183743389883907,10366,0.0321024529081968,0.0321056634745442
"img_0182-1","Conforme",0.948460585919548,0.119926322847022,10366,0.0435144617130464,0.0435188135944059
"img_0182-2","Conforme",0.925140188221651,0.173000214122402,10366,0.0339827569614952,0.0339861555770529
"img_0183-0","Conforme",0.927439487699621,0.168941741610193,10240,0.0346922807235368,0.0346957502985667
"img_0183-1","Conforme",0.949099835330739,0.119305346220415,10240,0.0436737876216536,0.0436781554371973
"img_0183-2","Conforme",0.925694595283059,0.172961655847871,10240,0.033989011100391,0.0339924103414251
"img_0184-0","Conforme",0.920112231930003,0.175572270158282,11280,0.0344893523209238,0.0344928016010839
"img_0184-1","Conforme",0.943943718028349,0.124036521868407,11280,0.0434174451932501,0.0434217873719872
"img_0184-2","Conforme",0.917062095606187,0.182203836559454,11280,0.0333509436356167,0.0333542790635231
"img_0185-0","No conforme",0.897195702963436,0.187310160775268,20011,0.221905679206019,0.221927871993219
"img_0185-1","No conforme",0.928799717586742,0.120388294533103,19917,0.134712143125103,0.134725615686672
"img_0185-2","No conforme",0.895100491817699,0.192352696756825,19794,0.228072281896166,0.228095091405306
"img_0186-0","Conforme",0.923201737976074,0.181946393781211,9928,0.0319533774817614,0.0319565731390753
"img_0186-1","Conforme",0.950570276507209,0.117976440734827,9928,0.043628450183733,0.0436328134650795
"img_0186-2","Conforme",0.923051618472828,0.182299523727011,9928,0.0319033640239772,0.0319065546794451
"img_0187-0","No conforme",0.909750635591395,0.188954589215639,12282,0.0498414687171657,0.049846453362502
"img_0187-1","No conforme",0.936123562909294,0.134474080932215,12282,0.0488323796879812,0.0488372634143226
"img_0187-2","No conforme",0.908418826096479,0.19184591260714,12282,0.0525590866166991,0.0525643430510042
"img_0188-0","Conforme",0.923830935543285,0.185071568586757,9504,0.0306168577103367,0.0306199197023069
"img_0188-1","Conforme",0.952683257877125,0.11583201685033,9504,0.0433923094844966,0.0433966491494116
"img_0188-2","Conforme",0.926444355145623,0.178768424892537,9504,0.0317813729701896,0.0317845514253321
"img_0189-0","No conforme",0.908768546501608,0.197101609185957,11796,0.075021380840266,0.0750288837286388
"img_0189-1","No conforme",0.935358426118738,0.142672268737629,11796,0.0874835649797947,0.0874923142112158
"img_0189-2","No conforme",0.909849179561839,0.194800900667643,11796,0.0746629477188663,0.0746704147603423
"img_0190-0","Conforme",0.915777015219296,0.193219156207919,10478,0.0304023113698686,0.0304053519050591
"img_0190-1","Conforme",0.947951771150477,0.120335019941048,10478,0.0433235436902671,0.0433278764779149
"img_0190-2","Conforme",0.921788197416418,0.17953809712848,10478,0.0328544834423141,0.0328577692192361
"img_0191-0","No conforme",0.911615611644072,0.186702496992406,12127,0.053562781961751,0.0535681387756286
"img_0191-1","No conforme",0.936798113439223,0.135297613135049,12127,0.0644491688619112,0.0644556144233535
"img_0191-2","No conforme",0.904081754581227,0.202578177831927,12127,0.0570535994231739,0.0570593053537093
"img_0192-0","Conforme",0.923654908608829,0.182675003299248,9760,0.0315246553370699,0.0315278081178816
"img_0192-1","Conforme",0.951531783249799,0.116845064462117,9760,0.0435930531795982,0.0435974129208903
"img_0192-2","Conforme",0.931381725176643,0.164349510761307,9760,0.034862501843077,0.0348659884419212
"img_0193-0","No conforme",0.892023071917366,0.194171534662368,20204,0.225370262052013,0.225392801332146
"img_0193-1","No conforme",0.926400797155044,0.122334160837314,20297,0.133993860699614,0.134007261425756
"img_0193-2","No conforme",0.89449438955868,0.188905732873933,20248,0.218764993948812,0.218786872636075
"img_0194-0","No conforme",0.894220057983398,0.20865313536721,13565,0.0600779905018739,0.0600839989017641
"img_0194-1","No conforme",0.929845588019876,0.143374730691257,13565,0.0920485226384951,0.0920577284113362
"img_0194-2","No conforme",0.902210017466825,0.193644183488453,13565,0.0671961869025515,0.0672029071932708
"img_0195-0","No conforme",0.898465765416762,0.189067067115773,19626,0.228894912851932,0.228917804632395
"img_0195-1","No conforme",0.930605698888442,0.118481474349891,19627,0.134594523475533,0.13460798427396
"img_0195-2","No conforme",0.908049899489459,0.16793302102766,19540,0.200335479876378,0.200355515427921
"img_0196-0","Conforme",0.905686399841308,0.189630565346638,13040,0.0336794627314892,0.0336828310145906
"img_0196-1","Conforme",0.935167800077551,0.131299387615602,13040,0.0431394329983641,0.0431437473731014
"img_0196-2","Conforme",0.902127807742848,0.196710969760684,13040,0.0325418976127264,0.0325451521279392
"img_0197-0","Conforme",0.91231529178395,0.181227524353599,12480,0.0348290753439758,0.0348325585998358
"img_0197-1","Conforme",0.938061295166016,0.128911211164224,12480,0.0435316481823596,0.0435360017825379
"img_0197-2","Conforme",0.904723576785817,0.196746415120735,12480,0.0322549456960184,0.0322581715131697
"img_0198-0","Conforme",0.915732499910242,0.186914587946749,11096,0.0325773053357327,0.0325805633920719
"img_0198-1","Conforme",0.944853948400161,0.123248792954642,11096,0.0437264441445865,0.0437308172263091
"img_0198-2","Conforme",0.91893604651956,0.17987664793612,11096,0.033825666343104,0.0338290492480288
"img_0199-0","Conforme",0.917871089549345,0.186905061830796,10626,0.0316205903471905,0.0316237527224628
"img_0199-1","Conforme",0.947228217881147,0.120991271681758,10626,0.0431844287197621,0.0431887475945216
"img_0199-2","Conforme",0.916322806414436,0.190399888599529,10626,0.0309919123356221,0.0309950118368058
"img_0200-0","No conforme",0.900646895895565,0.202486057546868,12973,0.074062424453036,0.0740698314361796
"img_0200-1","No conforme",0.931051988794663,0.146896481644352,12973,0.109490070273032,0.109501020375069
"img_0200-2","No conforme",0.901414126820284,0.201028526067345,12973,0.0749630567048539,0.0749705537602299
"img_0201-0","Conforme",0.905525749834846,0.198193851911749,12160,0.0316081618435396,0.0316113229758372
"img_0201-1","Conforme",0.9396337505924,0.127642623066164,12160,0.0434168176673464,0.0434211597833247
"img_0201-2","Conforme",0.906475768755744,0.196217049812705,12160,0.0319030581389651,0.0319062487638415
"img_0202-0","No conforme",0.915294347211052,0.191264309921458,10810,0.0456207049934471,0.0456252675201992
"img_0202-1","No conforme",0.94524878243839,0.124526326503779,10810,0.0483781945075348,0.0483830328108159
"img_0202-2","No conforme",0.922689393095129,0.174474165078127,10810,0.0397483417659297,0.0397523169976294
"img_0203-0","Conforme",0.912524705200195,0.184995371919215,12012,0.0334142438684347,0.0334175856269974
"img_0203-1","Conforme",0.940330917771283,0.127092451076277,12012,0.0431140544045483,0.0431183662411724
"img_0203-2","Conforme",0.907228101411707,0.19608938074132,12012,0.0316011697183431,0.0316043301513582
"img_0204-0","No conforme",0.905442582792394,0.203994328499007,11714,0.0588241331084383,0.0588300161100493
"img_0204-1","No conforme",0.938989654756434,0.136636332848077,11714,0.095283437598912,0.0952929668956015
"img_0204-2","No conforme",0.905209415911506,0.204477239621389,11714,0.0585673934820723,0.0585732508071531
"img_0205-0","Conforme",0.919966899019129,0.187931579878485,10075,0.0308007141146033,0.0308037944940527
"img_0205-1","Conforme",0.949942694414924,0.118436736722793,10075,0.0433226603130897,0.0433269930123909
"img_0205-2","Conforme",0.921899186527028,0.183428323788219,10075,0.0315953229845438,0.031598482832827
"img_0206-0","Conforme",0.913843890057732,0.187481958596318,11455,0.0325872915654613,0.0325905506205234
"img_0206-1","Conforme",0.943202334702436,0.124522046832971,11455,0.043367970575178,0.0433723078059586
"img_0206-2","Conforme",0.908147725471048,0.199769277293239,11455,0.0304529335042495,0.0304559791021597
"img_0207-0","No conforme",0.891313818592745,0.213570073211127,13624,0.0573621622953777,0.0573678990852862
"img_0207-1","No conforme",0.929355321296243,0.143824956491704,13624,0.0910422655133886,0.0910513706504537
"img_0207-2","No conforme",0.896026936771168,0.204692008458455,13624,0.0614969886254345,0.0615031389393285
"img_0208-0","No conforme",0.910522832605698,0.197305337936446,11244,0.045627620512533,0.0456321837309061
"img_0208-1","No conforme",0.942914361338896,0.12861822117168,11244,0.0709012312661184,0.0709083220983282
"img_0208-2","No conforme",0.916815945093491,0.18376334662278,11244,0.0504878563754197,0.0504929056659863
"img_0209-0","Conforme",0.922568292308134,0.185602489662405,9728,0.0307492266430801,0.0307523018732674
"img_0209-1","Conforme",0.951700390966079,0.116650906366791,9728,0.0433859707482801,0.043390309779258
"img_0209-2","Conforme",0.926495093024759,0.176262759872685,9728,0.0324586951254449,0.0324619413195769
"img_0210-0","Conforme",0.918830561990177,0.189955699936048,10132,0.0305303882927984,0.0305334416369621
"img_0210-1","Conforme",0.949710066025678,0.118599371899269,10132,0.0433863447984813,0.043390683866868
"img_0210-2","Conforme",0.921011034312529,0.184891511179975,10132,0.0314657364785612,0.0314688833668979
"img_0211-0","No conforme",0.894487807994169,0.19110271659498,20152,0.224359343997071,0.224381782175289
"img_0211-1","No conforme",0.927590504688936,0.121374111481192,19952,0.134188948354716,0.134202368591575
"img_0211-2","No conforme",0.896318978738224,0.18727540262952,20110,0.219563377164432,0.219585335698002
"img_0212-0","Conforme",0.899866442009421,0.206991384315477,12450,0.0305079532498256,0.0305110043502606
"img_0212-1","Conforme",0.938071586339614,0.129070871463986,12450,0.0434768871929246,0.0434812353164562
"img_0212-2","Conforme",0.90597156108183,0.19447657004879,12450,0.0325909214369258,0.0325941808550113
"img_0213-0","No conforme",0.901243963461483,0.186755477811396,19371,0.229424472833382,0.22944741757514
"img_0213-1","No conforme",0.932324683873794,0.116816896237323,19343,0.134588458041051,0.134601918232874
"img_0213-2","No conforme",0.905950440242992,0.175930996885695,19337,0.214596189924105,0.214617651689274
"img_0214-0","Conforme",0.904258200342515,0.20155672495304,12087,0.0307764281078189,0.0307795060584247
"img_0214-1","Conforme",0.940062389939252,0.12718982395248,12087,0.0431752655989036,0.0431795835572594
"img_0214-2","Conforme",0.909282686354693,0.191067783586752,12087,0.0325094475428582,0.0325126988127395
"img_0215-0","Conforme",0.919187821278291,0.181521017491064,10868,0.0329921882758439,0.0329954878246264
"img_0215-1","Conforme",0.945924828778435,0.122342094089397,10868,0.0434355805562657,0.0434399245487206
"img_0215-2","Conforme",0.917435150649127,0.185422755861801,10868,0.0323542322281598,0.0323574679749573
"img_0216-0","Conforme",0.905421940612793,0.19464682917869,12551,0.0326854964630082,0.0326887653395421
"img_0216-1","Conforme",0.937620031181784,0.129375347317309,12551,0.0435442535879622,0.043548608448807
"img_0216-2","Conforme",0.909694871790269,0.185942712775621,12551,0.0341514718620417,0.0341548873507768
"img_0217-0","No conforme",0.92011773651123,0.179376605829561,10971,0.0556119342888647,0.0556174960384686
"img_0217-1","No conforme",0.942796192339729,0.130312079944235,10971,0.0675125683725628,0.0675193203045933
"img_0217-2","No conforme",0.915726038010541,0.1891570191456,10971,0.05684219180175,0.056847876589409
"img_0218-0","Conforme",0.924795433906106,0.181686267969344,9600,0.0312396814179633,0.0312428056985332
"img_0218-1","Conforme",0.952335930768181,0.116002291708182,9600,0.0432848470400826,0.0432891759576783
"img_0218-2","Conforme",0.931342415286793,0.166001886179016,9600,0.034072639876381,0.0340760474811292
"img_0219-0","Conforme",0.926264618602079,0.170096807883603,10400,0.0342965166335653,0.0342999466282282
"img_0219-1","Conforme",0.948332006081974,0.119978588664239,10400,0.043225942417252,0.0432302654437964
"img_0219-2","Conforme",0.92087234279857,0.182412633144057,10400,0.0321281664588054,0.0321313795967651
"img_0220-0","Conforme",0.930446664356905,0.167508102679173,9664,0.0339695265598894,0.0339729238522747
"img_0220-1","Conforme",0.951863254771513,0.116692447171922,9664,0.0432683533697866,0.0432726806378504
"img_0220-2","Conforme",0.925679577349494,0.178881309444221,9664,0.0318837690893241,0.0318869577851026
"img_0221-0","Conforme",0.892984997486788,0.211051061421923,13430,0.0306375267384167,0.0306405907974964
"img_0221-1","Conforme",0.933287447096881,0.132662915016009,13430,0.043262127792212,0.0432664544376557
"img_0221-2","Conforme",0.905489012738396,0.186622749964495,13430,0.0345771381320649,0.0345805961916841
"img_0222-0","No conforme",0.918007746761546,0.188961335954921,10533,0.0653129955204754,0.0653195274732227
"img_0222-1","No conforme",0.944929875721651,0.131826887403191,10533,0.0997416628103657,0.0997516379741631
"img_0222-2","No conforme",0.919713448953068,0.185227785183676,10533,0.0674974322125762,0.0675041826308393
"img_0223-0","No conforme",0.911256377886604,0.199522392881603,10947,0.0611678802077659,0.0611739976075266
"img_0223-1","No conforme",0.94258905255486,0.134309522071315,10947,0.0996890155400373,0.0996989854385811
"img_0223-2","No conforme",0.915297937155331,0.190846049158742,10947,0.0660916602525402,0.0660982700795482
"img_0224-0","No conforme",0.914309206668629,0.186034235382403,11570,0.0498412149739852,0.0498461995939446
"img_0224-1","No conforme",0.941387318707634,0.129763383503874,11570,0.0701596704211078,0.0701666870898167
"img_0224-2","No conforme",0.915998574613683,0.182471777540257,11570,0.0511196623723486,0.0511247748498336
"img_0225-0","Conforme",0.904294698109346,0.196472658442321,12600,0.0322332706739997,0.0322364943234321
"img_0225-1","Conforme",0.937381778546502,0.129540984258822,12600,0.0432633772152064,0.0432677039856049
"img_0225-2","Conforme",0.904885184110754,0.195271194911695,12600,0.032412698224382,0.0324159398183638
"img_0226-0","Conforme",0.912084697696461,0.193374692321861,11247,0.0314604481955239,0.0314635945549794
"img_0226-1","Conforme",0.943956701660156,0.124221058528128,11247,0.0434441535857204,0.043448498435564
"img_0226-2","Conforme",0.915529847555721,0.185862301352676,11247,0.0327715955063016,0.032774872993601
"img_0227-0","Conforme",0.917739637756348,0.187688356415864,10579,0.0313880362516622,0.0313911753691991
"img_0227-1","Conforme",0.947437930459415,0.120825516681442,10579,0.0431682208993791,0.0431725381531944
"img_0227-2","Conforme",0.924389590705423,0.172649834401396,10579,0.0340406464375386,0.0340440508426229
"img_0228-0","Conforme",0.914873725406422,0.186551300641551,11322,0.0325873947793847,0.0325906538447692
"img_0228-1","Conforme",0.943838891655417,0.123989535391207,11322,0.0433102711149714,0.0433146025752289
"img_0228-2","Conforme",0.917187444493911,0.181528727111921,11322,0.0334370571211815,0.0334404011612976
"img_0229-0","No conforme",0.913556754347857,0.198464830007579,10565,0.0608873915399061,0.0608934808879949
"img_0229-1","No conforme",0.944570282969755,0.132573066371015,10565,0.101070168968907,0.101080276996607
"img_0229-2","No conforme",0.918190355260512,0.188307341065234,10565,0.0668626802939988,0.0668693672307219
"img_0230-0","Conforme",0.914134137052648,0.195083999361365,10650,0.0302115002077964,0.0302145216599624
"img_0230-1","Conforme",0.946985836809944,0.121374329851005,10650,0.0431005122078724,0.0431048226901414
"img_0230-2","Conforme",0.921314743598489,0.178897645929004,10650,0.0330039861316329,0.0330072868603189
"img_0231-0","No conforme",0.914624224279067,0.18019960322804,12076,0.038893526845736,0.0388974165873947
"img_0231-1","No conforme",0.938685347146427,0.130391851856505,12076,0.0473396707199635,0.0473444051604796
"img_0231-2","No conforme",0.90856038956586,0.193139039370465,12076,0.044709548460329,0.0447140198623152
"img_0232-0","Conforme",0.912603025817871,0.18657608051264,11826,0.0332082856839292,0.0332116068446137
"img_0232-1","Conforme",0.94127279948515,0.126295816482368,11826,0.043404680970198,0.0434090218723853
"img_0232-2","Conforme",0.915095224968405,0.181310578524254,11826,0.034106142104468,0.034109553059774
"img_0233-0","Conforme",0.908612443757899,0.198839871100172,11448,0.0306472976014138,0.0306503626376776
"img_0233-1","Conforme",0.943245354201373,0.124473041685453,11448,0.0433542778975392,0.0433586137589151
"img_0233-2","Conforme",0.911669460808249,0.192241120413841,11448,0.0317703091651535,0.0317734865138048
"img_0234-0","No conforme",0.917721508537741,0.179689332830879,11413,0.0387952204210797,0.0387991003311128
"img_0234-1","No conforme",0.942291565838982,0.126988703504564,11413,0.047186328442484,0.0471910475472387
"img_0234-2","No conforme",0.918592847846536,0.177786177255438,11413,0.0384394806661598,0.0384433249986597
"img_0235-0","No conforme",0.912462958158605,0.193950835837877,11320,0.0761014863724601,0.0761090972821883
"img_0235-1","No conforme",0.939432055556353,0.140553810874693,11320,0.113965742867339,0.113977140581397
"img_0235-2","No conforme",0.912351849383186,0.19417996313686,11320,0.075942028877353,0.075949623839737
"img_0236-0","No conforme",0.914787925738166,0.170964459267072,17884,0.223925296148172,0.223947690917264
"img_0236-1","No conforme",0.939948289543601,0.108893570131106,17874,0.133055838235211,0.133069145149726
"img_0236-2","No conforme",0.916986048619887,0.165477825011011,17911,0.215813461515163,0.215835045019665
"img_0237-0","Conforme",0.927111247127757,0.170619527478809,10143,0.0337245962289701,0.0337279690258727
"img_0237-1","Conforme",0.94952937216366,0.118918970216041,10143,0.0429394569709664,0.042943751346101
"img_0237-2","Conforme",0.924862924858542,0.175831130257981,10143,0.0327968279082696,0.0328001079190615
"img_0238-0","Conforme",0.909529734353458,0.192019213815119,11935,0.0325689753098579,0.0325722325331112
"img_0238-1","Conforme",0.940743821195715,0.126740017187498,11935,0.0436195930755146,0.0436239554710617
"img_0238-2","Conforme",0.909779235480813,0.191493607538061,11935,0.032625555296117,0.0326288181779348
"img_0239-0","No conforme",0.917269175558651,0.185712326276135,10900,0.0398490663794445,0.039853051684613
"img_0239-1","No conforme",0.945055224609375,0.12421162737013,10900,0.0459419972134681,0.0459465918726554
"img_0239-2","No conforme",0.921412808909697,0.17639165837565,10900,0.0376294725465875,0.0376332358701745
"img_0240-0","Conforme",0.930907792699477,0.17141799476234,9176,0.0324808743434054,0.0324841227556809
"img_0240-1","Conforme",0.954414089678596,0.113885057530264,9176,0.0432418942532177,0.0432462188751052
"img_0240-2","Conforme",0.930208292056813,0.173138942667701,9176,0.0321618180894384,0.0321650345928977
"img_0241-0","Conforme",0.909380213174259,0.191809809338998,11988,0.0322498086989824,0.0322530340023826
"img_0241-1","Conforme",0.940482293755026,0.126923332291729,11988,0.0430771710018302,0.0430814791497451
"img_0241-2","Conforme",0.907545691815544,0.195657816182585,11988,0.0315994225214729,0.0316025827797509
"img_0242-0","No conforme",0.901338259331198,0.177093657901217,20145,0.206832663724478,0.206853349059384
"img_0242-1","No conforme",0.928130432308421,0.120583912704236,20023,0.133835182061427,0.133848566918119
"img_0242-2","No conforme",0.897869296174891,0.184899431756307,20043,0.217064357863607,0.217086066470254
"img_0243-0","Conforme",0.918091033468807,0.179545216870713,11324,0.0336496632121938,0.0336530285150453
"img_0243-1","Conforme",0.943609015556784,0.124464677061349,11324,0.0431470336529225,0.0431513487878013
"img_0243-2","Conforme",0.917309801761403,0.181240782896226,11324,0.0333792926613274,0.0333826309244199
"img_0244-0","No conforme",0.913498118591308,0.191740175426687,11174,0.05107810212496,0.0510832104460046
"img_0244-1","No conforme",0.943086558999454,0.12926983556652,11174,0.0768624880639408,0.0768701750814489
"img_0244-2","No conforme",0.912525722351074,0.193832598358799,11174,0.0501906029433434,0.050195622505594
"img_0245-0","No conforme",0.918494902200138,0.176654362077503,11566,0.0401126707127492,0.0401166823809874
"img_0245-1","No conforme",0.940824475277171,0.129209880238279,11566,0.0482051147174873,0.0482099357110584
"img_0245-2","No conforme",0.910061764095531,0.195297251474834,11566,0.0521241631747892,0.0521293761124005
"img_0246-0","No conforme",0.901509739002901,0.209807990405096,12003,0.0678608176799195,0.0678676044403635
"img_0246-1","No conforme",0.935829187478458,0.143642124827571,12003,0.112656484149299,0.112667750924392
"img_0246-2","No conforme",0.902404532614315,0.208005364470242,12003,0.0690011426536836,0.0690080434580294
"img_0247-0","No conforme",0.893996763449276,0.179263893607442,21249,0.196068351557074,0.196087960353109
"img_0247-1","No conforme",0.920633791001264,0.126891002659439,21357,0.133272158170828,0.1332854867195
"img_0247-2","No conforme",0.884988875265682,0.197225718696853,21324,0.218299523429889,0.218321355565446
"img_0248-0","No conforme",0.922583669236127,0.183352179544872,9972,0.0450743980200944,0.0450789059106854
"img_0248-1","No conforme",0.949328813943302,0.120746291993486,9972,0.0465269431444753,0.0465315963041057
"img_0248-2","No conforme",0.92687215683881,0.173098462455786,9972,0.0402731689439306,0.040277196663597
"img_0249-0","Conforme",0.912386552177878,0.192984445834113,11220,0.0312468025132038,0.0312499275059544
"img_0249-1","Conforme",0.944308695696662,0.123610456013752,11220,0.0431489631855758,0.0431532785134271
"img_0249-2","Conforme",0.914666226627125,0.188004796878399,11220,0.0321004585126395,0.0321036688795274
"img_0250-0","Conforme",0.924852873014562,0.178764576761897,9860,0.0319882062027003,0.0319914053432346
"img_0250-1","Conforme",0.95103008853688,0.117323600973887,9860,0.0430570057418806,0.0430613118730679
"img_0250-2","Conforme",0.928891560327866,0.169241251328154,9860,0.0336772043731272,0.0336805724303702
"img_0251-0","Conforme",0.929110965755687,0.170319502492767,9702,0.0338892119807709,0.033892601240895
"img_0251-1","Conforme",0.951707271692612,0.116835128390166,9702,0.043822385942074,0.0438267686189359
"img_0251-2","Conforme",0.929787789916992,0.168709747125579,9702,0.0341940257123453,0.034197445456891
"img_0252-0","No conforme",0.898877532025505,0.207319323446977,12672,0.0458258103441026,0.0458303933834409
"img_0252-1","No conforme",0.935759004067814,0.134762502018281,12672,0.0718429945335681,0.0718501795515232
"img_0252-2","No conforme",0.90360213802562,0.197869877846823,12672,0.0491148093628407,0.0491197213349742
"img_0253-0","Conforme",0.928262602090274,0.172357824473119,9699,0.0331274529363119,0.0331307660129132
"img_0253-1","Conforme",0.951858169017119,0.116470687269923,9699,0.0433425396683387,0.0433468743557743
"img_0253-2","Conforme",0.924316236177332,0.181756211166974,9699,0.0313787111580405,0.0313818493429748
"img_0254-0","Conforme",0.911577079575483,0.184483756313621,12284,0.0339577342263139,0.0339611303393479
"img_0254-1","Conforme",0.938940472519818,0.128301120656211,12284,0.0433080081654853,0.0433123393994252
"img_0254-2","Conforme",0.91261409481273,0.182342864598328,12284,0.0342807563712119,0.0342841847896909
"img_0255-0","Conforme",0.928170520019531,0.168781046985196,10080,0.0342386505134264,0.0342420747208986
"img_0255-1","Conforme",0.949997859892004,0.11827608809515,10080,0.0433368881520299,0.0433412222742573
"img_0255-2","Conforme",0.92912622301887,0.16656001535479,10080,0.0346608531973736,0.0346643196293366
"img_0256-0","Conforme",0.907880454119514,0.196522414482054,11830,0.0315050854749744,0.0315082362986043
"img_0256-1","Conforme",0.941304749989229,0.126201661908266,11830,0.0433762752421065,0.0433806133034368
"img_0256-2","Conforme",0.912061722053079,0.187680546997397,11830,0.0329721494822428,0.0329754470269455
"img_0257-0","No conforme",0.90891603337905,0.193558562360331,11938,0.040466409373606,0.0404704564192479
"img_0257-1","No conforme",0.93987661032284,0.128688009901497,11938,0.0459654838866653,0.0459700808947548
"img_0257-2","No conforme",0.909340843452005,0.192650712792498,11938,0.0401693432007453,0.040173360536799
"img_0258-0","Conforme",0.911128516037885,0.191270626182795,11664,0.0324286327324797,0.0324318759200717
"img_0258-1","Conforme",0.942054629516601,0.125673917668329,11664,0.0436623527798773,0.0436667194518224
"img_0258-2","Conforme",0.906357958751005,0.201449059904866,11664,0.0306646978776838,0.0306677646541492
"img_0259-0","Conforme",0.924432670036765,0.181775236785598,9672,0.031502050459688,0.031505200979786
"img_0259-1","Conforme",0.951844228066837,0.116694382397384,9672,0.0434719662433206,0.0434763138747081
"img_0259-2","Conforme",0.925191883419261,0.179964099424425,9672,0.0318640373366927,0.0318672240590986
"img_0260-0","No conforme",0.921523020199046,0.185801121139801,10074,0.0675702179973708,0.0675769756949402
"img_0260-1","No conforme",0.946993016698501,0.130545031993468,10074,0.103016486556014,0.103026789234938
"img_0260-2","No conforme",0.918320550573012,0.193011580772614,10074,0.0631489793366328,0.0631552948661195
"img_0261-0","Conforme",0.918047954137465,0.184692264502557,10804,0.0321516768254085,0.0321548923146399
"img_0261-1","Conforme",0.946462901593377,0.121545347092337,10804,0.0431728124257158,0.0431771301387297
"img_0261-2","Conforme",0.922584207727769,0.174564644864656,10804,0.0339280311257444,0.0339314242681712
"img_0262-0","Conforme",0.918080263635972,0.191128289470928,10184,0.030414878257262,0.0304179200492669
"img_0262-1","Conforme",0.949396065566119,0.118975255395634,10184,0.04332340747574,0.0433277402497649
"img_0262-2","Conforme",0.920964365036908,0.184447703064847,10184,0.0315485365589407,0.0315516917281135
"img_0263-0","Conforme",0.935550428305233,0.161248648402081,9052,0.0342424428552362,0.0342458674419804
"img_0263-1","Conforme",0.955027670988195,0.113239018793218,9052,0.0432706260637263,0.0432749535590822
"img_0263-2","Conforme",0.933286130783979,0.166858149209842,9052,0.0331783788101777,0.0331816969798757
"img_0264-0","Conforme",0.919590313864315,0.17774236834971,11169,0.0340112236799894,0.0340146251425037
"img_0264-1","Conforme",0.944535999001896,0.123457606828971,11169,0.0434218533263543,0.0434261959459489
"img_0264-2","Conforme",0.910421835506664,0.19781690234681,11169,0.0305172912032983,0.0305203432376221
"img_0265-0","No conforme",0.908310708941291,0.184825461958154,13000,0.0361821949495066,0.0361858135308597
"img_0265-1","No conforme",0.934800847939884,0.132404148824457,13000,0.0451456433803163,0.0451501583961559
"img_0265-2","No conforme",0.906383985847024,0.188699650810356,13000,0.0365835846033667,0.0365872433276995
"img_0266-0","Conforme",0.93267823355282,0.167711420676588,9114,0.0331042339897044,0.0331075447441788
"img_0266-1","Conforme",0.954674300806382,0.113675488206692,9114,0.0432155925681213,0.0432199145595773
"img_0266-2","Conforme",0.928155262756348,0.178884269085034,9114,0.0310058251879844,0.0310089260805924
"img_0267-0","Conforme",0.929374946324965,0.171245839606854,9548,0.0330573071552831,0.0330606132166048
"img_0267-1","Conforme",0.952571191783232,0.115792071394064,9548,0.0432495865307254,0.0432539119219176
"img_0267-2","Conforme",0.92887923485251,0.172437023472957,9548,0.032842859846358,0.0328461444608041
"img_0268-0","Conforme",0.925376167225557,0.17424170209981,10184,0.0334376156257443,0.0334409597217165
"img_0268-1","Conforme",0.949277836734547,0.119247010918955,10184,0.0433051284045283,0.0433094593504634
"img_0268-2","Conforme",0.920971903919893,0.184431521701689,10184,0.0315994574158703,0.031602617677638
"img_0269-0","Conforme",0.921531815562529,0.180251349892359,10465,0.0326924489715969,0.0326957185434513
"img_0269-1","Conforme",0.947983841319365,0.120348452227622,10465,0.0433355732986786,0.0433399072894076
"img_0269-2","Conforme",0.920224657018325,0.183227255249657,10465,0.0321626055347754,0.0321658221169871
"img_0270-0","No conforme",0.914565409025304,0.188750790464988,11426,0.0809030886640777,0.0809111797820559
"img_0270-1","No conforme",0.938808123240751,0.141355703781473,11426,0.115024119462084,0.115035623024386
"img_0270-2","No conforme",0.912037250599581,0.193914830462872,11426,0.0773676695618563,0.0773754071025666
"img_0271-0","Conforme",0.922288575816435,0.175115370907208,10816,0.034006219069546,0.0340096200315491
"img_0271-1","Conforme",0.946308354492187,0.121821517387668,10816,0.0433410682521397,0.0433454027924189
"img_0271-2","Conforme",0.921872800436581,0.176041891152757,10816,0.033824578679304,0.0338279614754515
"img_0272-0","Conforme",0.903950960944681,0.202448924954792,12062,0.0305151409494165,0.0305181927686934
"img_0272-1","Conforme",0.940094340443331,0.127273405269314,12062,0.0430926619147537,0.0430969716119149
"img_0272-2","Conforme",0.914382680861529,0.180656387186305,12062,0.0341678562396428,0.0341712733669796
"img_0273-0","Conforme",0.922166577543371,0.186111301898177,9768,0.0305181276636402,0.0305211797816183
"img_0273-1","Conforme",0.951506892969468,0.116823049959091,9768,0.0431085444284773,0.0431128557140487
"img_0273-2","Conforme",0.921833251217113,0.186903268981404,9768,0.030398729597281,0.0304017697742584
"img_0274-0","No conforme",0.925156462635713,0.180107096612876,9915,0.0852140084049052,0.085222530657971
"img_0274-1","No conforme",0.94615099526798,0.135837249135331,9915,0.121823128794099,0.121835312325332
"img_0274-2","No conforme",0.92246717554429,0.186058461796631,9915,0.0805633649857527,0.0805714221279655
"img_0275-0","No conforme",0.908704824990665,0.192864273725174,12279,0.0774954648459703,0.0775032151674871
"img_0275-1","No conforme",0.934831721460679,0.143591745511098,12279,0.109708546617853,0.10971951856971
"img_0275-2","No conforme",0.909612662066291,0.191088120129145,12279,0.0786115431854795,0.0786194051259922
"img_0276-0","No conforme",0.89971213423785,0.195073525110535,13796,0.0440491905764728,0.0440535959360664
"img_0276-1","No conforme",0.929114495867561,0.138841343645915,13796,0.0480061683593501,0.0480109694562957
"img_0276-2","No conforme",0.898892430294261,0.196703110659678,13796,0.0451101384114592,0.0451146498764468
"img_0277-0","No conforme",0.915200410335765,0.187161360103498,11270,0.0531268936268687,0.0531322068475535
"img_0277-1","No conforme",0.942665279038373,0.129568636070513,11270,0.0768093965604587,0.0768170782682855
"img_0277-2","No conforme",0.911690461982278,0.194674765153567,11270,0.0501167268095226,0.050121738983421
"img_0278-0","Conforme",0.918881299869313,0.183618053316547,10725,0.032142456941525,0.0321456715086758
"img_0278-1","Conforme",0.946774688253964,0.121352642575541,10725,0.0430061297944024,0.0430104308374861
"img_0278-2","Conforme",0.923462786757525,0.17334441969967,10725,0.0339400134682511,0.033943407809032
"img_0279-0","No conforme",0.920220588414809,0.190804654025421,9815,0.049225666896431,0.0492305899554265
"img_0279-1","No conforme",0.949784677034266,0.123377137751103,9815,0.0802052664061702,0.0802132877349437
"img_0279-2","No conforme",0.925842022328096,0.177739859659567,9815,0.0550790606829831,0.0550845691398971
"img_0280-0","No conforme",0.920580599993537,0.181159186151205,10677,0.0549418357045757,0.0549473304376195
"img_0280-1","No conforme",0.945426065853343,0.127438650689518,10677,0.0781003374585882,0.0781081482734155
"img_0280-2","No conforme",0.919459460395364,0.183631474799649,10677,0.0539018929997136,0.0539072837280864
"img_0281-0","Conforme",0.911195289001465,0.19282242319418,11492,0.0317014368693299,0.0317046073300629
"img_0281-1","Conforme",0.942888573572495,0.124954548800986,11492,0.0432538610151322,0.0432581868338156
"img_0281-2","Conforme",0.907578599638097,0.20061105552062,11492,0.0303503593748601,0.0303533947143316
"img_0282-0","Conforme",0.910717048591165,0.19503168160239,11376,0.0313407570090762,0.031343891398216
"img_0282-1","Conforme",0.94355546555463,0.124268610085329,11376,0.0434705524197487,0.0434748999097397
"img_0282-2","Conforme",0.911222632410386,0.19393523025821,11376,0.0314910520233591,0.0314942014435035
"img_0283-0","Conforme",0.925552074495203,0.170769909235239,10500,0.0343291330610133,0.0343325663176451
"img_0283-1","Conforme",0.947847902096019,0.120422313838314,10500,0.0432608486605725,0.0432651751780904
"img_0283-2","Conforme",0.920925832968319,0.181274905752588,10500,0.0324920196745969,0.032495269201517
"img_0284-0","Conforme",0.921487060923857,0.180219986543411,10478,0.0326283691904926,0.032631632353728
"img_0284-1","Conforme",0.948031108919031,0.120150846182007,10478,0.0432505584051083,0.0432548838934976
"img_0284-2","Conforme",0.918004396146886,0.188145870436199,10478,0.031249232148087,0.0312523573838254
"img_0285-0","No conforme",0.906962684864717,0.169883803423551,19521,0.201910518675854,0.201930711747028
"img_0285-1","No conforme",0.930088268253102,0.119034551424451,19630,0.134807375271183,0.134820857356919
"img_0285-2","No conforme",0.901541330512552,0.180973948845064,19731,0.216733372671878,0.216755048176696
"img_0286-0","No conforme",0.925505405219583,0.181979191135893,9556,0.0689900017048744,0.0689969013950139
"img_0286-1","No conforme",0.949530987638586,0.12835225245939,9556,0.105143985172606,0.105154500622668
"img_0286-2","No conforme",0.921795437137379,0.190588394032122,9556,0.063456263536803,0.0634626097977827
"img_0287-0","Conforme",0.911972870932186,0.196486117105364,10971,0.0303972131920405,0.0304002532173622
"img_0287-1","Conforme",0.9454899668615,0.122627606836984,10971,0.0432627836736864,0.0432671103847249
"img_0287-2","Conforme",0.917925836199592,0.183305216088128,10971,0.0327100720202475,0.032713343354583
"img_0288-0","Conforme",0.929705101533778,0.172054520042799,9394,0.0328649145442141,0.0328682013643506
"img_0288-1","Conforme",0.953335670417337,0.115020367527528,9394,0.0435075446741524,0.0435118958637387
"img_0288-2","Conforme",0.924763722731646,0.184050765711762,9394,0.0306701536917957,0.0306732210138971
"img_0289-0","Conforme",0.911834658077464,0.191029820574003,11534,0.0320432091893187,0.0320464138307018
"img_0289-1","Conforme",0.94269088730756,0.125114218325067,11534,0.0432871031894418,0.0432914323326751
"img_0289-2","Conforme",0.918141950845157,0.177494114415862,11534,0.0343405668481096,0.0343440012482345
"img_0290-0","No conforme",0.905030876016056,0.173992505844011,19561,0.207363827817159,0.207384566273787
"img_0290-1","No conforme",0.930684737494973,0.118201840445404,19567,0.133622223475236,0.13363558703394
"img_0290-2","No conforme",0.905101418421128,0.173710211474331,19586,0.206730186085385,0.206750861171502
"img_0291-0","No conforme",0.916832339172363,0.184398215752349,11290,0.0701651947510746,0.0701722119722718
"img_0291-1","No conforme",0.940847032093721,0.135737957246933,11290,0.0984334542840221,0.0984432986138835
"img_0291-2","No conforme",0.90795129568661,0.20307407145413,11290,0.0598051839986059,0.0598111651151174
"img_0292-0","Conforme",0.925681671483657,0.173257958568104,10212,0.0336148548888913,0.0336182167105624
"img_0292-1","Conforme",0.949220277961282,0.119194145748469,10212,0.0433214889876236,0.0433258215697806
"img_0292-2","Conforme",0.925084005593692,0.174637804903807,10212,0.0333733715843044,0.0333767092552299
"img_0293-0","Conforme",0.920022124328613,0.182754267143497,10557,0.0325084314849397,0.032511682653205
"img_0293-1","Conforme",0.947557535436294,0.120720884907166,10557,0.0435335768569399,0.0435379306500049
"img_0293-2","Conforme",0.923757341685576,0.174298169150383,10557,0.0339784390683714,0.0339818372520966
"img_0294-0","Conforme",0.916926096550436,0.181452683614881,11390,0.0335923830828206,0.0335957426570863
"img_0294-1","Conforme",0.943418389515596,0.124472138642499,11390,0.0434162496876488,0.0434205917468235
"img_0294-2","Conforme",0.919440194361069,0.176020000369048,11390,0.0345452142560285,0.0345486691229408
"img_0295-0","Conforme",0.923743819562127,0.174301897810147,10560,0.0340468978206163,0.0340503028509014
"img_0295-1","Conforme",0.947517746887207,0.120795911011239,10560,0.0436170398596677,0.0436214019998677
"img_0295-2","Conforme",0.91768411328484,0.188021863251607,10560,0.0316666277264096,0.0316697947058802
"img_0296-0","Conforme",0.913724045751235,0.193563670410991,10880,0.0310567535110424,0.0310598594969921
"img_0296-1","Conforme",0.945949240399529,0.122217054514689,10880,0.0435524056576513,0.0435567613337847
"img_0296-2","Conforme",0.920419351663028,0.178669946639861,10880,0.0336491139384969,0.0336524791864155
"img_0297-0","No conforme",0.910417228411506,0.195004194366307,11651,0.0747590236570775,0.0747665003071082
"img_0297-1","No conforme",0.938034131254308,0.141075484709439,11651,0.111262612910943,0.111273740284972
"img_0297-2","No conforme",0.904584705774644,0.206925343863285,11651,0.0670835186492975,0.0670902276720647
"img_0298-0","Conforme",0.925950318980497,0.173425857928511,10132,0.033434607668701,0.0334379514638474
"img_0298-1","Conforme",0.949726938763787,0.118554055635451,10132,0.043275357588355,0.0432796855569107
"img_0298-2","Conforme",0.920539794293572,0.185984000119412,10132,0.0311960679732056,0.0311991878919948
"img_0299-0","Conforme",0.912724665096507,0.183863394658904,12089,0.0334765735815477,0.0334799215737051
"img_0299-1","Conforme",0.940049765301873,0.127185264476717,12089,0.0428800887271442,0.0428843771648607
"img_0299-2","Conforme",0.912971952424891,0.183348022258338,12089,0.0335653267885228,0.0335686836568885
"img_0300-0","Conforme",0.912099476300408,0.191063784634596,11473,0.0319625794212745,0.0319657759988744
"img_0300-1","Conforme",0.942915617819393,0.125016427744292,11473,0.0432433775696039,0.0432477023398379
"img_0300-2","Conforme",0.91500505753461,0.184805388443111,11473,0.0330336090155436,0.0330369127068143
"img_0301-0","Conforme",0.925143957663143,0.175826915990371,10080,0.0331689089896385,0.0331722262122597
"img_0301-1","Conforme",0.949916308324477,0.118479381834617,10080,0.0435848751092395,0.0435892340326428
"img_0301-2","Conforme",0.922118113295611,0.182871957071168,10080,0.0319424813534483,0.0319456759210404
"img_0302-0","No conforme",0.925693398634967,0.176116782660539,9949,0.0405902380869238,0.0405942975166755
"img_0302-1","No conforme",0.949565869930492,0.120336148346695,9949,0.0462908893771752,0.0462955189290681
"img_0302-2","No conforme",0.924582251048368,0.178768294899638,9949,0.0416073790468793,0.0416115402008994
"img_0303-0","Conforme",0.922851598744112,0.175442806475681,10650,0.0337875350990943,0.0337909141905133
"img_0303-1","Conforme",0.94712333167581,0.121080455207663,10650,0.0433597358461955,0.0433640722534209
"img_0303-2","Conforme",0.922389094256233,0.176483242143458,10650,0.0335818044513962,0.0335851629676929
"img_0304-0","Conforme",0.912695347218233,0.184645094408261,12012,0.033680075787345,0.0336834441317582
"img_0304-1","Conforme",0.94034234576057,0.127085749470908,12012,0.0433892425078004,0.0433935818659869
"img_0304-2","Conforme",0.907954586468865,0.194573038084818,12012,0.0320521308817221,0.0320553364153636
"img_0305-0","No conforme",0.905302395468319,0.199847717136105,12259,0.0748486002442481,0.0748560858528334
"img_0305-1","No conforme",0.934922666715734,0.143915434393903,12259,0.112387036903975,0.112398276731648
"img_0305-2","No conforme",0.899403578527114,0.211524688357368,12259,0.0674106431408183,0.0674173848793062
"img_0306-0","Conforme",0.925746410145479,0.181077405209737,9447,0.0312948566107214,0.0312979864093623
"img_0306-1","Conforme",0.953061338842055,0.115318060003735,9447,0.0434891348392114,0.0434934841876302
"img_0306-2","Conforme",0.930371155862247,0.169890331331543,9447,0.0333360757379074,0.0333394096788752
"img_0307-0","Conforme",0.912400672625373,0.192682313958553,11247,0.0314694338361979,0.0314725810943074
"img_0307-1","Conforme",0.944065117977367,0.123975871650669,11247,0.0432857425508259,0.0432900715579817
"img_0307-2","Conforme",0.915292671903722,0.186375243332028,11247,0.0325468558775436,0.0325501108886325
"img_0308-0","Conforme",0.914359765050551,0.190338506855633,11055,0.0315665710626759,0.0315697280354794
"img_0308-1","Conforme",0.945039668184168,0.123073915872173,11055,0.0432040701907211,0.0432083910298241
"img_0308-2","Conforme",0.911883600984461,0.195797239595893,11055,0.0306007238887967,0.0306037842672234
"img_0309-0","Conforme",0.927251673781451,0.173752936508097,9798,0.0333087938718506,0.033312125084359
"img_0309-1","Conforme",0.9511218714456,0.117558801711981,9798,0.0436383579493749,0.043642722221597
"img_0309-2","Conforme",0.921230200410731,0.188011116255209,9798,0.0306634961438047,0.0306665628000847
"img_0310-0","Conforme",0.912779770741182,0.182835628253517,12191,0.0341212240532895,0.0341246365169412
"img_0310-1","Conforme",0.939467476339901,0.127790653042421,12191,0.0433472618552941,0.0433515970149956
"img_0310-2","Conforme",0.906211369359633,0.196463094481795,12191,0.0318414201792026,0.0318446046396666
"img_0311-0","No conforme",0.922976887799431,0.176962257517201,10550,0.0543360677575801,0.0543415019077709
"img_0311-1","No conforme",0.945608315357881,0.126938857512901,10550,0.0682858040968017,0.0682926333601377
"img_0311-2","No conforme",0.916543348657945,0.19145104135015,10550,0.0522018136849009,0.0522070343883397
"img_0312-0","Conforme",0.919023461662741,0.178244450239433,11247,0.0339063685680076,0.033909759543962
"img_0312-1","Conforme",0.944232888039982,0.123613302539944,11247,0.0433214016994257,0.043325734272853
"img_0312-2","Conforme",0.912681047273524,0.192069645047065,11247,0.0315374199013848,0.0315405739587807
"img_0313-0","Conforme",0.919963309074851,0.178418676956368,11011,0.0337122635910353,0.0337156351545508
"img_0313-1","Conforme",0.945333864117791,0.122724035306281,11011,0.0434358281568656,0.043440172174083
"img_0313-2","Conforme",0.912626839114918,0.194621865052516,11011,0.0309266873682063,0.030929780346241
"img_0314-0","No conforme",0.921146315379423,0.176191166635581,11004,0.0427747194291111,0.042778997328844
"img_0314-1","No conforme",0.943323614986644,0.12748463952514,11004,0.0481719119328324,0.048176729605793
"img_0314-2","No conforme",0.917174580526913,0.185278663938718,11004,0.0496380539372844,0.0496430182391083
"img_0315-0","Conforme",0.916067262214212,0.190255131095214,10695,0.0312343324753497,0.0312374562209718
"img_0315-1","Conforme",0.946857974961225,0.121380281413082,10695,0.0433270384217076,0.0433313715588634
"img_0315-2","Conforme",0.915800230192297,0.19085504248672,10695,0.0311050138470805,0.0311081246595465
"img_0316-0","Conforme",0.901105451444738,0.196608263297003,13272,0.0328668585695497,0.0328701455841081
"img_0316-1","Conforme",0.934074063720703,0.132071643439655,13272,0.0432882193543569,0.0432925486092178
"img_0316-2","Conforme",0.897549611636891,0.203608965946553,13272,0.031736183213473,0.031739357149188
"img_0317-0","Conforme",0.915848814104866,0.180079111971332,11786,0.0341655490177611,0.0341689659143525
"img_0317-1","Conforme",0.941489991113999,0.126081241712325,11786,0.0432942064968932,0.0432985363505282
"img_0317-2","Conforme",0.915282380730124,0.181277950843499,11786,0.0339610066097739,0.0339644030500789
"img_0318-0","Conforme",0.923298786136403,0.185544103549612,9576,0.0305429612162001,0.0305460158177819
"img_0318-1","Conforme",0.952414849709903,0.115981388621088,9576,0.043361066561343,0.0433654031016532
"img_0318-2","Conforme",0.925483446727079,0.180298370076227,9576,0.031525579748295,0.0315287326215572
"img_0319-0","Conforme",0.92601248484892,0.170322851797794,10437,0.0343925485645582,0.0343959881633746
"img_0319-1","Conforme",0.948254762447581,0.119918547208436,10437,0.0433607810086796,0.0433651175204317
"img_0319-2","Conforme",0.92020126254811,0.183567567925077,10437,0.0320578935654103,0.0320610996753779
"img_0320-0","Conforme",0.907870821102367,0.197240964652146,11760,0.0312089413641815,0.0312120625704386
"img_0320-1","Conforme",0.941663205925437,0.125874881731164,11760,0.0432427659012752,0.0432470906103363
"img_0320-2","Conforme",0.909607037820255,0.193553725949155,11760,0.0317917830080907,0.0317949625043411
"img_0321-0","Conforme",0.915508367722455,0.180978511714019,11766,0.0338581473116858,0.0338615334650323
"img_0321-1","Conforme",0.941418252060834,0.126343476149358,11766,0.0430488072487814,0.0430531125600374
"img_0321-2","Conforme",0.911196186487534,0.19012049562157,11766,0.0322948105332152,0.0322980403372489
"img_0322-0","No conforme",0.912613137494255,0.166387776695887,18694,0.207360005308276,0.207380743382614
"img_0322-1","No conforme",0.935258206840964,0.114181917333075,18778,0.134784598304609,0.13479807811242
"img_0322-2","No conforme",0.91153501739502,0.1690489911485,18828,0.211322935951444,0.21134407035848
"img_0323-0","Conforme",0.901591350402832,0.203922998728765,12403,0.0310103170503015,0.0310134183921407
"img_0323-1","Conforme",0.938419392107795,0.128651895534338,12403,0.0435285039508948,0.0435328572366184
"img_0323-2","Conforme",0.910321436731675,0.185994148789552,12403,0.0339448952044263,0.0339482900334296
"img_0324-0","No conforme",0.919985028237735,0.186675384473711,10392,0.0777482819654695,0.0777560575712266
"img_0324-1","No conforme",0.944218408598058,0.136254401431927,10392,0.115436837781865,0.115448382620127
"img_0324-2","No conforme",0.914445863880831,0.198769575888482,10392,0.0692024770935147,0.069209398033318
"img_0325-0","No conforme",0.915381642689424,0.166884917950556,18179,0.215305700619198,0.215327233342533
"img_0325-1","No conforme",0.938731059103573,0.110429977596634,18032,0.133706433269661,0.133719805250186
"img_0325-2","No conforme",0.916700109558105,0.163520889794442,18216,0.210383493860695,0.210404534314127
"img_0326-0","No conforme",0.890545630349552,0.18572135201676,21320,0.203701335920741,0.20372170809155
"img_0326-1","No conforme",0.920462191664752,0.126658883756072,21446,0.132565591665044,0.132578849549999
"img_0326-2","No conforme",0.884249705738741,0.198013091671903,21393,0.218759633729487,0.218781511880675
"img_0327-0","No conforme",0.918522664435891,0.18165975377451,11036,0.0419594393581489,0.0419636357217211
"img_0327-1","No conforme",0.943888373054055,0.125961313786704,11036,0.0470540089939161,0.0470587148654026
"img_0327-2","No conforme",0.918802380927591,0.181029033608156,11036,0.041652784220771,0.0416569499157626
"img_0328-0","Conforme",0.919458921903722,0.180415323899322,10920,0.0334010757382609,0.0334044161798789
"img_0328-1","Conforme",0.945687593294031,0.122539021150719,10920,0.043574584656713,0.0435789425509681
"img_0328-2","Conforme",0.921905349264706,0.174991433131412,10920,0.0343679838994449,0.0343714210415491
"img_0329-0","No conforme",0.927663859217027,0.173682981595913,9728,0.0393766112995352,0.0393805493544707
"img_0329-1","No conforme",0.950812777243221,0.118896401859857,9728,0.0459148317786222,0.0459194237209943
"img_0329-2","No conforme",0.924581592891917,0.181126745451409,9728,0.0420211965728217,0.042025399112733
"img_0330-0","Conforme",0.901924018572639,0.196650317526292,13090,0.0324662809828239,0.0324695279356174
"img_0330-1","Conforme",0.935011996495864,0.131298854215398,13090,0.0430212625727215,0.0430255651292344
"img_0330-2","Conforme",0.903545656235639,0.193430169393871,13090,0.0329641498229635,0.0329674465676203
"img_0331-0","Conforme",0.910854543457031,0.193141998536748,11534,0.031926534327949,0.0319297273006791
"img_0331-1","Conforme",0.94267670702766,0.125165351368862,11534,0.0436270797009113,0.0436314428451958
"img_0331-2","Conforme",0.908992678689396,0.197141608896916,11534,0.0312310883735171,0.0312342117946965
"img_0332-0","Conforme",0.928599039701574,0.172764052435108,9581,0.0327068077333173,0.0327100787411914
"img_0332-1","Conforme",0.952460202672622,0.115825025352801,9581,0.0431084696533951,0.0431127809314883
"img_0332-2","Conforme",0.925173574703441,0.18098228075024,9581,0.0311848116048026,0.0311879303978424
"img_0333-0","Conforme",0.933765926836799,0.165173233457172,9100,0.0336331336330181,0.0336364972827464
"img_0333-1","Conforme",0.954680104549632,0.113763571445282,9100,0.0433038858160752,0.043308216637739
"img_0333-2","Conforme",0.935114070578182,0.161844245755154,9100,0.0342678253994592,0.0342712525247117
"img_0334-0","Conforme",0.916286488144818,0.18092827517332,11592,0.0336714500945888,0.0336748175763464
"img_0334-1","Conforme",0.94233446567311,0.125498351956707,11592,0.0431095610342773,0.0431138724215194
"img_0334-2","Conforme",0.916084912773581,0.181360162666035,11592,0.0336219126597672,0.0336252751872859
"img_0335-0","No conforme",0.90615524656408,0.198211304421774,12170,0.0635963526248494,0.063602712896139
"img_0335-1","No conforme",0.936618496560489,0.138779135590314,12170,0.0956617464097171,0.0956713135410712
"img_0335-2","No conforme",0.90845119542739,0.193600371401253,12170,0.0660027676125101,0.0660093685493651
"img_0336-0","No conforme",0.904867832713408,0.192896882725674,12934,0.0492933075522606,0.0492982373759983
"img_0336-1","No conforme",0.932888783784754,0.136884533222335,12934,0.0490308157960585,0.0490357193679953
"img_0336-2","No conforme",0.904576688232422,0.193506993485093,12934,0.0498225102857702,0.0498274930350737
"img_0337-0","No conforme",0.902311433392693,0.198726067814719,12848,0.0471976538740115,0.0472023741114226
"img_0337-1","No conforme",0.934254458420697,0.134591569670097,12848,0.0475152194761758,0.0475199714733231
"img_0337-2","No conforme",0.902067018019732,0.199233065249076,12848,0.0475147323488794,0.0475194842973091
"img_0338-0","No conforme",0.915944067293055,0.183099092363047,11643,0.0711103950500896,0.0711175068007696
"img_0338-1","No conforme",0.939154313534007,0.136965307360757,11643,0.0972132000397297,0.0972229223319629
"img_0338-2","No conforme",0.907865017359116,0.199731900879271,11643,0.0620674732269286,0.0620736805949881
"img_0339-0","Conforme",0.927971577274098,0.176916154116029,9333,0.0316920293912821,0.0316951989111732
"img_0339-1","Conforme",0.953518697743135,0.114980846019654,9333,0.043203814626002,0.0432081354395459
"img_0339-2","Conforme",0.931714273681641,0.167800707632765,9333,0.03339116332123,0.0333945027715072
"img_0340-0","No conforme",0.905487277598661,0.19902983801284,12168,0.052777532365453,0.0527828106465176
"img_0340-1","No conforme",0.93759484173943,0.132114521048974,12168,0.0480195081674944,0.0480243105985542
"img_0340-2","No conforme",0.914475959580365,0.179730271101812,12168,0.0400086466096799,0.0400126478744674
"img_0341-0","Conforme",0.927382168255974,0.168562016454576,10293,0.0346277498719339,0.0346312129932332
"img_0341-1","Conforme",0.948784997217515,0.119661131967863,10293,0.0434039449705475,0.0434082857991274
"img_0341-2","Conforme",0.926592260849897,0.170375852225925,10293,0.0343086347043306,0.0343120659109217
"img_0342-0","Conforme",0.893514873262293,0.208384977198044,13600,0.0312756392358613,0.0312787671125725
"img_0342-1","Conforme",0.932503582763672,0.13317910122815,13600,0.0433667369616412,0.0433710740690481
"img_0342-2","Conforme",0.894477217658548,0.20651744930478,13600,0.0315494094341679,0.031552564690637
"img_0343-0","Conforme",0.922360614031623,0.17523246728594,10787,0.0340188963969941,0.0340222986268568
"img_0343-1","Conforme",0.946402052037856,0.121804223785731,10787,0.0433943545251555,0.043398694394595
"img_0343-2","Conforme",0.918730462377212,0.183343502886334,10787,0.0325787311982077,0.0325819893971474
"img_0344-0","No conforme",0.907263342698041,0.179356787006881,18615,0.225455809277067,0.225478357112778
"img_0344-1","No conforme",0.935364648688821,0.114036644914648,18634,0.1342383765205,0.13425180170067
"img_0344-2","No conforme",0.909254505292107,0.17403087318889,18843,0.218092479625361,0.218114291054467
"img_0345-0","No conforme",0.911780031092027,0.195985160653512,11262,0.0758192691249547,0.0758268518101358
"img_0345-1","No conforme",0.939629741821289,0.140758687152603,11262,0.115868318341912,0.115879906332546
"img_0345-2","No conforme",0.909250556353401,0.201238927294728,11262,0.0721890975480136,0.0721963171797315
"img_0346-0","Conforme",0.912998039353314,0.194051150268802,10988,0.0313661641841875,0.0313693011142989
"img_0346-1","Conforme",0.945366412945916,0.122831498865111,10988,0.0439534986357749,0.0439578944252174
"img_0346-2","Conforme",0.912434118939568,0.195298364438216,10988,0.0311232173146363,0.031126329947631
"img_0347-0","Conforme",0.910960865640079,0.190045221581714,11826,0.032545121740753,0.0325483765784109
"img_0347-1","Conforme",0.941302356693043,0.126229785034495,11826,0.0433447448339924,0.0433490797419666
"img_0347-2","Conforme",0.909132806181066,0.193911545177975,11826,0.0318976265362973,0.0319008166179591
"img_0348-0","Conforme",0.92379168548584,0.176778698134768,10296,0.0331373643991098,0.0331406784669565
"img_0348-1","Conforme",0.948945946386001,0.119272298907225,10296,0.0434036585166918,0.0434079993166235
"img_0348-2","Conforme",0.923247090938792,0.178030220211675,10296,0.0329155603082563,0.0329188521934757
"img_0349-0","Conforme",0.900059521179199,0.205287284105612,12580,0.0307109984914847,0.0307140698984746
"img_0349-1","Conforme",0.937541112240062,0.129335230223021,12580,0.0431877385112183,0.04319205771699
"img_0349-2","Conforme",0.91161842376709,0.181761323852398,12580,0.0345453137917104,0.0345487686685772
"img_0350-0","No conforme",0.898240556245692,0.208835482723999,12640,0.0433893194400853,0.0433936588059659
"img_0350-1","No conforme",0.936105732852711,0.133920959333058,12640,0.0684494335020326,0.0684562791299456
"img_0350-2","No conforme",0.907637714053883,0.189991375237947,12640,0.0495599109409739,0.0495648674277167
"img_0351-0","No conforme",0.908256799944709,0.176931944397377,18839,0.222443881251319,0.222466127864105
"img_0351-1","No conforme",0.935458585564108,0.113610423885796,18855,0.133926770468522,0.13394016448497
"img_0351-2","No conforme",0.915328691011317,0.160209440617689,18778,0.199017538824911,0.199037442569167
"img_0352-0","No conforme",0.914975440494313,0.183903262004381,11636,0.0481616588900304,0.0481664755375841
"img_0352-1","No conforme",0.939673419476677,0.131262545312997,11636,0.0490752474425221,0.0490801554580679
"img_0352-2","No conforme",0.912849595157399,0.188656591391518,11636,0.0524921983141411,0.052497448058947
"img_0353-0","No conforme",0.899068277731503,0.202185068127659,13124,0.0370658814125234,0.0370695883713606
"img_0353-1","No conforme",0.934177394283519,0.132862035544457,13124,0.0447978991634559,0.0448023794013961
"img_0353-2","No conforme",0.90421392436308,0.191901767903287,13124,0.0361049709910172,0.0361085818492021
"img_0354-0","Conforme",0.91574715884938,0.1853725975991,11248,0.0326498553598227,0.0326531206718899
"img_0354-1","Conforme",0.944162943958956,0.123756630406195,11248,0.0432825861011773,0.0432869147926566
"img_0354-2","Conforme",0.912526679669548,0.192396392724916,11248,0.0314881772128814,0.0314913263455159
"img_0355-0","No conforme",0.929111683744543,0.175208174135351,9498,0.0884115722374983,0.0884204142789262
"img_0355-1","No conforme",0.948364136083266,0.133813958914782,9498,0.124214160737151,0.124226583395491
"img_0355-2","No conforme",0.923238774234547,0.188535036799102,9498,0.0775308283085744,0.077538582166791
"img_0356-0","No conforme",0.900603098575368,0.199624808135696,13218,0.0638893986558863,0.0638957882347098
"img_0356-1","No conforme",0.931554401496438,0.142210454425073,13218,0.0927466482391364,0.0927559238315195
"img_0356-2","No conforme",0.896980007144703,0.20655797197226,13218,0.0605500662090389,0.060556121821221
"img_0357-0","Conforme",0.914216167279412,0.180757808236832,12090,0.0343386140151498,0.0343420482199718
"img_0357-1","Conforme",0.939891329094382,0.127533158153672,12090,0.0432729298377443,0.0432772575635006
"img_0357-2","Conforme",0.911056836817124,0.187342648911891,12090,0.0332424478571977,0.0332457724344411
"img_0358-0","Conforme",0.924334365395939,0.18046564859908,9815,0.0316514665970664,0.0316546320602724
"img_0358-1","Conforme",0.951249194802677,0.117116213282427,9815,0.0431484015450565,0.0431527168167382
"img_0358-2","Conforme",0.923454051226448,0.182548929371951,9815,0.0312852257527092,0.031288354588168
"img_0359-0","Conforme",0.899415963834875,0.205223549395063,12719,0.0310441074533065,0.0310472121745239
"img_0359-1","Conforme",0.936819772769704,0.12996383997027,12719,0.0434662891698103,0.0434706362334337
"img_0359-2","Conforme",0.900143226713293,0.20375247681471,12719,0.0313011826273245,0.0313043130586304
"img_0360-0","Conforme",0.931487568700454,0.166520209402496,9514,0.0341642471014482,0.034167663867835
"img_0360-1","Conforme",0.952785391791849,0.115530429430008,9514,0.0436161788123465,0.0436205408664332
"img_0360-2","Conforme",0.926064060381721,0.179579154931329,9514,0.0317422689921293,0.0317454435364829
"img_0361-0","No conforme",0.907524271814683,0.190031270274316,12632,0.0440025884982435,0.0440069891971632
"img_0361-1","No conforme",0.935365845336914,0.133741841716575,12632,0.0480310310169981,0.0480358346004582
"img_0361-2","No conforme",0.910666310712029,0.183474536096362,12632,0.040367198765762,0.0403712358893509
"img_0362-0","No conforme",0.904049504915125,0.203580313408261,12123,0.0722560776698217,0.0722633040002218
"img_0362-1","No conforme",0.935323543826832,0.143931897907483,12123,0.112544821062994,0.112556076670661
"img_0362-2","No conforme",0.900324638564166,0.211019601373241,12123,0.0675000328794281,0.0675067835577839
"img_0363-0","No conforme",0.92260820052203,0.180043625850687,10420,0.0716409602992534,0.0716481251117645
"img_0363-1","No conforme",0.945220900537827,0.132122703253221,10420,0.101620105338575,0.101630268365412
"img_0363-2","No conforme",0.916954935769474,0.192476070755316,10420,0.0642222153480903,0.0642286382119115
"img_0364-0","No conforme",0.930120577751608,0.16991943339511,9600,0.058494270285305,0.0585001202973347
"img_0364-1","No conforme",0.950774364839442,0.122561425147682,9600,0.0809338851867588,0.0809419793846973
"img_0364-2","No conforme",0.929348560234519,0.171726416946347,9600,0.0576767953141826,0.0576825635705397
"img_0365-0","No conforme",0.91032394969267,0.172563265933488,18694,0.216645746518008,0.216667413259333
"img_0365-1","No conforme",0.935658784790039,0.113595939232996,18682,0.134177880553944,0.134191299683913
"img_0365-2","No conforme",0.910156059965246,0.173063957504014,18637,0.217261298154059,0.217283026456704
"img_0366-0","Conforme",0.926229137986127,0.180731170848755,9372,0.0310955128595112,0.0310986227217834
"img_0366-1","Conforme",0.953437923996869,0.114912001260902,9372,0.0432831780174765,0.0432875067681533
"img_0366-2","Conforme",0.934090577464384,0.161632988695698,9372,0.0345782808400411,0.0345817390139425
"img_0367-0","No conforme",0.884072721485811,0.192033314471859,21975,0.205373299880209,0.205393839264136
"img_0367-1","No conforme",0.916914010404699,0.12987181730191,22050,0.133305070454637,0.133318402294867
"img_0367-2","No conforme",0.888004907118853,0.184326395641047,22045,0.196421203366039,0.196440847450784
"img_0368-0","Conforme",0.90971964240579,0.189866696309088,12118,0.0328500524996608,0.0328533378334442
"img_0368-1","Conforme",0.939862489875345,0.127419620821284,12118,0.0432789221953122,0.0432832505203642
"img_0368-2","Conforme",0.908773692088408,0.191836427877216,12118,0.0325034294708308,0.0325066801388447
"img_0369-0","No conforme",0.917552960653866,0.184708559044579,11090,0.0698459334636313,0.0698529187555068
"img_0369-1","No conforme",0.942007122587316,0.134634260580912,11090,0.0993941595426981,0.0994040999526934
"img_0369-2","No conforme",0.912419639497645,0.195596808259276,11090,0.0636862944381632,0.0636926637045337
"img_0370-0","No conforme",0.91177865494672,0.184707351027763,12226,0.0370685275863151,0.0370722348097961
"img_0370-1","No conforme",0.938444581550149,0.129822506230788,12226,0.0454587672746321,0.0454633136059927
"img_0370-2","No conforme",0.912195866304285,0.183835545837189,12226,0.0369649061995,0.036968603059806
"img_0371-0","Conforme",0.908887253992417,0.191904055677972,12087,0.0327308176649503,0.0327340910740577
"img_0371-1","Conforme",0.939991129545324,0.127365021363103,12087,0.0436040889511843,0.0436084497961639
"img_0371-2","Conforme",0.904110533967859,0.20187514996679,12087,0.0310796750618079,0.0310827833401419
"img_0372-0","Conforme",0.905773096995634,0.190921330841274,12877,0.0333842928648798,0.0333876316280426
"img_0372-1","Conforme",0.93608263754452,0.130471814120355,12877,0.0432774755380736,0.0432818037184455
"img_0372-2","Conforme",0.905549084472656,0.191370580321688,12877,0.0333142653748324,0.0333175971345459
"img_0373-0","Conforme",0.928667248642865,0.175107151465761,9344,0.032210264961456,0.032213486310087
"img_0373-1","Conforme",0.95360964299819,0.114697819876794,9344,0.0434587216470261,0.0434630679538215
"img_0373-2","Conforme",0.929599317842371,0.172837788660227,9344,0.0326127574673559,0.0326160190692628
"img_0374-0","No conforme",0.909870659395106,0.16602023376783,19309,0.200014359227461,0.200034362663728
"img_0374-1","No conforme",0.931979151736989,0.117222436747774,19363,0.134343474023332,0.134356909714304
"img_0374-2","No conforme",0.90018624621223,0.1880338471997,19360,0.229981407964163,0.230004408405004
"img_0375-0","Conforme",0.896231025103401,0.207072441654853,13182,0.0310765389301869,0.0310796468948764
"img_0375-1","Conforme",0.934460401557473,0.131851088599562,13182,0.043270679539812,0.043275007040516
"img_0375-2","Conforme",0.898315286919089,0.202949363607397,13182,0.0317528246632265,0.0317560002632528
"img_0376-0","Conforme",0.917636726020364,0.181923232375595,11178,0.0330962061028595,0.0330995160544649
"img_0376-1","Conforme",0.944403948884852,0.123670834406588,11178,0.0431323743232935,0.0431366879920927
"img_0376-2","Conforme",0.915387266935461,0.186845195559243,11178,0.0322595906698357,0.0322628169515309
"img_0377-0","No conforme",0.922629022198845,0.180434677675084,10256,0.0488526354473388,0.0488575211994588
"img_0377-1","No conforme",0.947634599573472,0.123933300852987,10256,0.0637266185754911,0.0637329918746786
"img_0377-2","No conforme",0.92469635144402,0.175711183951002,10256,0.0499386267944502,0.0499436211565659
"img_0378-0","Conforme",0.928076343814625,0.180101999873846,9024,0.0308136790920924,0.0308167607681692
"img_0378-1","Conforme",0.955174978368422,0.113081581314013,9024,0.0434874603602814,0.0434918095412355
"img_0378-2","Conforme",0.928878816025678,0.178106572284054,9024,0.0311752271933751,0.0311783450278778
"img_0379-0","Conforme",0.913965649001177,0.182024422141807,12008,0.0341438114291605,0.0341472261517757
"img_0379-1","Conforme",0.940356226878447,0.127084003706371,12008,0.0434266095304209,0.0434309526256834
"img_0379-2","Conforme",0.910721775351132,0.188815177236891,12008,0.03301244152907,0.0330157431033803
"img_0380-0","Conforme",0.899072346335018,0.202030155420512,13120,0.0316313976745827,0.0316345611306957
"img_0380-1","Conforme",0.934798873470531,0.13153867189577,13120,0.0430042113603048,0.0430085122115259
"img_0380-2","Conforme",0.894466687155331,0.211171319595473,13120,0.0301640025648579,0.0301670192667846
"img_0381-0","Conforme",0.919767716944077,0.189392929773881,9984,0.0304257954809653,0.0304288383648018
"img_0381-1","Conforme",0.950373846722771,0.118042653085873,9984,0.0433305858299975,0.0433349193219297
"img_0381-2","Conforme",0.923073696630141,0.181646748971751,9984,0.0318104281407273,0.0318136095016775
"img_0382-0","Conforme",0.922830896732106,0.184210258281234,9798,0.0310325679546761,0.0310356715218283
"img_0382-1","Conforme",0.951153403122846,0.117458884525797,9798,0.0431769259863787,0.0431812441107898
"img_0382-2","Conforme",0.927767728271484,0.172520813007148,9798,0.0331462037342062,0.0331495186860748
"img_0383-0","Conforme",0.917911895249311,0.183704877521178,10934,0.0327130305358777,0.0327163021660943
"img_0383-1","Conforme",0.945667250276453,0.122484406448918,10934,0.0434216235603958,0.0434259661570115
"img_0383-2","Conforme",0.91326830232508,0.194007191063261,10934,0.0309339311254706,0.0309370248279534
"img_0384-0","Conforme",0.909145610315659,0.193888060841788,11826,0.0320232454546385,0.0320264480994484
"img_0384-1","Conforme",0.941208898476993,0.12643314530893,11826,0.0434467017033677,0.0434510468080485
"img_0384-2","Conforme",0.913174485114602,0.185370221068545,11826,0.0334699461145438,0.0334732934438882
"img_0385-0","Conforme",0.912892853985955,0.184356058181931,11999,0.0338533175101992,0.0338567031805173
"img_0385-1","Conforme",0.940382672801298,0.127090434371199,11999,0.0435163543491841,0.0435207064198261
"img_0385-2","Conforme",0.907479936002843,0.195697501632878,11999,0.031934595671712,0.0319377894506571
"img_0386-0","Conforme",0.912181686024385,0.191718537679753,11390,0.031928886683403,0.0319320798913922
"img_0386-1","Conforme",0.943367711468865,0.124586711368481,11390,0.0435028603817242,0.0435072111028345
"img_0386-2","Conforme",0.915325400229061,0.184915705331804,11390,0.0330549396214361,0.0330582454459807
"img_0387-0","Conforme",0.910735955631032,0.193814010807956,11492,0.0316256453541132,0.0316288082349367
"img_0387-1","Conforme",0.942715837420295,0.125333249698988,11492,0.0433866795961235,0.0433910186979933
"img_0387-2","Conforme",0.907899959483427,0.199922724352149,11492,0.0306183339200177,0.0306213960596237
"img_0388-0","Conforme",0.92028556640625,0.187485699338948,10048,0.031021301123389,0.0310244035637454
"img_0388-1","Conforme",0.95011537073472,0.11822738184581,10048,0.0435265668044802,0.0435309198964699
"img_0388-2","Conforme",0.926279157876407,0.173504600774916,10048,0.0335346135256235,0.0335379673223558
"img_0389-0","Conforme",0.919309400724523,0.189477587088318,10074,0.0306194419355066,0.0306225041859252
"img_0389-1","Conforme",0.949959327823414,0.118411828117735,10074,0.0434475613234394,0.0434519065140908
"img_0389-2","Conforme",0.920575454406738,0.186526559893068,10074,0.0311524056460763,0.0311555211981961
"img_0390-0","Conforme",0.911919799589269,0.186305746272253,12008,0.0334049188405579,0.0334082596665245
"img_0390-1","Conforme",0.940420666378246,0.126947050474714,12008,0.0433888706544887,0.0433932099754862
"img_0390-2","Conforme",0.911046964470358,0.188133265610601,12008,0.0330975971704647,0.0331009072611908
"img_0391-0","No conforme",0.89280017518885,0.184837562522688,20924,0.205617012164728,0.20563757592232
"img_0391-1","No conforme",0.922356844590131,0.125558749633601,21137,0.133892253021148,0.133905643585506
"img_0391-2","No conforme",0.886386081578872,0.197444830791436,21078,0.221775801056285,0.22179798085437
"img_0392-0","No conforme",0.907842101548139,0.185656165420689,13013,0.0363484380163248,0.0363520732236472
"img_0392-1","No conforme",0.934516165358599,0.132889219841551,13013,0.0451285336081345,0.0451330469128257
"img_0392-2","No conforme",0.899758444519043,0.201941287847203,13013,0.0390886994651807,0.0390926087260534
"img_0393-0","Conforme",0.913306236069623,0.182406535478641,12118,0.0342736785061344,0.0342771062167561
"img_0393-1","Conforme",0.939725234339097,0.127719044943226,12118,0.0435070087806687,0.0435113599166604
"img_0393-2","Conforme",0.907942500323127,0.193574240390275,12118,0.0324149850652207,0.0324182268879095
"img_0394-0","Conforme",0.909728677098891,0.190892984560381,12008,0.0325948605696161,0.0325981203816543
"img_0394-1","Conforme",0.940375911739574,0.127034906018084,12008,0.0432989527597379,0.0433032830880467
"img_0394-2","Conforme",0.90693809374641,0.196739314002795,12008,0.0315821975218105,0.0315853560574163
"img_0395-0","No conforme",0.897415467385685,0.184785105722083,20164,0.216328700510528,0.216350335544082
"img_0395-1","No conforme",0.927620121729234,0.12136898853645,20014,0.134222495831308,0.13423591942325
"img_0395-2","No conforme",0.896310961196002,0.186967622204445,20214,0.219026769417001,0.219048674284429
"img_0396-0","Conforme",0.921109757780187,0.186261315176149,9983,0.0310939268556549,0.0310970365593109
"img_0396-1","Conforme",0.950200751576143,0.118456518533754,9983,0.0433847959796478,0.0433891348931371
"img_0396-2","Conforme",0.927768865087172,0.170669590770595,9983,0.0338739519571473,0.0338773396911164
"img_0397-0","No conforme",0.909149140427533,0.193836375753831,11860,0.0406317549435036,0.0406358185253561
"img_0397-1","No conforme",0.940241707655963,0.128400688196805,11860,0.0457442729799367,0.0457488478647232
"img_0397-2","No conforme",0.911326740794462,0.18916859659532,11860,0.0392166318482777,0.0392205539036681
"img_0398-0","Conforme",0.934084354894301,0.163609721384227,9176,0.034012730931522,0.0340161325447765
"img_0398-1","Conforme",0.954447296663172,0.113810543684444,9176,0.0433723344373674,0.0433766721045779
"img_0398-2","Conforme",0.930799196885053,0.171686681044028,9176,0.0324893453029733,0.0324925945624296
"img_0399-0","Conforme",0.918441412030388,0.189080035286716,10296,0.0308994691417061,0.0309025593976458
"img_0399-1","Conforme",0.948936313368853,0.119291665452105,10296,0.0433561626797437,0.0433604987296166
"img_0399-2","Conforme",0.924781732285443,0.174503106022102,10296,0.0335119503708798,0.0335153019010699
"img_0400-0","No conforme",0.886749264275046,0.196041262346092,21107,0.219723772630528,0.219745747205249
"img_0400-1","No conforme",0.922140490614947,0.125620030005392,21129,0.13357051503412,0.133583873421462
"img_0400-2","No conforme",0.886486061527028,0.196702064829257,21204,0.221057776954701,0.221079884943195
"img_0401-0","Conforme",0.924481792440975,0.178222146914281,9996,0.032326759759749,0.0323299927590249
"img_0401-1","Conforme",0.950402805606618,0.117886447355355,9996,0.0431839269434001,0.0431882457679769
"img_0401-2","Conforme",0.923852953868193,0.179693605299972,9996,0.032065624379954,0.0320688312630804
"img_0402-0","Conforme",0.912762359511431,0.184869816763086,11972,0.0334662227248809,0.0334695696818491
"img_0402-1","Conforme",0.940639712811638,0.126704045156844,11972,0.0432438882563419,0.0432482130776497
"img_0402-2","Conforme",0.910148939909093,0.190353204875616,11972,0.0325669005392323,0.0325701575549879
"img_0403-0","No conforme",0.922361032858456,0.179129740026706,10553,0.0687880716621054,0.0687949511572211
"img_0403-1","No conforme",0.943676087682387,0.132859691936715,10553,0.0856582439782363,0.0856668106593022
"img_0403-2","No conforme",0.916994245659323,0.191069539120733,10553,0.0657267244342987,0.0657332977640751
"img_0404-0","Conforme",0.921502976343491,0.174199711033865,11100,0.0346853033622089,0.0346887722394328
"img_0404-1","Conforme",0.944884522758933,0.12314855405026,11100,0.0436004743168987,0.0436048348003788
"img_0404-2","Conforme",0.915163912568934,0.188121257296697,11100,0.0322653165627718,0.0322685434171135
"img_0405-0","No conforme",0.917359402824851,0.160583632134958,18364,0.204900023709708,0.204920515761284
"img_0405-1","No conforme",0.938008163990694,0.111250227097777,18258,0.134239337471193,0.134252762747468
"img_0405-2","No conforme",0.911919320930032,0.174250937159429,18253,0.224709850828474,0.22473232406088
"img_0406-0","No conforme",0.901819371696921,0.174298976824979,20311,0.201614448217983,0.201634611679151
"img_0406-1","No conforme",0.927220201936609,0.121254707681301,20258,0.133801662507549,0.13381504401195
"img_0406-2","No conforme",0.893123928330365,0.193112771722216,20266,0.226236124251251,0.226258750126263
"img_0407-0","Conforme",0.906377703444537,0.194716685552371,12337,0.0324435511467188,0.0324467958263015
"img_0407-1","Conforme",0.938648789547191,0.128585365180744,12337,0.0434889912373285,0.0434933405713856
"img_0407-2","Conforme",0.901918214829389,0.203909714236894,12337,0.0309267642353428,0.0309298572210649
"img_0408-0","Conforme",0.922633808791217,0.185208164054649,9750,0.0310021036313071,0.0310052041517223
"img_0408-1","Conforme",0.951586529900046,0.116779536800219,9750,0.043527783405159,0.0435321366188209
"img_0408-2","Conforme",0.928403268073587,0.171508087792903,9750,0.033484572671851,0.0334879214639974
"img_0409-0","Conforme",0.925377962197696,0.170395449441426,10582,0.0346446861366083,0.0346481509517035
"img_0409-1","Conforme",0.947374747440114,0.120961826963724,10582,0.0434012917695474,0.0434056323327807
"img_0409-2","Conforme",0.925517431532916,0.170080150865573,10582,0.0346893284980289,0.0346927977778067
"img_0410-0","No conforme",0.891781767829446,0.209291644274165,13904,0.043073580981334,0.0430778887702111
"img_0410-1","No conforme",0.929757993379481,0.136840769835218,13904,0.0463237912244482,0.0463284240668549
"img_0410-2","No conforme",0.894855837115119,0.20330327070043,13904,0.0409765610488849,0.0409806591147964
"img_0411-0","Conforme",0.931809347372616,0.170440780263582,9060,0.0328051095704922,0.0328083904095332
"img_0411-1","Conforme",0.954893347239775,0.113529800109463,9060,0.0435477612606704,0.0435521164723177
"img_0411-2","Conforme",0.928467528076172,0.17872420236636,9060,0.0311970121213255,0.0312001321345389
"img_0412-0","Conforme",0.920854034082749,0.186198039057576,10044,0.0310982438325186,0.0311013539679154
"img_0412-1","Conforme",0.950194947832893,0.1180613521714,10044,0.043390563838499,0.0433949033288318
"img_0412-2","Conforme",0.927855083582261,0.169867468820548,10044,0.0340564171860517,0.0340598231683686
"img_0413-0","No conforme",0.919702200460995,0.176978080670256,11260,0.0430525150220931,0.0430568207041635
"img_0413-1","No conforme",0.941918929622874,0.128893308837481,11260,0.048762382027861,0.0487672587537364
"img_0413-2","No conforme",0.918764507015453,0.179090943807471,11260,0.0445868056667363,0.0445912647932156
"img_0414-0","Conforme",0.919666241185805,0.186308304007504,10292,0.0315344343163723,0.0315375880751798
"img_0414-1","Conforme",0.948888626942354,0.119437613356256,10292,0.0435341808292809,0.0435385346827492
"img_0414-2","Conforme",0.926020083564309,0.171702633704526,10292,0.0341690396681944,0.0341724569138858
"img_0415-0","Conforme",0.922441627107508,0.186925360757557,9636,0.0302742055700117,0.0302772332933411
"img_0415-1","Conforme",0.952046341929716,0.116442063826845,9636,0.0431742474738051,0.0431785653303381
"img_0415-2","Conforme",0.928882824796789,0.171519638234961,9636,0.0330643582489618,0.0330676650154633
"img_0416-0","No conforme",0.902148928581686,0.191028132105837,13750,0.0489946863910465,0.0489995863496814
"img_0416-1","No conforme",0.930550413746553,0.137874633109528,13750,0.0653457723175408,0.0653523075482956
"img_0416-2","No conforme",0.894878334099265,0.204847623212233,13750,0.0448399518959851,0.0448444363396191
"img_0417-0","No conforme",0.907517809914982,0.175989972873511,18975,0.218259104677704,0.218280932770981
"img_0417-1","No conforme",0.93423399573831,0.114997676948084,18992,0.134273958549422,0.134287387288151
"img_0417-2","No conforme",0.90999421331069,0.170142798720408,18974,0.210138439290143,0.210159455235666
"img_0418-0","No conforme",0.911609748068417,0.169395085480432,18721,0.21261077351627,0.212632036719942
"img_0418-1","No conforme",0.93592228670008,0.113339098431095,18548,0.133995799679914,0.134009200599974
"img_0418-2","No conforme",0.909671058493221,0.174668096927504,18521,0.22001991569976,0.220041919891749
"img_0419-0","No conforme",0.905045056295956,0.205488567810656,11653,0.0591004475870853,0.0591063582229076
"img_0419-1","No conforme",0.939123918672449,0.136978248636744,11653,0.0972955532442115,0.0973052837725888
"img_0419-2","No conforme",0.910547782718434,0.194097205780107,11653,0.0652207258434739,0.0652272485683308
"img_0420-0","Conforme",0.908823592313879,0.189827070248815,12320,0.032947822245837,0.0329511173575728
"img_0420-1","Conforme",0.938829782571232,0.128294600197799,12320,0.0431161337128682,0.043120445757444
"img_0420-2","Conforme",0.900928706521427,0.206114979120807,12320,0.0302542763478867,0.0302573020780945
"img_0421-0","Conforme",0.924516255906049,0.180729986723398,9750,0.0315857168157053,0.0315888757032756
"img_0421-1","Conforme",0.951458668051327,0.117061754535664,9750,0.0431562666308404,0.0431605826891093
"img_0421-2","Conforme",0.925893418363683,0.177458364782468,9750,0.0321449090814468,0.0321481238938362
"img_0422-0","No conforme",0.911727079413919,0.191330061477404,11690,0.0668138870621676,0.0668205691190795
"img_0422-1","No conforme",0.939009040455538,0.136994323958581,11690,0.0973079326538739,0.0973176644203159
"img_0422-2","No conforme",0.914611599641688,0.18542146270608,11690,0.0700366959106087,0.0700437002806368
"img_0423-0","Conforme",0.929129513801126,0.172291383644598,9504,0.0327858011013328,0.0327890800093337
"img_0423-1","Conforme",0.952804897155762,0.115531146736704,9504,0.0432351235549999,0.0432394474997498
"img_0423-2","Conforme",0.923442623237161,0.186004841594048,9504,0.0302913331664802,0.0302943626027405
"img_0424-0","Conforme",0.92051011742087,0.186934834387094,10050,0.030923448394552,0.0309265410486569
"img_0424-1","Conforme",0.950001629333496,0.118464677427816,10050,0.0432806602393086,0.0432849887381824
"img_0424-2","Conforme",0.919929443933823,0.18828995337207,10050,0.0306665186073772,0.0306695855659338
"img_0425-0","Conforme",0.906629478203269,0.195126983518177,12240,0.0322847593273988,0.0322879881262114
"img_0425-1","Conforme",0.939217017894072,0.128019809578553,12240,0.0435768318649616,0.04358118998396
"img_0425-2","Conforme",0.908091183848661,0.192101819226023,12240,0.0328233299297824,0.0328266125910415
"img_0426-0","Conforme",0.928527539978027,0.171411989461558,9729,0.0329863312040231,0.0329896301670398
"img_0426-1","Conforme",0.951751368174833,0.116499766475263,9729,0.0429580613475045,0.0429623575832628
"img_0426-2","Conforme",0.923903931076947,0.182405019757149,9729,0.0309850119526519,0.0309881107637283
"img_0427-0","No conforme",0.917421748190487,0.187380580371551,10702,0.0395990315072654,0.0396029918064461
"img_0427-1","No conforme",0.946161406106388,0.12302760208725,10702,0.0455718853912691,0.0455764430355727
"img_0427-2","No conforme",0.91688876112994,0.188594179822294,10702,0.039933601452238,0.0399375952117592
"img_0428-0","Conforme",0.91494845607982,0.193278364782609,10647,0.0304900104092915,0.030493059715263
"img_0428-1","Conforme",0.94707911552878,0.121184044328104,10647,0.0430949385891781,0.0430992485140295
"img_0428-2","Conforme",0.921227926779354,0.179122353980476,10647,0.0329486212485759,0.0329519164402199
"img_0429-0","Conforme",0.917116064435173,0.180842312306699,11410,0.0333636807126842,0.0333670174144257
"img_0429-1","Conforme",0.94342862085679,0.124298045553884,11410,0.0430023484287837,0.043006649093693
"img_0429-2","Conforme",0.909693675142176,0.196887997226979,11410,0.0306623057733216,0.0306653723105527
"img_0430-0","Conforme",0.918574419465906,0.180104441143864,11154,0.0334915663546357,0.0334949158462204
"img_0430-1","Conforme",0.944643876827464,0.123311703445091,11154,0.0433150150239414,0.0433193469586373
"img_0430-2","Conforme",0.910364516063017,0.198099445862719,11154,0.0304082968369007,0.0304113379706978
"img_0431-0","No conforme",0.883057245914235,0.202585112964618,21255,0.226631064029665,0.226653729402605
"img_0431-1","No conforme",0.921385345835966,0.12630828943412,21315,0.133797855100043,0.133811236223665
"img_0431-2","No conforme",0.894705238952637,0.179341499013335,21178,0.198327014597831,0.198346849282759
"img_0432-0","No conforme",0.904036640948127,0.176856014689602,19524,0.212193769215315,0.212214990714386
"img_0432-1","No conforme",0.93056932078642,0.118440379495695,19661,0.134527767851386,0.134541221973583
"img_0432-2","No conforme",0.907313542085535,0.169734100768207,19536,0.202321016472755,0.202341250597814
"img_0433-0","Conforme",0.903744359651453,0.195053152984403,12870,0.0326626195141349,0.0326658861027452
"img_0433-1","Conforme",0.936017240726246,0.130638186783172,12870,0.0431710310613113,0.0431753485961709
"img_0433-2","Conforme",0.901889315777947,0.198776770614842,12870,0.0320733611775354,0.0320765688344188
"img_0434-0","No conforme",0.906427424172794,0.176365317293579,19087,0.216118239770506,0.216139853755881
"img_0434-1","No conforme",0.933147858096852,0.116078967654977,19022,0.13407863638729,0.134092045591849
"img_0434-2","No conforme",0.901966978239172,0.186257274038302,19193,0.22986116539449,0.229884153809871
"img_0435-0","Conforme",0.920982673752729,0.177494221248135,10872,0.0338308250074715,0.0338342084283144
"img_0435-1","Conforme",0.945987174144072,0.122185299016197,10872,0.0435622464736854,0.0435666031339988
"img_0435-2","Conforme",0.917900048433192,0.184350981865119,10872,0.0326464145678783,0.0326496795358319
"img_0436-0","No conforme",0.90672604770436,0.199320779510939,11930,0.0628679571091848,0.0628742445336381
"img_0436-1","No conforme",0.937765364092658,0.137998822190109,11930,0.0965200995570751,0.0965297525323283
"img_0436-2","No conforme",0.908134981168859,0.196450879447933,11930,0.0643797903877196,0.0643862290106206
"img_0437-0","Conforme",0.924860591394761,0.179159812008112,9821,0.0319869250669658,0.0319901240793737
"img_0437-1","Conforme",0.951172549492331,0.117262184456037,9821,0.0432531032690534,0.0432574290119546
"img_0437-2","Conforme",0.92430073958453,0.180483441960799,9821,0.031734411007544,0.0317375847660206
"img_0438-0","Conforme",0.909269702722886,0.195595713944696,11627,0.031254208368991,0.0312573341024012
"img_0438-1","Conforme",0.942344158522662,0.125262006395303,11627,0.0431952432634737,0.0431995632197956
"img_0438-2","Conforme",0.908502531630572,0.197236629562155,11627,0.0309933280661246,0.0309964277088955
"img_0439-0","No conforme",0.913238146793141,0.162841918181642,19069,0.200520259688823,0.200540313720195
"img_0439-1","No conforme",0.934697696874282,0.114751665242204,18747,0.134147016995272,0.134160433038576
"img_0439-2","No conforme",0.911587789575913,0.167408299336909,18863,0.206946568598331,0.206967265324863
"img_0440-0","Conforme",0.925047447994456,0.175439247417795,10140,0.0330648097466151,0.0330681165582709
"img_0440-1","Conforme",0.949618163452148,0.11874845393755,10140,0.0432045498207581,0.0432088707078289
"img_0440-2","Conforme",0.922987837129481,0.180215732962456,10140,0.0321845911276391,0.03218780990863
"img_0441-0","No conforme",0.915407609953039,0.198331335494116,10236,0.0700552013585502,0.0700622075793081
"img_0441-1","No conforme",0.944923114659926,0.135976866235506,10236,0.117620396569361,0.117632159785339
"img_0441-2","No conforme",0.924934544246898,0.177481641081495,10236,0.085368946093925,0.0853774838423092
"img_0442-0","No conforme",0.906367352438534,0.195796750692017,12244,0.0372035815291702,0.0372073022593961
"img_0442-1","No conforme",0.938612710607192,0.129321358329461,12244,0.0448152847006111,0.0448197666772789
"img_0442-2","No conforme",0.912077697305118,0.183881135305492,12244,0.0359909275871982,0.0359945270399022
"img_0443-0","No conforme",0.922992025397805,0.176401091861625,10660,0.0640977461668145,0.0641041565824728
"img_0443-1","No conforme",0.943425629236558,0.131931922839238,10660,0.0779191388124038,0.0779269315055544
"img_0443-2","No conforme",0.914313454769359,0.195936296233191,10660,0.0647650025218409,0.0647714796698078
"img_0444-0","Conforme",0.910488608470243,0.197151565404676,11218,0.0304751543001642,0.0304782021203762
"img_0444-1","Conforme",0.944335321116728,0.123560880483597,11218,0.0430754786711532,0.0430797866498182
"img_0444-2","Conforme",0.914199294541303,0.189042272498398,11218,0.0318419622523578,0.0318451467670346
"img_0445-0","No conforme",0.908458614645565,0.193997439042526,11996,0.0415279273526027,0.0415320805606588
"img_0445-1","No conforme",0.93934589689367,0.129433535688159,11996,0.0460001759058376,0.0460047763834759
"img_0445-2","No conforme",0.907733924560547,0.195545556390656,11996,0.0421280268091941,0.0421322400331974
"img_0446-0","Conforme",0.920357425124224,0.174963541922659,11288,0.0345261392733651,0.0345295922325884
"img_0446-1","Conforme",0.943947786631865,0.123970706801047,11288,0.0433189259938637,0.0433232583196957
"img_0446-2","Conforme",0.912265810385311,0.192559709158761,11288,0.0315320720953708,0.0315352256179326
"img_0447-0","No conforme",0.892808132898667,0.184690762610868,21018,0.205947728382978,0.2059683252155
"img_0447-1","No conforme",0.922345895260081,0.125197011435133,21196,0.133394518384622,0.133407859170539
"img_0447-2","No conforme",0.893792555452235,0.182236944522696,21112,0.20326560807159,0.203285936665257
"img_0448-0","Conforme",0.917550806687299,0.183693610833764,11016,0.0327809592369502,0.0327842376607163
"img_0448-1","Conforme",0.945261945567411,0.122848444474066,11016,0.0434071072724601,0.0434114484173018
"img_0448-2","Conforme",0.913432542275821,0.192788357627517,11016,0.031213456494702,0.0312165781525172
"img_0449-0","No conforme",0.913369000262092,0.195143155813155,10865,0.0493519031029897,0.0493568387868684
"img_0449-1","No conforme",0.944539349616556,0.128146041830737,10865,0.0776510394467912,0.0776588053273239
"img_0449-2","No conforme",0.914863374400419,0.191867472882015,10865,0.0507018952734487,0.0507069659700457
"img_0450-0","Conforme",0.901058961666331,0.205038003060506,12400,0.0304863569380026,0.0304894058785905
"img_0450-1","Conforme",0.938386185123219,0.128709290078738,12400,0.0430722040253834,0.043076511676551
"img_0450-2","Conforme",0.900601423268038,0.205978096000004,12400,0.0303046195484585,0.0303076503134899
"img_0451-0","Conforme",0.927787113970588,0.1680320322696,10251,0.0347253022119292,0.0347287750894382
"img_0451-1","Conforme",0.94908374041389,0.119258356599771,10251,0.0434810295386419,0.0434853780764495
"img_0451-2","Conforme",0.922839392933565,0.179426317950238,10251,0.0326837865982681,0.0326870553037985
"img_0452-0","Conforme",0.914226817447438,0.192612435945205,10863,0.0308383685702715,0.0308414527155431
"img_0452-1","Conforme",0.946082965823903,0.122004479422426,10863,0.0431118030208848,0.043116114632348
"img_0452-2","Conforme",0.918717059918572,0.182611140106362,10863,0.0325654183927274,0.0325686752602534
"img_0453-0","No conforme",0.920575633903952,0.182045798185229,10525,0.0396082254163455,0.039612186635009
"img_0453-1","No conforme",0.946924089768354,0.122494919935442,10525,0.0457644906386842,0.0457690675454387
"img_0453-2","No conforme",0.925518448683795,0.170697301835466,10525,0.0369978878271977,0.0370015879859963
"img_0454-0","Conforme",0.898999829460593,0.207667995675014,12558,0.0302872593709677,0.0302902883998076
"img_0454-1","Conforme",0.937591850119198,0.129365138810801,12558,0.043161053874154,0.0431653704111951
"img_0454-2","Conforme",0.903453992991728,0.198582638638866,12558,0.0317496165867769,0.0317527918659635
"img_0455-0","No conforme",0.891804803305233,0.19110964239948,20652,0.218752128263302,0.218774005663868
"img_0455-1","No conforme",0.925076825705135,0.123460547615307,20532,0.133647817407947,0.133661183526299
"img_0455-2","No conforme",0.896464491146312,0.181586785299615,20560,0.206519482835253,0.206540136848938
"img_0456-0","No conforme",0.914420435108858,0.190597864769609,11088,0.0513981083813621,0.0514032487062327
"img_0456-1","No conforme",0.943548465163287,0.128835619542718,11088,0.0770748714137031,0.0770825796716703
"img_0456-2","No conforme",0.913887029221479,0.19175162461274,11088,0.0509325875409847,0.0509376813091156
"img_0457-0","Conforme",0.913686590665929,0.188756123475192,11360,0.0323538954407357,0.032357131153851
"img_0457-1","Conforme",0.943519566111845,0.124446317176714,11360,0.0434440408754222,0.0434483857139936
"img_0457-2","Conforme",0.913947220620548,0.188191809636162,11360,0.0324678157897157,0.0324710628960053
"img_0458-0","No conforme",0.912139683676327,0.198507266344444,10873,0.0642153286417198,0.0642217508168015
"img_0458-1","No conforme",0.942425051933737,0.132648733640322,10873,0.0771740002529378,0.0771817184247802
"img_0458-2","No conforme",0.920170568524529,0.180614116628894,10873,0.063209965624415,0.0632162872531403
"img_0459-0","No conforme",0.90386599893009,0.195688186831609,12953,0.0657437784294221,0.0657503534647686
"img_0459-1","No conforme",0.932709466068043,0.141610261991757,12953,0.0934572884767873,0.0934666351403013
"img_0459-2","No conforme",0.901164446195715,0.20090743374493,12953,0.0631472305377457,0.0631535458923349
"img_0460-0","No conforme",0.899980482572668,0.203388605728678,13066,0.0799174274637786,0.0799254200057792
"img_0460-1","No conforme",0.927459531555176,0.151957205357817,13066,0.100596613713681,0.100606674381119
"img_0460-2","No conforme",0.900141192411535,0.20307815137844,13066,0.0800014773168655,0.080009478264692
"img_0461-0","No conforme",0.912708869341682,0.186673655847465,11884,0.0538037269393218,0.0538091078501068
"img_0461-1","No conforme",0.939588158300063,0.132100502053249,11884,0.0753030613809585,0.0753105924402026
"img_0461-2","No conforme",0.913804580167882,0.184409976821879,11884,0.0546782765243413,0.0546837448988312
"img_0462-0","No conforme",0.916908685320686,0.183407845776158,11281,0.0545835112522535,0.0545889701492685
"img_0462-1","No conforme",0.942548546016917,0.129735154795004,11281,0.0766743342080129,0.0766820024082538
"img_0462-2","No conforme",0.914530107906566,0.188485553853238,11281,0.0525420366985084,0.0525472914276511
"img_0463-0","No conforme",0.893319041801901,0.203448038072197,14216,0.0419926113201429,0.0419968110012431
"img_0463-1","No conforme",0.927923531853171,0.138455700329729,14216,0.0464301373029933,0.0464347807810714
"img_0463-2","No conforme",0.88929650923785,0.21121100512109,14216,0.0454264526097693,0.0454309957093403
"img_0464-0","Conforme",0.913499315239401,0.189528212371249,11323,0.0321532640793202,0.0321564797272929
"img_0464-1","Conforme",0.943744416288488,0.124193122862643,11323,0.0434000271106846,0.0434043675474393
"img_0464-2","Conforme",0.920083452543371,0.175240195091641,11323,0.0345892626109901,0.0345927218831785
"img_0465-0","Conforme",0.907283207056382,0.1996754575417,11644,0.0308122451609439,0.0308153266936133
"img_0465-1","Conforme",0.942192303879682,0.125496567775419,11644,0.043492855792304,0.0434972055128553
"img_0465-2","Conforme",0.915605475715188,0.181909743939797,11644,0.0338786559382389,0.0338820441426532
"img_0466-0","Conforme",0.91108591536578,0.190417916452288,11760,0.0324154403787798,0.0324186822470045
"img_0466-1","Conforme",0.941503991896685,0.126214426585113,11760,0.0432865353808475,0.0432908644672942
"img_0466-2","Conforme",0.907942739652746,0.197089792966345,11760,0.0312888944682464,0.0312920236706134
"img_0467-0","No conforme",0.920329483391257,0.185596379982698,10285,0.0525210597047239,0.0525263123359575
"img_0467-1","No conforme",0.947458213644589,0.125531109297749,10285,0.0791901715939124,0.0791980914030527
"img_0467-2","No conforme",0.919815343538172,0.186758294623997,10285,0.0520136641020325,0.0520188659886313
"img_0468-0","Conforme",0.910124947114832,0.197634908991739,11248,0.0305178692409037,0.030520921333037
"img_0468-1","Conforme",0.944072956022375,0.123945069712583,11248,0.0431626813146367,0.0431669980144381
"img_0468-2","Conforme",0.914300171975528,0.188526795246821,11248,0.0320929470729234,0.0320961566885922
"img_0469-0","Conforme",0.911196186487534,0.183506124043435,12480,0.0342477225006851,0.0342511476154467
"img_0469-1","Conforme",0.938122443883559,0.128772341136178,12480,0.0433110012768139,0.0433153328100949
"img_0469-2","Conforme",0.910210926280302,0.18551889155052,12480,0.0339032948376721,0.0339066855062227
"img_0470-0","Conforme",0.906774930778952,0.186076623781996,13200,0.0344995681805615,0.0345030184824097
"img_0470-1","Conforme",0.93454105563893,0.13158979324314,13200,0.0433572237830311,0.043361559939025
"img_0470-2","Conforme",0.905788114929199,0.188023479588984,13200,0.0341908542384486,0.0341942736658152
"img_0471-0","No conforme",0.909990324204389,0.183121513799217,12870,0.0480326700082695,0.0480374737556451
"img_0471-1","No conforme",0.932788983333812,0.138121025752854,12870,0.0573801253674664,0.0573858639538618
"img_0471-2","No conforme",0.908693217504165,0.18578557885489,12870,0.0491550022462802,0.049159918238104
"img_0472-0","No conforme",0.891819701573989,0.203378021222557,14653,0.0597487801077072,0.0597547555832656
"img_0472-1","No conforme",0.922945774949018,0.147335919606969,14653,0.0715131770610416,0.071520329093951
"img_0472-2","No conforme",0.887124233954934,0.212143825956312,14653,0.0612727769636931,0.0612789048541785
"img_0473-0","Conforme",0.926011108703613,0.176996213042267,9768,0.0324690112283024,0.0324722584541478
"img_0473-1","Conforme",0.951401647769703,0.11708814792843,9768,0.0434024340777646,0.0434067747552401
"img_0473-2","Conforme",0.921910076024672,0.18672758524301,9768,0.030707129709938,0.030710200730011
"img_0474-0","No conforme",0.902195777354521,0.181235674802264,19530,0.218629627154851,0.218651492304081
"img_0474-1","No conforme",0.930968702087402,0.118166085117025,19523,0.134273993673334,0.134287422415576
"img_0474-2","No conforme",0.901217338041418,0.183629729953821,19514,0.221711477520988,0.221733650886076
"img_0475-0","No conforme",0.91339436920166,0.182331180349615,12146,0.043474049652238,0.0434783974919873
"img_0475-1","No conforme",0.938128367291619,0.131528320697723,12146,0.0533099522024003,0.0533152837307733
"img_0475-2","No conforme",0.905943918510886,0.19802294520084,12146,0.0469498236620679,0.0469545191139793
"img_0476-0","Conforme",0.905868350183823,0.199059265347798,12000,0.0311007324883603,0.0311038428726476
"img_0476-1","Conforme",0.940383809616986,0.127058129486809,12000,0.0431367198831495,0.0431410339865481
"img_0476-2","Conforme",0.912091159596163,0.186015003195611,12000,0.0332504025628685,0.0332537279356621
"img_0477-0","No conforme",0.907652432825425,0.201257641281178,11600,0.0727708834876852,0.0727781613038156
"img_0477-1","No conforme",0.937860377951229,0.142157742642875,11600,0.114303667131473,0.114315098641337
"img_0477-2","No conforme",0.914224543816061,0.187919712778003,11600,0.0817734252980251,0.0817816034583709
"img_0478-0","Conforme",0.9151570318424,0.193582530241591,10575,0.0305099438112655,0.0305129951107766
"img_0478-1","Conforme",0.947470898114373,0.120791767855981,10575,0.0434175043918514,0.0434218465765091
"img_0478-2","Conforme",0.916315746190688,0.190959494114062,10575,0.0310173740641191,0.0310204761117303
"img_0479-0","Conforme",0.922672819519043,0.174295207623493,10812,0.0341068956251785,0.0341103066558441
"img_0479-1","Conforme",0.946200177504596,0.12208360513236,10812,0.0432609158938088,0.0432652424180506
"img_0479-2","Conforme",0.920938098611271,0.178164930144946,10812,0.0334373936683362,0.0334407377421104
"img_0480-0","No conforme",0.905457840055578,0.172734322818878,19595,0.205493610456511,0.205514161872698
"img_0480-1","No conforme",0.930303784574621,0.118854773284944,19596,0.134335349402557,0.134348784280985
"img_0480-2","No conforme",0.900893465235093,0.182984420104953,19634,0.219350079195997,0.219372016397637
"img_0481-0","No conforme",0.902945956043917,0.20246878461492,12455,0.0700120425218281,0.0700190444262707
"img_0481-1","No conforme",0.934092432268928,0.143587583668765,12455,0.106630270190228,0.106640934283657
"img_0481-2","No conforme",0.903992604298311,0.20041489775352,12455,0.0712347176448073,0.0712418418289903
"img_0482-0","No conforme",0.90432916157442,0.187085105661075,13666,0.0399362305278181,0.0399402245502732
"img_0482-1","No conforme",0.929910386514103,0.138127438316959,13666,0.0482892192359806,0.0482940486408447
"img_0482-2","No conforme",0.89734953207577,0.201028880430095,13666,0.0487582623694157,0.0487631386832841
"img_0483-0","No conforme",0.908959471704819,0.195286452296461,11763,0.0428920436050625,0.0428963332383864
"img_0483-1","No conforme",0.940561212696749,0.128373986486179,11763,0.0462209457809151,0.0462255683377489
"img_0483-2","No conforme",0.916784054421818,0.178418199617336,11763,0.0374987784910754,0.0375025287439498
"img_0484-0","Conforme",0.917427432268928,0.181718140435051,11247,0.0332063885704556,0.0332097095414098
"img_0484-1","Conforme",0.944114120716768,0.123859828480718,11247,0.0431267924488501,0.043131105559406
"img_0484-2","Conforme",0.919554175091912,0.17708388483053,11247,0.0339608472460212,0.0339642436703882
"img_0485-0","No conforme",0.933920773100011,0.168000937825253,8883,0.058269316030349,0.0582751435447035
"img_0485-1","No conforme",0.954330802971335,0.119070202542789,8883,0.0830107617803711,0.0830190636867398
"img_0485-2","No conforme",0.933187347483915,0.169798213809424,8883,0.0574040298555986,0.0574097708326819
"img_0486-0","Conforme",0.933116565749224,0.172204102807783,8601,0.0315108545340351,0.0315140059346286
"img_0486-1","Conforme",0.957292267671473,0.110741503547668,8601,0.0433133030976684,0.0433176348611545
"img_0486-2","Conforme",0.938710416923972,0.157921624210914,8601,0.0342640228005745,0.0342674495455291
"img_0487-0","Conforme",0.91050841299618,0.187757910312587,12168,0.0332424214194233,0.0332457459940227
"img_0487-1","Conforme",0.939540651370778,0.12777756346225,12168,0.0432832973380765,0.0432876261006866
"img_0487-2","Conforme",0.905325251446892,0.198529814402557,12168,0.0314854747980546,0.0314886236604206
"img_0488-0","No conforme",0.898618517545812,0.211044662405332,12410,0.0574957886770706,0.0575015388309537
"img_0488-1","No conforme",0.935413711260627,0.1396975780031,12410,0.0951169920651534,0.0951265047156249
"img_0488-2","No conforme",0.909588788936839,0.189231872360992,12410,0.0686602751318288,0.0686671418460134
"img_0489-0","No conforme",0.909079196346507,0.19868496698029,11488,0.0617566130103858,0.0617627892893147
"img_0489-1","No conforme",0.939989214908375,0.136115891747704,11488,0.0967452359008639,0.0967549113920031
"img_0489-2","No conforme",0.914984594852223,0.186399343714135,11488,0.0684021068436517,0.0684089477384255
"img_0490-0","No conforme",0.910315991982853,0.185144341199272,12605,0.0548229535654342,0.0548284364090751
"img_0490-1","No conforme",0.935853539267147,0.135154443301807,12605,0.0735898723689733,0.0735972320921825
"img_0490-2","No conforme",0.909133703667136,0.187498838421239,12605,0.0539623029024808,0.0539676996724481
"img_0491-0","No conforme",0.927499738931095,0.176313552709862,9767,0.088062689596269,0.0880714967459436
"img_0491-1","No conforme",0.946933782617906,0.135144729886582,9767,0.122741958164868,0.122754233588226
"img_0491-2","No conforme",0.924584883674173,0.182792920823948,9767,0.0828899113066775,0.0828982011267902
"img_0492-0","Conforme",0.926821418959674,0.169811701497715,10296,0.0341207636001674,0.0341241760177692
"img_0492-1","Conforme",0.948759269283519,0.119678344052584,10296,0.0430183748780428,0.0430226771457574
"img_0492-2","Conforme",0.921839354122386,0.181259973939516,10296,0.0321211954043087,0.0321244078450932
"img_0493-0","No conforme",0.915428551294663,0.18723157669857,11144,0.0366438192306675,0.0366474839790654
"img_0493-1","No conforme",0.944240666252585,0.124352139531048,11144,0.044887393568076,0.0448918827563516
"img_0493-2","No conforme",0.918975655571433,0.179400784410818,11144,0.0360360978492762,0.0360397018194582
"img_0494-0","Conforme",0.924741165915096,0.178196037081668,9940,0.0323207039984216,0.0323239363920608
"img_0494-1","Conforme",0.950605158799115,0.117790659928241,9940,0.0432097102909084,0.0432140316940778
"img_0494-2","Conforme",0.925909154286104,0.175454423603419,9940,0.0328065486205181,0.0328098296034784
"img_0495-0","Conforme",0.915141116422765,0.184981434233564,11424,0.0329178940012359,0.0329211861198479
"img_0495-1","Conforme",0.943234464703728,0.124644256204559,11424,0.0432809487932259,0.043285277320958
"img_0495-2","Conforme",0.917978548548081,0.178859342566264,11424,0.0340116276014843,0.0340150291043947
"img_0496-0","Conforme",0.933915148853975,0.162540233075805,9324,0.0345459542179429,0.0345494091588588
"img_0496-1","Conforme",0.953702921717027,0.114611364566222,9324,0.0435011776263878,0.0435055281792057
"img_0496-2","Conforme",0.92587804143569,0.182124694545741,9324,0.0309087372445438,0.0309118284273866
"img_0497-0","Conforme",0.928617767244227,0.173428773987748,9514,0.0329214776418273,0.0329247701188392
"img_0497-1","Conforme",0.95275433877384,0.115607334768284,9514,0.0436587878605755,0.0436631541759931
"img_0497-2","Conforme",0.923412407872817,0.185972448306736,9514,0.0306269567620711,0.0306300197640475
"img_0498-0","Conforme",0.92054182859533,0.180042245761258,10710,0.03280029558126,0.0328035759388539
"img_0498-1","Conforme",0.946811305685604,0.121370442981645,10710,0.0430416693281656,0.0430459739255582
"img_0498-2","Conforme",0.922750781142291,0.175084588383599,10710,0.0336481238465711,0.0336514889954706
"img_0499-0","Conforme",0.922321543471392,0.1790692418949,10404,0.0330144662437302,0.0330177680205322
"img_0499-1","Conforme",0.948343493903665,0.119946220421335,10404,0.0435772440485025,0.0435816022087234
"img_0499-2","Conforme",0.922865779024012,0.177825487124508,10404,0.0332061709674201,0.0332094919166118
"img_0500-0","Conforme",0.909124968136058,0.185319930511782,12750,0.0342548692906224,0.0342582951201344
"img_0500-1","Conforme",0.936683414719525,0.130041430658623,12750,0.0433378571002356,0.0433421913193676
"img_0500-2","Conforme",0.904877046903722,0.193889165362868,12750,0.0328690234578258,0.0328723106888947
"img_0501-0","Conforme",0.916601565587661,0.179276436001556,11700,0.0344912767287745,0.0344947262013947
"img_0501-1","Conforme",0.941796632187787,0.125989812154686,11700,0.0435757310221036,0.0435800890310067
"img_0501-2","Conforme",0.907713402045755,0.198189485598529,11700,0.0312523114610225,0.031255437004723
"img_0502-0","Conforme",0.914408289130716,0.189120668996291,11165,0.0319355978368792,0.0319387917160508
"img_0502-1","Conforme",0.944635320793601,0.123259202845263,11165,0.0433021102292643,0.0433064408733516
"img_0502-2","Conforme",0.916645542405072,0.18422129491198,11165,0.0327846385397685,0.0327879173315017
"img_0503-0","Conforme",0.898895780908921,0.198669899649185,13520,0.0325948158202578,0.0325980756278206
"img_0503-1","Conforme",0.932782940260943,0.133093980387464,13520,0.043068708434258,0.0430730157358316
"img_0503-2","Conforme",0.902080958970014,0.192474473716088,13520,0.0335621669138762,0.0335655234662228
"img_0504-0","Conforme",0.920847093523811,0.177714732503502,10880,0.0336700770381454,0.0336734443825837
"img_0504-1","Conforme",0.945899938498104,0.122315140392024,10880,0.0433617080169273,0.0433660446213894
"img_0504-2","Conforme",0.917629306802189,0.184869227180853,10880,0.0324238159066217,0.032427058612483
"img_0505-0","No conforme",0.899181480641084,0.208144248945226,12654,0.0694011402859555,0.0694080810940649
"img_0505-1","No conforme",0.931931884137322,0.143889259017896,12654,0.0850900155088008,0.085098525361337
"img_0505-2","No conforme",0.902088677350212,0.202261256617493,12654,0.0693130496951503,0.0693199816933196
"img_0506-0","No conforme",0.893820377520393,0.205380558456331,13936,0.0492206583450707,0.0492255809031611
"img_0506-1","No conforme",0.928553985900879,0.139061172958938,13936,0.0480211622054431,0.0480259648019233
"img_0506-2","No conforme",0.894684177946203,0.203671614711997,13936,0.0480975052824317,0.0481023155139831
"img_0507-0","No conforme",0.911096505701402,0.198997412981154,11025,0.0601328259568672,0.0601388398408513
"img_0507-1","No conforme",0.942381194781135,0.133957039858206,11025,0.0971128773375021,0.0971225895964617
"img_0507-2","No conforme",0.915498136381261,0.189577380774089,11025,0.0653052799000928,0.0653118110812009
"img_0508-0","Conforme",0.919955231700224,0.177501530519666,11109,0.0338040645671854,0.0338074453117166
"img_0508-1","Conforme",0.944828100801356,0.123190767122218,11109,0.0432051404435187,0.0432094613896576
"img_0508-2","Conforme",0.919927828458898,0.177561299977226,11109,0.0337823634028796,0.0337857419770774
"img_0509-0","Conforme",0.927092758914723,0.172033305978869,10004,0.0333586142312131,0.0333619504262557
"img_0509-1","Conforme",0.950165689787023,0.118377463710122,10004,0.0430330066854102,0.0430373104164519
"img_0509-2","Conforme",0.923240329877068,0.181042044470046,10004,0.0317899776362612,0.0317931569519565
"img_0510-0","Conforme",0.92395191666547,0.185384896288027,9450,0.0303881533050212,0.0303911924242636
"img_0510-1","Conforme",0.952904458277085,0.115665217983025,9450,0.0432943930243785,0.0432987228966681
"img_0510-2","Conforme",0.92734692696964,0.17716918977395,9450,0.0319054880122927,0.0319086788801807
"img_0511-0","Conforme",0.927876742912741,0.172245600329125,9800,0.0333035422512602,0.0333068729385541
"img_0511-1","Conforme",0.951380526930865,0.116921445416559,9800,0.0433982671305673,0.0434026073913065
"img_0511-2","Conforme",0.929506757112391,0.168391566982145,9800,0.0340442609545596,0.0340476657211318
"img_0512-0","No conforme",0.918468216947668,0.192622838649023,10080,0.0635557271425958,0.0635620833509309
"img_0512-1","No conforme",0.946199758677763,0.130591427128226,10080,0.0879212786154975,0.0879300716226598
"img_0512-2","No conforme",0.924793399604348,0.178239659154146,10080,0.0691044969567751,0.0691114080975848
"img_0513-0","No conforme",0.906068609242159,0.189170798603146,13050,0.0433845496332864,0.0433888885221386
"img_0513-1","No conforme",0.932858508588005,0.136158298248043,13050,0.0481722074280983,0.0481770251306114
"img_0513-2","No conforme",0.901122384015252,0.19939220292581,13050,0.0508447695063589,0.0508498544918081
"img_0514-0","Conforme",0.913110045614803,0.184677080379748,11914,0.0334326307537242,0.0334359743511594
"img_0514-1","Conforme",0.94067698839973,0.126981195770988,11914,0.0431327282690581,0.0431370419732555
"img_0514-2","Conforme",0.912923009517894,0.185070539774218,11914,0.0333668126940282,0.0333701497089991
"img_0515-0","Conforme",0.928213060859231,0.16935641435726,10010,0.0338268477904134,0.0338302308134948
"img_0515-1","Conforme",0.950220137275247,0.118209094500645,10010,0.0430128531076455,0.0430171548231278
"img_0515-2","Conforme",0.922747729689654,0.182130211467634,10010,0.0315710413953168,0.0315741988151984
"img_0516-0","No conforme",0.897752144326603,0.176253509156666,20943,0.197409472316861,0.197429215238385
"img_0516-1","No conforme",0.923491027652516,0.124375204451761,20942,0.133373394510926,0.133386733184244
"img_0516-2","No conforme",0.887877344432158,0.196002153955959,20981,0.221949296968447,0.221971494117858
"img_0517-0","Conforme",0.924266694946289,0.174971756921475,10368,0.0334018535113738,0.0334051940307769
"img_0517-1","Conforme",0.948535077263327,0.119724146410344,10368,0.0431839061172225,0.0431882249397165
"img_0517-2","Conforme",0.919076652670467,0.18685236979545,10368,0.0312402452101005,0.0312433695470553
"img_0518-0","Conforme",0.922725831029555,0.17813959165568,10404,0.0329631575687408,0.0329664542141622
"img_0518-1","Conforme",0.948307175634047,0.120012467560102,10404,0.0432904063699712,0.0432947358435555
"img_0518-2","Conforme",0.917335110868566,0.190460133375903,10404,0.0308061006679718,0.0308091815861304
"img_0519-0","No conforme",0.907885898868336,0.177560163167164,18853,0.223653392988866,0.223675760564922
"img_0519-1","No conforme",0.935991692289465,0.113386048154965,18519,0.13388167505301,0.133895064559465
"img_0519-2","No conforme",0.915422927048627,0.160403531016073,18682,0.199553165217545,0.199573122529798
"img_0520-0","No conforme",0.912254861055262,0.192461085626911,11378,0.052408550686214,0.0524137920654206
"img_0520-1","No conforme",0.941522839104147,0.128919575914752,11378,0.0479305791400322,0.0479353726773
"img_0520-2","No conforme",0.917146219967113,0.181479122838033,11378,0.044096534650259,0.0441009447447335
"img_0521-0","No conforme",0.900742508078182,0.187632405109297,19319,0.230206409635958,0.230229432579216
"img_0521-1","No conforme",0.932323487225701,0.117205235518507,19142,0.134828921920666,0.134842406161283
"img_0521-2","No conforme",0.90965957067153,0.167244583578424,19387,0.202438699476276,0.202458945370813
"img_0522-0","Conforme",0.911349836102654,0.191504282447819,11592,0.0322719057584208,0.0322751332717479
"img_0522-1","Conforme",0.942451318359375,0.125281751416165,11592,0.043645551422035,0.0436499164136764
"img_0522-2","Conforme",0.911332245375689,0.191541982096015,11592,0.0322668002302809,0.0322700272330042
"img_0523-0","Conforme",0.91805884363511,0.191356669976447,10168,0.0304887502515721,0.0304917994315152
"img_0523-1","Conforme",0.949376560202206,0.119135135570641,10168,0.0434695697188436,0.0434739171105547
"img_0523-2","Conforme",0.924452354897892,0.176541842577796,10168,0.0330935583402645,0.0330968680270672
"img_0524-0","No conforme",0.921070268393124,0.179407470746127,10804,0.0654624011178793,0.0654689480126805
"img_0524-1","No conforme",0.943112945089901,0.132107224465853,10804,0.0822695279976462,0.0822777557732235
"img_0524-2","No conforme",0.910719023060518,0.202083298313217,10804,0.0575878964894942,0.0575936558550797
"img_0525-0","Conforme",0.911607953096277,0.195170645399968,11174,0.0311682340715896,0.0311713512067102
"img_0525-1","Conforme",0.944544076376522,0.123423300980473,11174,0.0436767937442131,0.0436811618603991
"img_0525-2","Conforme",0.9139685209566,0.19000078504205,11174,0.0320567410266501,0.0320599470213522
"img_0526-0","No conforme",0.922117514971565,0.185279194034019,9900,0.0465591311844322,0.0465637875631886
"img_0526-1","No conforme",0.949827277706371,0.12008813810783,9900,0.0467801269364621,0.0467848054170037
"img_0526-2","No conforme",0.923336839545755,0.182341453051089,9900,0.044943775777846,0.0449482706049065
"img_0527-0","Conforme",0.932881962890625,0.165917611762176,9240,0.0340702190847865,0.0340736264474312
"img_0527-1","Conforme",0.954094644470215,0.114255508080876,9240,0.0438414545694043,0.0438458391533196
"img_0527-2","Conforme",0.926291782513787,0.182063651598214,9240,0.0310261289318452,0.0310292318550307
"img_0528-0","Conforme",0.926073035242417,0.171684370658691,10281,0.0340544196600786,0.0340578254426228
"img_0528-1","Conforme",0.94887839560116,0.11952829977844,10281,0.0434351971130394,0.0434395410671461
"img_0528-2","Conforme",0.918226374368107,0.189738467537939,10281,0.0308461881767878,0.0308492731040982
"img_0529-0","Conforme",0.917758963623047,0.188391277956385,10508,0.0313377206613794,0.0313408547468541
"img_0529-1","Conforme",0.947915572545669,0.120225160034832,10508,0.0434098415535687,0.0434141829718659
"img_0529-2","Conforme",0.920794022180894,0.18149564486573,10508,0.0325368539959098,0.0325401080067105
"img_0530-0","No conforme",0.901251322847254,0.200140592927285,12948,0.0518511175211527,0.0518563031514679
"img_0530-1","No conforme",0.933380665983312,0.136976005427668,12948,0.0632698422184455,0.0632761698354291
"img_0530-2","No conforme",0.906900638661104,0.188808884113785,12948,0.0513550547012777,0.0513601907203498
"img_0531-0","No conforme",0.899345840256635,0.200095406522852,13535,0.0759394394590753,0.0759470341624915
"img_0531-1","No conforme",0.928406499023437,0.148440725369752,13535,0.107731431086942,0.107742205307473
"img_0531-2","No conforme",0.894942294939826,0.208252964558978,13535,0.0711381882265647,0.0711453027568403
"img_0532-0","Conforme",0.909847264924891,0.195136167236343,11550,0.0313186008696816,0.0313217330429858
"img_0532-1","Conforme",0.942629618925207,0.125141554324792,11550,0.0432451765900062,0.0432495015401602
"img_0532-2","Conforme",0.909653946425494,0.195551012206326,11550,0.0312420015766541,0.031245126089263
"img_0533-0","Conforme",0.915507709566004,0.180897452617339,11775,0.0338846582547115,0.0338880470594175
"img_0533-1","Conforme",0.941547131060432,0.12601951792019,11775,0.043132775481777,0.0431370891906961
"img_0533-2","Conforme",0.912661721406824,0.186927175182064,11775,0.032858563068404,0.0328618492533293
"img_0534-0","Conforme",0.918899608585133,0.188185374137002,10281,0.0310170876079251,0.0310201896268878
"img_0534-1","Conforme",0.948892635713465,0.119488247596427,10281,0.0433055215558027,0.0433098525410568
"img_0534-2","Conforme",0.918198013808306,0.18980139442765,10281,0.0307406731311805,0.0307437475059311
"img_0535-0","No conforme",0.890008215691061,0.203492535975969,14932,0.0460324873341687,0.046037091043273
"img_0535-1","No conforme",0.923194139260685,0.143069201366647,14932,0.0481652659768558,0.0481700829851543
"img_0535-2","No conforme",0.896090000125661,0.192035160277916,14932,0.0395140226967724,0.0395179744942218
"img_0536-0","No conforme",0.932298237950942,0.168833112251689,9293,0.0772307880106308,0.077238511861817
"img_0536-1","No conforme",0.950930886409984,0.126969947258226,9293,0.106499007038903,0.106509658004704
"img_0536-2","No conforme",0.929132984080595,0.176211962011735,9293,0.0722923832011283,0.0722996131624445
"img_0537-0","No conforme",0.902601321393181,0.203123972993803,12480,0.0728910529051043,0.0728983427393782
"img_0537-1","No conforme",0.932112278837316,0.145911093161744,12480,0.0959857010457974,0.095995300575855
"img_0537-2","No conforme",0.897943847351074,0.212383031102503,12480,0.0692651589369225,0.069272086145537
"img_0538-0","No conforme",0.897437306213379,0.193016867951122,14519,0.0405829514144802,0.0405870101154918
"img_0538-1","No conforme",0.925413502646053,0.14144115179235,14519,0.0479738187975855,0.0479786166592514
"img_0538-2","No conforme",0.892048919516171,0.203353129925493,14519,0.0465360514284108,0.0465407054989607
"img_0539-0","Conforme",0.904623955832089,0.197958514226924,12375,0.0318384763008756,0.0318416604669223
"img_0539-1","Conforme",0.938624916417739,0.128395065638787,12375,0.0434056890246228,0.0434100300276255
"img_0539-2","Conforme",0.907581232263902,0.191876175943294,12375,0.0328319403813928,0.0328352239037832
"img_0540-0","Conforme",0.919738578563017,0.179505123229693,10950,0.0335962251526382,0.0335995851111493
"img_0540-1","Conforme",0.945552013065114,0.122643911697384,10950,0.0435607713916737,0.0435651279044642
"img_0540-2","Conforme",0.913192554500804,0.194010937097616,10950,0.0310783025984342,0.0310814107395082
"img_0541-0","No conforme",0.900715463831284,0.186770965431836,19439,0.228306316813108,0.22832914972808
"img_0541-1","No conforme",0.932147280794031,0.116818326846674,19390,0.133959953798258,0.133973351133371
"img_0541-2","No conforme",0.90766410014433,0.171690683408595,19249,0.207905677540974,0.207926470187993
"img_0542-0","No conforme",0.914349832871381,0.190884082764848,11043,0.0436166329339572,0.0436209950334605
"img_0542-1","No conforme",0.94410370987836,0.125385200347514,11043,0.046135542670638,0.0461401566863067
"img_0542-2","No conforme",0.922995495677275,0.171511476073096,11043,0.0370197206029133,0.0370234229452078
"img_0543-0","Conforme",0.909643834749109,0.185949458100181,12561,0.033945536144904,0.0339489310380079
"img_0543-1","Conforme",0.937568455648983,0.129402568479023,12561,0.043290310170656,0.0432946396346194
"img_0543-2","Conforme",0.911305380626005,0.182568385107684,12561,0.0345034266707116,0.0345068773584475
"img_0544-0","Conforme",0.912216089657054,0.18142565333653,12480,0.034672955767612,0.034676423409953
"img_0544-1","Conforme",0.938064346618652,0.128897485482578,12480,0.043414821294212,0.043419163210533
"img_0544-2","Conforme",0.907415137508617,0.191236570490776,12480,0.0330301417948737,0.0330334451393876
"img_0545-0","No conforme",0.921368173935834,0.187880833009853,9977,0.0792097532591246,0.0792176750266273
"img_0545-1","No conforme",0.945985139842314,0.135800022279518,9977,0.121690228330354,0.121702398570211
"img_0545-2","No conforme",0.921478923716825,0.187635566780135,9977,0.0794043308314668,0.0794122720586726
"img_0546-0","Conforme",0.924646750380572,0.179669201008869,9821,0.0320344797499052,0.032037683518257
"img_0546-1","Conforme",0.951229809103573,0.117137328528131,9821,0.0434357564405303,0.0434401004505753
"img_0546-2","Conforme",0.925361807448443,0.177977458453977,9821,0.0323041775132895,0.0323074082541149
"img_0547-0","Conforme",0.920830519947725,0.174309849098197,11248,0.0348580941339602,0.0348615802919894
"img_0547-1","Conforme",0.944031432333553,0.124061222283275,11248,0.043593941996224,0.0435983018264066
"img_0547-2","Conforme",0.911601551028981,0.194421467477122,11248,0.0313892097472769,0.0313923489821751
"img_0548-0","No conforme",0.904348188279096,0.202738094358562,12013,0.0480643802696921,0.0480691871884109
"img_0548-1","No conforme",0.938840492571662,0.132846146303366,12013,0.0752120890271619,0.0752196109882607
"img_0548-2","No conforme",0.913991556432387,0.182891262166437,12013,0.0555954418935186,0.055601001993718
"img_0549-0","Conforme",0.920556308037253,0.178807885866001,10833,0.0331848004422137,0.0331881192541391
"img_0549-1","Conforme",0.946175945380716,0.121990055509083,10833,0.0430721539279742,0.0430764615741316
"img_0549-2","Conforme",0.918278608057359,0.183886599515657,10833,0.0323197720897698,0.0323230043902088
"img_0550-0","No conforme",0.923387756922105,0.174341200877957,10748,0.0580687770882881,0.0580745845467428
"img_0550-1","No conforme",0.943748604556813,0.12997206471775,10748,0.0707200239567463,0.070727096666413
"img_0550-2","No conforme",0.915581662418141,0.19188777467151,10748,0.0594314593336973,0.0594374030740047
"img_0551-0","No conforme",0.88702144188376,0.212305628266349,14556,0.0449000029152201,0.0449044933645566
"img_0551-1","No conforme",0.926143398150276,0.139759445087688,14556,0.0464686520938282,0.0464732994237706
"img_0551-2","No conforme",0.891267627976361,0.204241598152663,14556,0.0415248818181215,0.0415290347215936
"img_0552-0","Conforme",0.930356018263873,0.169017438916939,9536,0.0336744640443134,0.0336778318274962
"img_0552-1","Conforme",0.952555755022834,0.115923882072599,9536,0.0434837142880055,0.0434880630943149
"img_0552-2","Conforme",0.923486300892549,0.185543938634479,9536,0.030605756532712,0.0306088174144534
"img_0553-0","Conforme",0.911189305761001,0.188025419704863,11988,0.0331619377140796,0.0331652542395036
"img_0553-1","Conforme",0.940546194763183,0.126815940633598,11988,0.0434972665918602,0.0435016167535355
"img_0553-2","Conforme",0.91553433498607,0.178921731193235,11988,0.0346620528135285,0.0346655193654651
"img_0554-0","No conforme",0.902171425565832,0.179098344490906,19711,0.212953336420436,0.212974633883825
"img_0554-1","No conforme",0.929469900351132,0.119563155882988,19878,0.134822442749454,0.134835926342088
"img_0554-2","No conforme",0.907064220455394,0.167946001582009,19810,0.1982065101796,0.198226332812882
"img_0555-0","Conforme",0.922226948439654,0.183650372814756,9982,0.0314049022533707,0.0314080430576765
"img_0555-1","Conforme",0.950469399072984,0.117829857509644,9982,0.043274753374267,0.0432790812823952
"img_0555-2","Conforme",0.928528557128906,0.168897198842356,9982,0.0340179516930966,0.0340213538284795
"img_0556-0","No conforme",0.920497732113109,0.182527660321427,10626,0.0673825060045938,0.0673892449290868
"img_0556-1","No conforme",0.943010512013155,0.133470225031541,10626,0.0819883553362407,0.0819965549917399
"img_0556-2","No conforme",0.918893924506692,0.186133872768654,10626,0.0673841384005331,0.0673908774882819
"img_0557-0","Conforme",0.908061147981531,0.195308131761742,11914,0.0317831606063432,0.0317863392402673
"img_0557-1","Conforme",0.940793063264735,0.126748427475827,11914,0.0433083248393029,0.0433126561049134
"img_0557-2","Conforme",0.910314197010713,0.190563459921282,11914,0.0325456771074452,0.0325489320006453
"img_0558-0","No conforme",0.901659978170956,0.186428287018204,19153,0.229186195825818,0.229209116737491
"img_0558-1","No conforme",0.932734535845588,0.116777438241581,19193,0.134521096332251,0.13453454978723
"img_0558-2","No conforme",0.903773079205681,0.18146291026918,19153,0.222204120487523,0.222226343121835
"img_0559-0","Conforme",0.930456417038861,0.176182358942677,8845,0.0311644726503933,0.0311675894093342
"img_0559-1","Conforme",0.955942807617187,0.112414880938256,8845,0.0432541417432725,0.0432584675900315
"img_0559-2","Conforme",0.936932975679285,0.159908998393962,8845,0.034247129584027,0.0342505546394909
"img_0560-0","Conforme",0.923048866182215,0.174227672763858,10731,0.0341910540044488,0.034194473451794
"img_0560-1","Conforme",0.946690743390251,0.121528948451688,10731,0.043479738811259,0.043484087219981
"img_0560-2","Conforme",0.920709060166303,0.179471038905385,10731,0.0332744613973308,0.0332777891762485
"img_0561-0","Conforme",0.926590465877757,0.170890474007638,10240,0.0341265581519125,0.0341299711490275
"img_0561-1","Conforme",0.949130290024701,0.119218989987578,10240,0.0433875032299678,0.0433918424142093
"img_0561-2","Conforme",0.922968810424805,0.179238270888267,10240,0.0326416647176094,0.0326449292105304
"img_0562-0","No conforme",0.918076613859289,0.187459911297458,10580,0.047506157825872,0.0475109089167637
"img_0562-1","No conforme",0.946140225435145,0.123992435280552,10580,0.0473353839638429,0.0473401179756405
"img_0562-2","No conforme",0.917900886086856,0.187867570098599,10580,0.0477317417696967,0.0477365154212388
"img_0563-0","Conforme",0.935228829130285,0.164838699886561,8784,0.0334363013567375,0.0334396453212696
"img_0563-1","Conforme",0.956296656458237,0.111975669276175,8784,0.0435930059699142,0.0435973657064848
"img_0563-2","Conforme",0.930670317885455,0.176342056269628,8784,0.0312495023403994,0.0312526276031597
"img_0564-0","Conforme",0.903326908964269,0.198830691767163,12560,0.0319801257895717,0.0319833241219839
"img_0564-1","Conforme",0.937661854032629,0.129236269007906,12560,0.0435592858781909,0.0435636422424151
"img_0564-2","Conforme",0.908490505317239,0.188312579237293,12560,0.0337392689344831,0.033742643198803
"img_0565-0","No conforme",0.893594869187299,0.211743334680774,13358,0.0582821031000335,0.0582879318932228
"img_0565-1","No conforme",0.930870517111385,0.142674101911788,13358,0.0924674936507677,0.0924767413249002
"img_0565-2","No conforme",0.903111631972369,0.193666679722866,13358,0.0669553011385189,0.0669619973382527
"img_0566-0","Conforme",0.92518631900563,0.176702620915144,9983,0.0324212940078955,0.0324245364615416
"img_0566-1","Conforme",0.950499973431755,0.117736172879786,9983,0.042995051037365,0.0429993509724623
"img_0566-2","Conforme",0.92112681001551,0.186211517987123,9983,0.0307118968589898,0.0307149683558253
"img_0567-0","Conforme",0.921508780086742,0.187158416866084,9815,0.030658147034193,0.0306612131555086
"img_0567-1","Conforme",0.951418341010599,0.116734956136742,9815,0.0434657987355309,0.0434701457501059
"img_0567-2","Conforme",0.926991582318474,0.174186564819671,9815,0.0329869756623835,0.0329902746898524
"img_0568-0","No conforme",0.893083002965591,0.21633029309436,13024,0.0632174716202372,0.0632237939996372
"img_0568-1","No conforme",0.931247461260627,0.145643050403144,13024,0.105418799166961,0.105429342101172
"img_0568-2","No conforme",0.897994884392233,0.206898376001205,13024,0.0686305140710757,0.0686373778088566
"img_0569-0","No conforme",0.886859176402372,0.19828368507331,20929,0.225031255055796,0.225053760431839
"img_0569-1","No conforme",0.923468829830394,0.124814440514958,20805,0.133813000571995,0.133826383210316
"img_0569-2","No conforme",0.890556878841624,0.190724918893134,20853,0.2151898533911,0.215211374528553
"img_0570-0","Conforme",0.933624423199822,0.172511498452075,8460,0.0312151972847912,0.0312183191167029
"img_0570-1","Conforme",0.958035027142693,0.10985171730357,8460,0.0433591161034227,0.0433634524486676
"img_0570-2","Conforme",0.936902939812155,0.164056284968768,8460,0.0328643238397442,0.0328676106008043
"img_0571-0","Conforme",0.926176784632066,0.17597719105481,9828,0.0326328432829016,0.0326361068935909
"img_0571-1","Conforme",0.951128213680492,0.117323332849896,9828,0.0433245226122227,0.0433288554977725
"img_0571-2","Conforme",0.92162748757755,0.186732027534569,9828,0.0306671316812204,0.0306701987010905
"img_0572-0","No conforme",0.896437746061437,0.206009720506023,13319,0.0482305931150205,0.0482354166566862
"img_0572-1","No conforme",0.932301468900793,0.137795052631161,13319,0.0726394202722935,0.0726466849407876
"img_0572-2","No conforme",0.902501879936667,0.194289953285225,13319,0.0523397959496934,0.0523450304527387
"img_0573-0","No conforme",0.896463653492647,0.188599480942874,20031,0.222995939715805,0.223018241539959
"img_0573-1","No conforme",0.928710088644589,0.120251981212612,19774,0.134107911584263,0.134121323716635
"img_0573-2","No conforme",0.898308286527746,0.184787169075484,19971,0.217927187873595,0.217948982771872
"img_0574-0","No conforme",0.907141344424977,0.201833311126113,11521,0.0474830769708658,0.0474878257534411
"img_0574-1","No conforme",0.941302715687471,0.130814014487735,11521,0.0759424793257904,0.0759500743332237
"img_0574-2","No conforme",0.912755239455279,0.189954404620638,11521,0.0521179706060857,0.0521231829243781
"img_0575-0","Conforme",0.918661236285041,0.180342247547193,11109,0.0333342780280063,0.0333376117891852
"img_0575-1","Conforme",0.944896489239861,0.123043931430478,11109,0.0432547045828567,0.0432590304859053
"img_0575-2","Conforme",0.914189422194537,0.190164976368379,11109,0.0316676677459503,0.0316708348294332
"img_0576-0","Conforme",0.925481412425322,0.172219373694093,10366,0.0341090900229064,0.0341125012730337
"img_0576-1","Conforme",0.948438148767808,0.119972577601903,10366,0.0434277978314949,0.0434321410455995
"img_0576-2","Conforme",0.927090545115751,0.168539268235325,10366,0.0347402403466415,0.0347437147181133
"img_0577-0","Conforme",0.932496283210306,0.164826219696676,9438,0.0336274849293964,0.0336308480141978
"img_0577-1","Conforme",0.953125239850212,0.11518442159456,9438,0.0427238343146592,0.0427281071253718
"img_0577-2","Conforme",0.925295273814482,0.182255377040656,9438,0.0304917719757669,0.0304948214579127
"img_0578-0","Conforme",0.917996139275046,0.182672321526484,11020,0.0329869704903732,0.032990269517325
"img_0578-1","Conforme",0.945183385620117,0.122992590316141,11020,0.0433569791319611,0.0433613152634874
"img_0578-2","Conforme",0.921361771868537,0.175249165013057,11020,0.03426596512651,0.0342693920657166
"img_0579-0","No conforme",0.908604007388844,0.190608467807526,12376,0.0529275130089553,0.0529328062895843
"img_0579-1","No conforme",0.937015245235667,0.134283614253878,12376,0.0744148628136453,0.0744223050441497
"img_0579-2","No conforme",0.906104927511776,0.195657740655056,12376,0.0510667380260275,0.0510718452105485
"img_0580-0","Conforme",0.93168100686466,0.165192549843001,9600,0.034252252777757,0.0342556783455916
"img_0580-1","Conforme",0.952244806015912,0.116218931380688,9600,0.0432651699665307,0.0432694969162223
"img_0580-2","Conforme",0.932203343757181,0.163942945879925,9600,0.0344880632921817,0.0344915124434261
"img_0581-0","Conforme",0.920651980052275,0.174684889014379,11248,0.0343919655661727,0.0343954051066833
"img_0581-1","Conforme",0.944152652785357,0.123771314165597,11248,0.0431543101087073,0.0431586259713044
"img_0581-2","Conforme",0.918568077231014,0.179223747012188,11248,0.0336403359998842,0.0336437003699212
"img_0582-0","No conforme",0.902238078864602,0.18895274188702,13926,0.040883608650359,0.040887697420101
"img_0582-1","No conforme",0.928124688397576,0.139962937922562,13926,0.048366337303034,0.048371174420476
"img_0582-2","No conforme",0.902899526097915,0.187652042050911,13926,0.0401483384520987,0.0401523536874674
"img_0583-0","Conforme",0.900152500736012,0.204895461035014,12600,0.0306591713500259,0.0306622375737832
"img_0583-1","Conforme",0.937376812456916,0.129534469632386,12600,0.0430043049138732,0.0430086057744506
"img_0583-2","Conforme",0.90947187641817,0.185941763100603,12600,0.0337513125397304,0.0337546880085312
"img_0584-0","Conforme",0.901336643856273,0.201473093416887,12705,0.0316481447535001,0.0316513098844886
"img_0584-1","Conforme",0.936848492323931,0.129989683201995,12705,0.0434420754174857,0.0434464200594917
"img_0584-2","Conforme",0.898932218843348,0.206341636871168,12705,0.0308612350961909,0.0308643215283437
"img_0585-0","Conforme",0.915781442817239,0.182405793062586,11550,0.0334913200854592,0.0334946695524144
"img_0585-1","Conforme",0.942636320154527,0.125131487505793,11550,0.043315194664158,0.0433195266168197
"img_0585-2","Conforme",0.909774748050465,0.195293039164297,11550,0.0313344285579825,0.0313375623142139
"img_0586-0","Conforme",0.919060019261977,0.181766813002611,10872,0.0329802154493465,0.0329835138007266
"img_0586-1","Conforme",0.945877381681554,0.12241814999121,10872,0.0433799832490381,0.0433843216812062
"img_0586-2","Conforme",0.913696941671932,0.193705360994648,10872,0.030918822254014,0.0309219144454585
"img_0587-0","No conforme",0.923964780632468,0.183767065667833,9728,0.068196853500006,0.0682036738673927
"img_0587-1","No conforme",0.948808571184944,0.128839830459195,9728,0.104614896506357,0.104625359042261
"img_0587-2","No conforme",0.92059184848561,0.191517280650577,9728,0.0633056497101746,0.0633119809082654
"img_0588-0","Conforme",0.910730510882209,0.194791460213782,11396,0.0311455014294458,0.0311486162910749
"img_0588-1","Conforme",0.943361548731187,0.124540586916395,11396,0.0431515750851951,0.0431558906742625
"img_0588-2","Conforme",0.908939068854837,0.198670918671475,11396,0.0305253446968472,0.0305283975366008
"img_0589-0","Conforme",0.915247438605813,0.187969211524582,11096,0.0319909106702108,0.0319941100812189
"img_0589-1","Conforme",0.944847067673627,0.123233599371238,11096,0.0432195227290554,0.0432238451135667
"img_0589-2","Conforme",0.920936183974322,0.17547221408375,11096,0.0342007437607282,0.0342041641771459
"img_0590-0","Conforme",0.92495596424776,0.183959045884827,9360,0.0303060655511675,0.0303090964608136
"img_0590-1","Conforme",0.953506910759421,0.11481574999699,9360,0.0430661945238946,0.043070501574052
"img_0590-2","Conforme",0.93287107339298,0.164708743820369,9360,0.0338482115742819,0.0338515967339553
"img_0591-0","Conforme",0.902046555337345,0.19404875908498,13351,0.0334130737719882,0.0334164154135296
"img_0591-1","Conforme",0.933786150189568,0.132172632395974,13351,0.0434326206962594,0.0434369643926987
"img_0591-2","Conforme",0.898940176553165,0.200140092132295,13351,0.0324538767559059,0.0324571224681527
"img_0592-0","Conforme",0.918676493548225,0.176964093382377,11466,0.0342524551774461,0.0342558807655227
"img_0592-1","Conforme",0.943087217155905,0.124689771140447,11466,0.0432033282761316,0.0432076490410357
"img_0592-2","Conforme",0.914277196332146,0.186437593510147,11466,0.0326541984029137,0.0326574641493287
"img_0593-0","No conforme",0.890255323522231,0.216281964524795,13530,0.0524418095288217,0.0524470542342452
"img_0593-1","No conforme",0.93008192601821,0.140461437169055,13530,0.0693377677815689,0.0693447022517941
"img_0593-2","No conforme",0.890330293525247,0.216136594111972,13530,0.0524561385666034,0.0524613847050739
"img_0594-0","Conforme",0.924288832936006,0.175679639277841,10292,0.0334469945043877,0.0334503395383415
"img_0594-1","Conforme",0.948843752638873,0.119543016581,10292,0.0435783282080476,0.0435826864766953
"img_0594-2","Conforme",0.918527331363453,0.188930169664732,10292,0.0311139672837308,0.0311170789916299
"img_0595-0","No conforme",0.915862934552361,0.163401375722003,18224,0.20758298595764,0.207603746332273
"img_0595-1","No conforme",0.937272165581198,0.112159376389617,18378,0.134449162175288,0.134462608436132
"img_0595-2","No conforme",0.915086250107709,0.165026806767328,18263,0.209711731763259,0.209732705033762
"img_0596-0","No conforme",0.923937915882784,0.178108625903002,10314,0.0725318535405471,0.0725391074512923
"img_0596-1","No conforme",0.945702551395192,0.131746623958821,10314,0.101775779998002,0.101785958593861
"img_0596-2","No conforme",0.922421942246381,0.181445563768474,10314,0.0705047451146507,0.0705117962942802
"img_0597-0","No conforme",0.923078124228085,0.17878431656467,10386,0.0628352066268128,0.0628414907758904
"img_0597-1","No conforme",0.945138152322208,0.129878080032557,10386,0.0771837486438467,0.0771914677906258
"img_0597-2","No conforme",0.925042422072467,0.174323629757105,10386,0.0631862624795332,0.063192581737707
"img_0598-0","Conforme",0.910651591940487,0.18251169498623,12719,0.0346760805581854,0.0346795485130367
"img_0598-1","Conforme",0.936849389810001,0.129893381398891,12719,0.0433002173070419,0.0433045477618181
"img_0598-2","Conforme",0.908180214466768,0.187499957576015,12719,0.0338087140411778,0.0338120952507028
"img_0599-0","Conforme",0.925362764766917,0.174346021349995,10176,0.0331993164323577,0.0332026366960273
"img_0599-1","Conforme",0.949354422212488,0.119112284350957,10176,0.0431040615316494,0.0431083723688862
"img_0599-2","Conforme",0.92592405255486,0.173047641169585,10176,0.0334361091939561,0.03343945313927
"img_0600-0","No conforme",0.9064339459049,0.19490547621175,12552,0.0761969398619096,0.0762045603179414
"img_0600-1","No conforme",0.933493988557703,0.14444407310123,12552,0.108378097632791,0.108388936526444
"img_0600-2","No conforme",0.907250718060662,0.193325337224099,12552,0.0771579849687601,0.077165701538914
"img_0601-0","Conforme",0.917562593671013,0.178503025513495,11560,0.0343586238648389,0.034362060070846
"img_0601-1","Conforme",0.942539571156221,0.125284732644776,11560,0.0434721850904127,0.0434765327436871
"img_0601-2","Conforme",0.908925546731388,0.19701818050556,11560,0.0311914789823333,0.0311945984421776
"img_0602-0","Conforme",0.923821960682588,0.173887190601739,10584,0.0339158812496186,0.0339192731769363
"img_0602-1","Conforme",0.947380790512983,0.120925807864328,10584,0.043240806881934,0.0432451313950735
"img_0602-2","Conforme",0.916528330724379,0.190378947072377,10584,0.0309752253659996,0.0309783231983195
"img_0603-0","No conforme",0.931364433611701,0.167808057200252,9479,0.051341525302796,0.0513466599687929
"img_0603-1","No conforme",0.95122783463422,0.12082381641555,9479,0.0637891035608067,0.0637954831091176
"img_0603-2","No conforme",0.924722498204848,0.183844287848274,9479,0.0509471748984193,0.0509522701254319
"img_0604-0","No conforme",0.906237396455652,0.201172665550209,11841,0.06173821295199,0.061744387390729
"img_0604-1","No conforme",0.938288897633272,0.137507847801294,11841,0.0968566596685879,0.0968663463032182
"img_0604-2","No conforme",0.905305207591337,0.203085776684259,11841,0.0607250529611973,0.0607311260738047
"img_0605-0","Conforme",0.921383550863827,0.181570038807666,10368,0.0322158294396998,0.0322190513448342
"img_0605-1","Conforme",0.948567566259047,0.119649435498143,10368,0.0431743979372332,0.0431787158088141
"img_0605-2","Conforme",0.922572779738482,0.178847419567365,10368,0.0326924969262845,0.0326957665029348
"img_0606-0","Conforme",0.927125188078039,0.18214181109384,9052,0.0303594395846735,0.0303624758322568
"img_0606-1","Conforme",0.95508858037612,0.113090514451425,9052,0.0433104185798941,0.0433147500548996
"img_0606-2","Conforme",0.933412556654986,0.166544390531965,9052,0.0332215668362079,0.0332248893251405
"img_0607-0","Conforme",0.921476410755831,0.17775575024381,10730,0.0334089270444378,0.0334122682712649
"img_0607-1","Conforme",0.946699897748162,0.121502741362475,10730,0.0432701792206897,0.0432745066713568
"img_0607-2","Conforme",0.915077933403464,0.192108120545277,10730,0.0308610578851869,0.0308641442996169
"img_0608-0","No conforme",0.922645176948099,0.184185615138538,9890,0.0476905029899977,0.0476952725172494
"img_0608-1","No conforme",0.949616488144818,0.120645671832772,9890,0.0466910582975083,0.0466957278702954
"img_0608-2","No conforme",0.929588667674345,0.167466072479428,9890,0.0389451610853508,0.0389490559909499
"img_0609-0","Conforme",0.932558688408347,0.164870015402037,9420,0.0340959277320486,0.0340993376658152
"img_0609-1","Conforme",0.95319829521628,0.115165306194611,9420,0.0433502460186483,0.043354581476796
"img_0609-2","Conforme",0.932618042153751,0.164726525748265,9420,0.0341272082466575,0.0341306213087884
"img_0610-0","No conforme",0.91815074620864,0.193471489585839,10064,0.0622382489404098,0.0622444733877486
"img_0610-1","No conforme",0.947058652846392,0.130341999034404,10064,0.10202599636988,0.102036199989879
"img_0610-2","No conforme",0.921269031641343,0.186437847884531,10064,0.0665110249968154,0.0665176767644919
"img_0611-0","Conforme",0.909389606861788,0.196424428238154,11520,0.0310973831047581,0.0311004931540735
"img_0611-1","Conforme",0.942745215130974,0.125085794660265,11520,0.0432753808692037,0.0432797088400877
"img_0611-2","Conforme",0.915858327457204,0.18252433424371,11520,0.0334775631663911,0.0334809112575169
"img_0612-0","No conforme",0.922549564765481,0.181943726350052,10148,0.0537419816460711,0.0537473563817093
"img_0612-1","No conforme",0.948148679594152,0.124872547616923,10148,0.0793649022165517,0.0793728395005018
"img_0612-2","No conforme",0.920687400835822,0.18618446193489,10148,0.0518984234484566,0.0519036138098375
"img_0613-0","No conforme",0.90311564074348,0.207322800657392,11924,0.0689839912209675,0.0689908903099985
"img_0613-1","No conforme",0.936454316442153,0.142852817161923,11924,0.112634037527851,0.112645302058057
"img_0613-2","No conforme",0.905014900764016,0.203492165446591,11924,0.0714526306644154,0.0714597766420796
"img_0614-0","No conforme",0.911285516267664,0.185334938984115,12298,0.0434937122605145,0.0434980620667212
"img_0614-1","No conforme",0.936711894944135,0.133123221936142,12298,0.048258127755092,0.048262954050497
"img_0614-2","No conforme",0.905762207497989,0.197170188997486,12298,0.0522494879452184,0.05225471341656
"img_0615-0","Conforme",0.912302068822524,0.194655703992102,11076,0.0308323465304852,0.0308354300734926
"img_0615-1","Conforme",0.945033266116871,0.122954932081885,11076,0.0432384814501851,0.0432428057307582
"img_0615-2","Conforme",0.916061757632985,0.186377970628417,11076,0.0322532982370146,0.0322565238894035
"img_0616-0","Conforme",0.909419642728918,0.192338972483928,11925,0.0322251639486022,0.0322283867872809
"img_0616-1","Conforme",0.94063767850988,0.126999050750527,11925,0.0432014702749594,0.0432057908540448
"img_0616-2","Conforme",0.904972898415958,0.201699289182818,11925,0.0306301644235183,0.030633227746293
"img_0617-0","Conforme",0.912600213694853,0.193916066748135,11084,0.0309688482409766,0.0309719454355202
"img_0617-1","Conforme",0.944870761305865,0.123256372146704,11084,0.0431776642684709,0.0431819824667176
"img_0617-2","Conforme",0.9190796442907,0.179661871353855,11084,0.0334038741623272,0.0334072148838156
"img_0618-0","Conforme",0.905139292333266,0.197057112962022,12358,0.0317957528223871,0.0317989327156587
"img_0618-1","Conforme",0.938678227090274,0.128374802586763,12358,0.0431627173085083,0.0431670340119095
"img_0618-2","Conforme",0.907021320621266,0.193183498701678,12358,0.0324559210477436,0.03245916696444
"img_0619-0","No conforme",0.926774749684053,0.183906223936222,9090,0.0666425948955908,0.066649259821573
"img_0619-1","No conforme",0.95182544069178,0.126279978990051,9090,0.107234733507031,0.107245458052837
"img_0619-2","No conforme",0.930192496301988,0.175773764841543,9090,0.0721653544304042,0.0721725716875729
"img_0620-0","No conforme",0.908380473525103,0.2054074159854,11060,0.0744951455149473,0.0745025957745248
"img_0620-1","No conforme",0.938399946576287,0.142954603581618,11060,0.103458563243292,0.103468910134306
"img_0620-2","No conforme",0.916243947305118,0.188699105156688,11060,0.0820676759574675,0.0820758835458221
"img_0621-0","Conforme",0.919680900124942,0.186091632461312,10309,0.0314589535866937,0.0314620997966734
"img_0621-1","Conforme",0.948723609170353,0.119688826116184,10309,0.0432827353845347,0.0432870640909438
"img_0621-2","Conforme",0.917294065838982,0.191578915932368,10309,0.0304698059623492,0.030472853247674
"img_0622-0","No conforme",0.910161624378877,0.182249393962269,12893,0.0411734098423925,0.041177527595152
"img_0622-1","No conforme",0.933655177055808,0.135701858258061,12893,0.0502475205495569,0.0502525458041373
"img_0622-2","No conforme",0.90794369697122,0.186806518848275,12893,0.0433617246737358,0.0433660612798638
"img_0623-0","No conforme",0.905368988934685,0.181961748429718,18723,0.227024948659863,0.227047653425206
"img_0623-1","No conforme",0.934307410098805,0.115151860792241,18870,0.134554998716825,0.134568455562381
"img_0623-2","No conforme",0.913019878181009,0.163956623950594,18815,0.201763411631483,0.201783589990482
"img_0624-0","Conforme",0.91323336020077,0.185208749014082,11830,0.0335139672704163,0.0335173190023166
"img_0624-1","Conforme",0.941288236245548,0.1262457383369,11830,0.0435254505531841,0.0435298035335374
"img_0624-2","Conforme",0.909104086626838,0.193936991979936,11830,0.0320338753963212,0.0320370791042316
"img_0625-0","Conforme",0.928774348647174,0.166872223887053,10132,0.0344032782780195,0.0344067189499145
"img_0625-1","Conforme",0.949668362839643,0.118676905872791,10132,0.0430492899802989,0.0430535953398329
"img_0625-2","Conforme",0.926071359935087,0.173139408499941,10132,0.0332930096564896,0.0332963392904187
"img_0626-0","No conforme",0.926216393683938,0.173671894192398,10086,0.0450883225698802,0.0450928318530655
"img_0626-1","No conforme",0.948159030600155,0.122951889435528,10086,0.0509096574493386,0.0509147489242311
"img_0626-2","No conforme",0.92464621188893,0.17741596663559,10086,0.0471172331669742,0.0471219453615103
"img_0627-0","No conforme",0.90623608014275,0.20271120167375,11700,0.0636727745786917,0.063679142492941
"img_0627-1","No conforme",0.937652759507123,0.13852011472489,11700,0.0872366878858745,0.0872454124271172
"img_0627-2","No conforme",0.903133590464872,0.209184366964859,11700,0.0613290897019739,0.0613352232242963
"img_0628-0","Conforme",0.912337070779239,0.183312126002781,12240,0.0341378526835516,0.0341412668102327
"img_0628-1","Conforme",0.939113507834042,0.128220181128613,12240,0.0433671313160853,0.0433714684629316
"img_0628-2","Conforme",0.910007914931353,0.188130932597346,12240,0.0333592351211295,0.0333625713782674
"img_0629-0","Conforme",0.904920604894301,0.19333988745406,12800,0.0330147968760018,0.0330180986858704
"img_0629-1","Conforme",0.93630294045841,0.130503479301148,12800,0.0433616340759141,0.0433659706729814
"img_0629-2","Conforme",0.908112125190286,0.186918208708524,12800,0.0340799119068287,0.0340833202388526
"img_0630-0","Conforme",0.90711082989861,0.18610239393764,13120,0.0343539572134184,0.0343573929527137
"img_0630-1","Conforme",0.934794386040183,0.131561226299934,13120,0.043212778642521,0.0432171003525562
"img_0630-2","Conforme",0.897458008225385,0.205238150197354,13120,0.0312749687014502,0.0312780965111013
"img_0631-0","No conforme",0.904317853249943,0.179015460732906,19303,0.217718096163027,0.217739870150042
"img_0631-1","No conforme",0.93189460854923,0.117179453177345,19434,0.134597045676597,0.13461050672727
"img_0631-2","No conforme",0.908863560360179,0.168417607151985,19447,0.203339024768446,0.203359360704516
"img_0632-0","Conforme",0.918671048799403,0.190320901726667,10132,0.03024409533858,0.0302471200505851
"img_0632-1","Conforme",0.949683979097254,0.118641710115026,10132,0.0430661960002939,0.043070503050599
"img_0632-2","Conforme",0.922898507349351,0.180503087627027,10132,0.0320242695373072,0.0320274722845356
"img_0633-0","No conforme",0.907663920647116,0.195982938202814,12000,0.0497937967296005,0.0497987766072613
"img_0633-1","No conforme",0.938590752114689,0.131095888321992,12000,0.0476954264345327,0.0477001964541781
"img_0633-2","No conforme",0.911670836953556,0.187309221542311,12000,0.0440625955067463,0.044067002206967
"img_0634-0","No conforme",0.912302008990119,0.162653638707535,19135,0.197486700660858,0.197506451305989
"img_0634-1","No conforme",0.932963275128533,0.116467283752384,19196,0.134716271420519,0.134729744394959
"img_0634-2","No conforme",0.903154651471306,0.18379999044342,19038,0.226419595348728,0.226442239572685
"img_0635-0","No conforme",0.915438842468262,0.186593522898192,11472,0.0827220186103444,0.0827302916395083
"img_0635-1","No conforme",0.938521107195686,0.141673807515234,11472,0.115047088683562,0.115058594543016
"img_0635-2","No conforme",0.913474724121094,0.190579285761655,11472,0.0799661794950023,0.0799741769126936
"img_0636-0","Conforme",0.922669887731215,0.173693017687618,10878,0.0346621061892944,0.0346655727465691
"img_0636-1","Conforme",0.945895750229779,0.12236092340246,10878,0.0437598480661643,0.0437642244886131
"img_0636-2","Conforme",0.9156494525326,0.189301989558961,10878,0.0319145146423152,0.0319177064129565
"img_0637-0","Conforme",0.922211631344066,0.184141929946101,9940,0.0314829899071169,0.031486138520969
"img_0637-1","Conforme",0.950671153941435,0.117658378086084,9940,0.0436063326063227,0.0436106936756902
"img_0637-2","Conforme",0.926923493041992,0.173081810264574,9940,0.033489767354049,0.0334931166657156
"img_0638-0","No conforme",0.936151624307071,0.165369496831487,8605,0.0591950063654048,0.0592009264580507
"img_0638-1","No conforme",0.955606370005888,0.117921124429151,8605,0.0839386747915554,0.0839470694985052
"img_0638-2","No conforme",0.937978487117992,0.160826359259581,8605,0.0615288862258862,0.0615350397298592
"img_0639-0","Conforme",0.914885691887351,0.189474157805208,11026,0.0317092587640509,0.0317124300070516
"img_0639-1","Conforme",0.945299939144359,0.122693299808353,11026,0.043286735440053,0.0432910645465077
"img_0639-2","Conforme",0.919708004204245,0.178833739661014,11026,0.0335043959240381,0.0335077466987079
"img_0640-0","Conforme",0.934626675809972,0.16748217631713,8680,0.0327331912282937,0.0327364648747812
"img_0640-1","Conforme",0.956800864132152,0.111436728376329,8680,0.0435066581312323,0.0435110092321555
"img_0640-2","Conforme",0.931052407621496,0.176565893834747,8680,0.03096830404032,0.030971401180438
"img_0641-0","No conforme",0.910168923932244,0.165765218943011,19309,0.19952289794039,0.199542852225612
"img_0641-1","No conforme",0.9321107830272,0.117136723512219,19219,0.134005754833363,0.134019156749038
"img_0641-2","No conforme",0.910874108653349,0.164092724387757,19333,0.197301985445862,0.197321717617624
"img_0642-0","Conforme",0.911980589312385,0.19204388437397,11400,0.0315490959625442,0.031552251187663
"img_0642-1","Conforme",0.943350838730756,0.124530634652619,11400,0.0430252278360314,0.0430295307891103
"img_0642-2","Conforme",0.919218036642635,0.176397357162027,11400,0.0341667429754366,0.0341701599914357
"img_0643-0","Conforme",0.910448819921157,0.19481671069717,11454,0.0314150542292422,0.0314181960488471
"img_0643-1","Conforme",0.943061190059886,0.1248352801315,11454,0.0434249193959902,0.0434292623222224
"img_0643-2","Conforme",0.913807571788115,0.187573711080465,11454,0.0326932128664168,0.0326964825146682
"img_0644-0","Conforme",0.922008500330308,0.174154485098047,10985,0.0345835119096463,0.034586970606707
"img_0644-1","Conforme",0.945469145184685,0.122605134154816,10985,0.0436317373873622,0.0436361009974619
"img_0644-2","Conforme",0.920901900006462,0.176598877361177,10985,0.0341674906993877,0.0341709077901667
"img_0645-0","Conforme",0.911891678359088,0.194274500007955,11200,0.0311147571411106,0.0311178689280034
"img_0645-1","Conforme",0.944342201843262,0.123674137367182,11200,0.0432944474650546,0.0432987773427889
"img_0645-2","Conforme",0.919988678014419,0.176579068754236,11200,0.0341549128281854,0.0341583286610515
"img_0646-0","Conforme",0.904877824724983,0.200693024717765,12045,0.031206523049087,0.0312096440134883
"img_0646-1","Conforme",0.940234408102596,0.127122599776824,12045,0.0436575095776175,0.043661875765194
"img_0646-2","Conforme",0.912979132313448,0.183755529894326,12045,0.0340683438030816,0.0340717509781794
"img_0647-0","Conforme",0.93085729414996,0.172492874461929,9088,0.0323241886170573,0.0323274213591932
"img_0647-1","Conforme",0.954823821985581,0.113499914526034,9088,0.0434355841797205,0.0434399281725377
"img_0647-2","Conforme",0.93392926930147,0.164895684027331,9088,0.033743982092003,0.0337473568276858
"img_0648-0","Conforme",0.923770085987764,0.171961255376187,10800,0.0345266863531556,0.0345301393670923
"img_0648-1","Conforme",0.946323312593348,0.121893177309373,10800,0.0433596942588555,0.0433640306619217
"img_0648-2","Conforme",0.917605373840332,0.185725912474281,10800,0.0321229854297512,0.0321261980495561
"img_0649-0","Conforme",0.910363439079733,0.187524998421659,12225,0.0331763920399184,0.0331797100109195
"img_0649-1","Conforme",0.939337699854234,0.127832818431926,12225,0.0430949053682615,0.0430992152897905
"img_0649-2","Conforme",0.90198474846335,0.204892294414828,12225,0.030306662067412,0.0303096930367156
"img_0650-0","Conforme",0.909822314812155,0.197133969665129,11360,0.030898822133962,0.0309019123251945
"img_0650-1","Conforme",0.943592441980698,0.124284425294853,11360,0.043370763984509,0.0433751014946584
"img_0650-2","Conforme",0.910626761492561,0.195388352699438,11360,0.0311667157336668,0.0311698327169385
"img_0651-0","No conforme",0.903214364211138,0.201647458642935,12361,0.0486853129037909,0.0486901819219831
"img_0651-1","No conforme",0.937014527246812,0.134354404328028,12361,0.0742180958930721,0.0742255184449166
"img_0651-2","No conforme",0.904062368882123,0.199927900202772,12361,0.0493236237271534,0.0493285565828117
"img_0652-0","No conforme",0.909377341218836,0.184946940056872,12798,0.0473375922282922,0.0473423264609383
"img_0652-1","No conforme",0.933701367672191,0.136701776207897,12798,0.0567413664027346,0.0567470411068453
"img_0652-2","No conforme",0.900640912655101,0.202947002096658,12798,0.0548387984973639,0.0548442829256565
"img_0653-0","No conforme",0.916476037202723,0.179569829139654,11702,0.0357361127413793,0.0357396867100504
"img_0653-1","No conforme",0.941445954464183,0.126781868851392,11702,0.0445508491922832,0.0445553047227555
"img_0653-2","No conforme",0.916427752452177,0.179673024027999,11702,0.0357360235842973,0.0357395975440517
"img_0654-0","No conforme",0.917222326785817,0.184590226984401,11071,0.0513015856630473,0.0513067163346808
"img_0654-1","No conforme",0.942864102118997,0.128986062942067,11071,0.0612260633401503,0.0612321865588061
"img_0654-2","No conforme",0.913450133002786,0.192994428965277,11071,0.0532621117472967,0.0532674384911458
"img_0655-0","No conforme",0.91604841500675,0.191655793456838,10776,0.0780573024789233,0.0780651089898223
"img_0655-1","No conforme",0.941980676664465,0.139043069276934,10776,0.117901939037533,0.117913730410574
"img_0655-2","No conforme",0.914093989509134,0.195810020287714,10776,0.075062363331444,0.0750698703184758
"img_0656-0","Conforme",0.919346975474638,0.18932284541434,10080,0.0305940069954104,0.0305970667020806
"img_0656-1","Conforme",0.949791318431181,0.118752856414691,10080,0.0432890955151675,0.0432934248576533
"img_0656-2","Conforme",0.927998561688591,0.169182858786073,10080,0.0342305478490837,0.0342339712462083
"img_0657-0","Conforme",0.925051696095186,0.172867706244935,10400,0.0338807742827241,0.033884162698994
"img_0657-1","Conforme",0.948285157309139,0.120087836122041,10400,0.0432695618167289,0.0432738892056495
"img_0657-2","Conforme",0.92154073059082,0.180886922708821,10400,0.032461523661419,0.0324647701384328
"img_0658-0","Conforme",0.914932361162971,0.184780378211013,11492,0.033071057949366,0.0330743653859046
"img_0658-1","Conforme",0.943055266651827,0.124604589699475,11492,0.0433802236195249,0.0433845620757324
"img_0658-2","Conforme",0.918064886707979,0.178046086381269,11492,0.0342494828907909,0.0342529081816091
"img_0659-0","Conforme",0.908636077557732,0.188793762867921,12474,0.0333856683754853,0.033389007276213
"img_0659-1","Conforme",0.937976153654211,0.129106231461352,12474,0.0432900985738365,0.0432944280166382
"img_0659-2","Conforme",0.910692696802476,0.184588044035581,12474,0.0340503509674571,0.0340537563430915
"img_0660-0","No conforme",0.91061270087747,0.193913949191384,11532,0.0390552532707689,0.0390591591866876
"img_0660-1","No conforme",0.942029799068675,0.126650531056614,11532,0.0450466001163833,0.0450511052269059
"img_0660-2","No conforme",0.909003328857422,0.197417076017464,11532,0.0399814196442566,0.0399854181860753
"img_0661-0","Conforme",0.918138839560116,0.180215433342297,11242,0.0334562874082948,0.033459633371632
"img_0661-1","Conforme",0.944189090719784,0.123730897498398,11242,0.0431622610827205,0.0431665777404946
"img_0661-2","Conforme",0.915630066833496,0.185683893742829,11242,0.0325012122397764,0.032504462686045
"img_0662-0","No conforme",0.909789945481244,0.168146909486228,19098,0.204294014559096,0.204314446003697
"img_0662-1","No conforme",0.932850072218951,0.116228167693252,19220,0.133950597617822,0.133963994017224
"img_0662-2","No conforme",0.908633026105095,0.17067824069057,19142,0.207647430930941,0.207668197750716
"img_0663-0","Conforme",0.925620762095732,0.183720876101644,9238,0.0302302783778545,0.0302333017080253
"img_0663-1","Conforme",0.953966543291877,0.114541165327044,9238,0.0430721110475352,0.0430764186894041
"img_0663-2","Conforme",0.933444925985897,0.16454407376737,9238,0.0337735314777233,0.0337769091686401
"img_0664-0","Conforme",0.907649201875574,0.199837959020749,11552,0.0306226945439498,0.0306257571196617
"img_0664-1","Conforme",0.942602634510713,0.125190188599118,11552,0.0433036703319761,0.0433080011320893
"img_0664-2","Conforme",0.915603142251407,0.182771171261525,11552,0.0334926042063435,0.0334959538017237
"img_0665-0","No conforme",0.914865468534582,0.187466611231625,11496,0.081062083298833,0.0810701903178648
"img_0665-1","No conforme",0.938602060439166,0.141187464725733,11496,0.113781454045926,0.113792833329259
"img_0665-2","No conforme",0.912935035831227,0.191390499024096,11496,0.0784078592847823,0.0784157008548678
"img_0666-0","Conforme",0.90190959896312,0.195132818384026,13260,0.033051098043235,0.0330544034835834
"img_0666-1","Conforme",0.93404618182014,0.132192601562839,13260,0.0432007829331489,0.0432051034434933
"img_0666-2","Conforme",0.901186883347455,0.196555631865707,13260,0.0328138957491326,0.0328171774668793
"img_0667-0","No conforme",0.907430095609777,0.17608749731255,19115,0.218997582760288,0.219019484708759
"img_0667-1","No conforme",0.934566484410903,0.114886257693428,18718,0.134217579610833,0.134231002711104
"img_0667-2","No conforme",0.911497083650477,0.16694121796177,18995,0.206254035418211,0.2062746628845
"img_0668-0","No conforme",0.92723851065243,0.177635041426787,9550,0.0642783782525138,0.0642848067331871
"img_0668-1","No conforme",0.949438845735438,0.126070585686621,9550,0.0814207230262457,0.081428865912837
"img_0668-2","No conforme",0.923515798268038,0.186497999426532,9550,0.0629003675887559,0.0629066582545813
"img_0669-0","No conforme",0.922593362085679,0.18412816433061,9925,0.0524529267348859,0.0524581725521412
"img_0669-1","No conforme",0.949163078182445,0.12406036426587,9925,0.079910830431962,0.0799188223141934
"img_0669-2","No conforme",0.926883106168859,0.174250225764612,9925,0.0568736432331589,0.0568793311662755
"img_0670-0","Conforme",0.917896877315746,0.185276395025774,10780,0.032176927651123,0.0321801456656896
"img_0670-1","Conforme",0.946505502265481,0.121613706511836,10780,0.0433034562526506,0.0433077870313537
"img_0670-2","Conforme",0.915901167458927,0.189741909521049,10780,0.0313983483031614,0.0314014884520067
"img_0671-0","Conforme",0.911257095875459,0.196301543208719,11139,0.0308271585860543,0.0308302416102153
"img_0671-1","Conforme",0.94469886280733,0.123302129682477,11139,0.0435568873802218,0.0435612435045722
"img_0671-2","Conforme",0.914626617575253,0.18890895613565,11139,0.0321472029881748,0.0321504180299778
"img_0672-0","Conforme",0.917221967791389,0.184690947154316,10988,0.0323828666695369,0.0323861052800649
"img_0672-1","Conforme",0.945337394229664,0.122844886955557,10988,0.043102017007366,0.04310632764013
"img_0672-2","Conforme",0.920013089635512,0.178521713739209,10988,0.0334516371948958,0.0334549826931651
"img_0673-0","No conforme",0.904949743275362,0.181116929567044,19081,0.225083426581829,0.225105937175547
"img_0673-1","No conforme",0.934068977966309,0.114805559377776,19047,0.133729925330117,0.133743299660083
"img_0673-2","No conforme",0.905810731578154,0.17997927561895,18781,0.223361410702126,0.223383749077034
"img_0674-0","No conforme",0.907042680789723,0.17133550897458,19435,0.205851596817476,0.205872184035879
"img_0674-1","No conforme",0.9312303491929,0.117944542738902,19430,0.134471630537194,0.134485079045098
"img_0674-2","No conforme",0.905674253863166,0.174331769379699,19372,0.209982133912923,0.210003134226346
"img_0675-0","No conforme",0.919293305807675,0.175374955448052,11504,0.0368794565129426,0.0368831448274253
"img_0675-1","No conforme",0.941974095099954,0.127004660592461,11504,0.0459279765099373,0.045932569766914
"img_0675-2","No conforme",0.918134411962172,0.177894053632839,11504,0.0373475212451349,0.0373512563707719
"img_0676-0","Conforme",0.927638849271886,0.167977432543308,10292,0.0345822626326822,0.0345857212048027
"img_0676-1","Conforme",0.948963656777775,0.119251506594111,10292,0.0432875029020387,0.0432918320852473
"img_0676-2","Conforme",0.923020146627987,0.178587710167608,10292,0.0326543938508072,0.0326576596167688
"img_0677-0","Conforme",0.921858620156681,0.184140271787899,10017,0.0314222443352979,0.0314253868739853
"img_0677-1","Conforme",0.950233958560719,0.118146396642693,10017,0.0433074022878296,0.0433117334611757
"img_0677-2","Conforme",0.921698927468693,0.184513164890631,10017,0.0313364497411533,0.0313395836995232
"img_0678-0","Conforme",0.923551099386776,0.175027301179017,10530,0.0338502827925272,0.0338536681593432
"img_0678-1","Conforme",0.94775923047234,0.120442942983735,10530,0.0435497583867638,0.0435541137981437
"img_0678-2","Conforme",0.91656494815602,0.190874280961687,10530,0.0310562689582095,0.031059374895699
"img_0679-0","No conforme",0.919361036089729,0.158112867431402,18152,0.203713776582512,0.203734149997511
"img_0679-1","No conforme",0.939285645662196,0.10989823528428,18064,0.133913220261745,0.133926612923038
"img_0679-2","No conforme",0.920250025957893,0.156045580166914,18098,0.200795625990857,0.200815707561613
"img_0680-0","Conforme",0.912989961978688,0.18290000822031,12136,0.034165965125721,0.0341693820639274
"img_0680-1","Conforme",0.939740192440257,0.127573734611237,12136,0.0434666074908184,0.043470954586277
"img_0680-2","Conforme",0.911674008071002,0.185635754202142,12136,0.0336966208946743,0.0336999908937637
"img_0681-0","Conforme",0.921395218182732,0.183278037471812,10200,0.0316043503193592,0.0316075110704663
"img_0681-1","Conforme",0.949330608915441,0.11900429988115,10200,0.0430488081521582,0.0430531134635046
"img_0681-2","Conforme",0.927310369370404,0.169609141804628,10200,0.0340659052539977,0.0340693121852162
"img_0682-0","No conforme",0.891543634858973,0.190578920072198,20637,0.2163774209873,0.21639906089339
"img_0682-1","No conforme",0.924300919081744,0.123800182302011,20660,0.133045226170824,0.133058532024027
"img_0682-2","No conforme",0.888426845236385,0.196572439039665,20893,0.224585831931163,0.224608292760439
"img_0683-0","Conforme",0.913436012555291,0.183892521220859,11925,0.0336592562151798,0.0336626224774275
"img_0683-1","Conforme",0.940705648121553,0.126858064499962,11925,0.0432273491839795,0.0432316723512146
"img_0683-2","Conforme",0.90801962429271,0.195285299141528,11925,0.0317323429581829,0.0317355165098339
"img_0684-0","Conforme",0.915489640179802,0.178902410025646,12000,0.034513867223525,0.0345173189554206
"img_0684-1","Conforme",0.940439334088494,0.126946427474112,12000,0.0432062864746852,0.0432106075354388
"img_0684-2","Conforme",0.914623685787425,0.180714129826791,12000,0.0341928725177442,0.0341962921469589
"img_0685-0","Conforme",0.927084741372501,0.168828281459021,10336,0.0343975225997019,0.0344009626959715
"img_0685-1","Conforme",0.948642955088896,0.119688637943674,10336,0.0431766563478496,0.0431809744452941
"img_0685-2","Conforme",0.923491506311753,0.17706389480321,10336,0.0329864368656429,0.0329897358392269
"img_0686-0","Conforme",0.916192192275103,0.184462313408736,11242,0.0328467801462259,0.0328500651527412
"img_0686-1","Conforme",0.944240965414608,0.123626997484764,11242,0.0433107001821172,0.0433150316852857
"img_0686-2","Conforme",0.920317696407542,0.17547260446377,11242,0.034389951435041,0.0343933907741185
"img_0687-0","No conforme",0.91156918169807,0.171733473600858,18531,0.217849556200361,0.217871343334695
"img_0687-1","No conforme",0.936755752096737,0.11271377390954,18450,0.134406442044704,0.134419884033107
"img_0687-2","No conforme",0.909031569752413,0.177284551468356,18638,0.225594467971869,0.225617029674837
"img_0688-0","No conforme",0.925377962197696,0.173665672134234,10264,0.0402203322365485,0.0402243546720158
"img_0688-1","No conforme",0.947801472150017,0.122301126081467,10264,0.0466617485161684,0.0466664151576842
"img_0688-2","No conforme",0.924570224735036,0.175562320273894,10264,0.0410487327279876,0.0410528380117888
"img_0689-0","No conforme",0.904139433019301,0.176059244158861,19597,0.210447773288293,0.21046882017031
"img_0689-1","No conforme",0.930160785127528,0.119117544847376,19676,0.135173278478243,0.135186797157959
"img_0689-2","No conforme",0.907858435794606,0.16756830765369,19739,0.19938500477243,0.199404945266957
"img_0690-0","Conforme",0.923368371223001,0.183356061824573,9760,0.0314301786297392,0.0314333219619354
"img_0690-1","Conforme",0.951549254311954,0.116806964171611,9760,0.0436511385029268,0.0436555040533322
"img_0690-2","Conforme",0.929679672761805,0.168383752948862,9760,0.0341641637757334,0.0341675805337868
"img_0691-0","Conforme",0.914703442382812,0.185923403915305,11424,0.0326586081319199,0.0326618743193518
"img_0691-1","Conforme",0.943197667774874,0.124711123951974,11424,0.0430759298043144,0.0430802378280972
"img_0691-2","Conforme",0.911561762479894,0.192710432250514,11424,0.0315285569697991,0.0315317101408132
"img_0692-0","Conforme",0.924085941251867,0.180368224848565,9880,0.0319485070037862,0.0319517021740036
"img_0692-1","Conforme",0.950888884061925,0.117536310049389,9880,0.0433385074216862,0.0433428417058568
"img_0692-2","Conforme",0.923935343089384,0.180721974225469,9880,0.0318416116157569,0.0318447960953664
"img_0693-0","Conforme",0.918780003608255,0.179216146943148,11200,0.0336361472076445,0.0336395111587604
"img_0693-1","Conforme",0.944361288380342,0.123627520761811,11200,0.0432104962109227,0.043214817692692
"img_0693-2","Conforme",0.919005392276539,0.178722809659862,11200,0.0336860478981883,0.0336894168398723
"img_0694-0","No conforme",0.901642028449563,0.193398576578329,13541,0.0399901209333257,0.0399941203453603
"img_0694-1","No conforme",0.931306815006032,0.136084243529131,13541,0.046783351994166,0.0467880307972457
"img_0694-2","No conforme",0.903540331151626,0.189641944919156,13541,0.03874059408827,0.0387444685351235
"img_0695-0","Conforme",0.93115352438534,0.165741552252561,9672,0.0342133824544643,0.0342168041348778
"img_0695-1","Conforme",0.951889162202723,0.116574189684233,9672,0.043229333081118,0.0432336564467627
"img_0695-2","Conforme",0.930486991397633,0.167330145796774,9672,0.0339371567271782,0.0339405507822564
"img_0696-0","No conforme",0.889251455437155,0.212071654676492,14106,0.0394979027505394,0.039501852935833
"img_0696-1","No conforme",0.929243195369945,0.136541117902773,14106,0.045272664450241,0.045277192169458
"img_0696-2","No conforme",0.898973204040527,0.193456745811834,14106,0.0364745328482905,0.0364781806663571
"img_0697-0","Conforme",0.910088150185978,0.184880483278736,12580,0.034270045895365,0.0342734732426892
"img_0697-1","Conforme",0.937435747375488,0.129566582293738,12580,0.0434602864589229,0.0434646329222151
"img_0697-2","Conforme",0.901112332171272,0.203148202813066,12580,0.0312680259737738,0.0312711530890827
"img_0698-0","Conforme",0.925319206776338,0.171694180252234,10458,0.0339688652436244,0.0339722624698714
"img_0698-1","Conforme",0.948105301100787,0.120101688658858,10458,0.0430388800634486,0.0430431843818868
"img_0698-2","Conforme",0.919258842342601,0.185493731094201,10458,0.0315455543404111,0.0315487092113322
"img_0699-0","No conforme",0.906460331995347,0.191283378281837,12739,0.0455410681568695,0.0455456227191414
"img_0699-1","No conforme",0.935310081535788,0.133916212433018,12739,0.057514327164954,0.0575200791728712
"img_0699-2","No conforme",0.900878925960765,0.202556307249512,12739,0.0448358894604869,0.0448403734978367
"img_0700-0","No conforme",0.920530639935662,0.187050137758127,10083,0.047162365153014,0.0471670818612001
"img_0700-1","No conforme",0.948753525372673,0.123268445602548,10083,0.0724721453926935,0.0724793933320267
"img_0700-2","No conforme",0.926922715220732,0.172393789340019,10083,0.0528536752409086,0.0528589611370223
"img_0701-0","No conforme",0.916119675400678,0.191408579775096,10656,0.0547328752735081,0.0547383491084189
"img_0701-1","No conforme",0.944661587219238,0.128914851116429,10656,0.0745763529201346,0.0745838113012647
"img_0701-2","No conforme",0.913207692099179,0.197885475020696,10656,0.0527164595912244,0.0527217317644008
"img_0702-0","Conforme",0.903010993867762,0.20114853047632,12388,0.0313015144068753,0.0313046448713624
"img_0702-1","Conforme",0.938485806076947,0.12859788100245,12388,0.0433685054992695,0.0433728427835478
"img_0702-2","Conforme",0.905259316136977,0.196525334940114,12388,0.0320520088494379,0.032055214370875
"img_0703-0","No conforme",0.907313302755917,0.170186224726799,19363,0.203155957244965,0.203176274872452
"img_0703-1","No conforme",0.931004302368164,0.118425266935988,19368,0.13470475382499,0.134718225647555
"img_0703-2","No conforme",0.905568171009737,0.173685256410705,19602,0.208166274288468,0.208187092997768
"img_0704-0","No conforme",0.898224640826057,0.186127963525168,19812,0.220667153778903,0.220689222701173
"img_0704-1","No conforme",0.929110846090878,0.120013361009758,19789,0.134435415103239,0.134448859989238
"img_0704-2","No conforme",0.902159219755285,0.177369876349711,19953,0.20933650140571,0.209357437149425
"img_0705-0","Conforme",0.909737771624397,0.198481959274776,11248,0.0304490029189717,0.0304520481237841
"img_0705-1","Conforme",0.94414301976821,0.123802927008268,11248,0.0433323262029374,0.0433366598689243
"img_0705-2","Conforme",0.918230682301241,0.1799627821752,11248,0.0336414222065865,0.0336447866852551
"img_0706-0","No conforme",0.906867790670956,0.174221332291707,19115,0.211543060867237,0.211564217288966
"img_0706-1","No conforme",0.932269757726333,0.117015990192459,19274,0.134393653469754,0.134407094179171
"img_0706-2","No conforme",0.904136680728688,0.179594080293385,19319,0.219100760774225,0.219122673041529
"img_0707-0","Conforme",0.932819737189798,0.169865674230862,8880,0.0326713729305469,0.0326746403945863
"img_0707-1","Conforme",0.955865204988367,0.112383222050006,8880,0.0436571909649116,0.0436615571206236
"img_0707-2","Conforme",0.935245582203584,0.163785875783165,8880,0.033825492781492,0.0338288756690589
"img_0708-0","No conforme",0.921599426179774,0.189570664505887,9758,0.0773611135244717,0.0773688504095126
"img_0708-1","No conforme",0.947128178100586,0.13478931927877,9758,0.12291328826712,0.122925580825202
"img_0708-2","No conforme",0.92752056060791,0.176341778863799,9758,0.0879027731448811,0.0879115643013112
"img_0709-0","Conforme",0.928416371370203,0.177677378488512,9165,0.0315674987991123,0.0315706558646988
"img_0709-1","Conforme",0.954447595825195,0.113898003923501,9165,0.0435934313305261,0.043597791109637
"img_0709-2","Conforme",0.93269163601146,0.167153286847564,9165,0.0335489511049945,0.033552306335628
"img_0710-0","No conforme",0.90404208569695,0.198489620055131,12577,0.0606449678726296,0.0606510329759272
"img_0710-1","No conforme",0.933789261474609,0.139057957610343,12577,0.0697303614736041,0.0697373352071248
"img_0710-2","No conforme",0.910093714599609,0.186036009526525,12577,0.0581198622838637,0.0581256748513488
"img_0711-0","Conforme",0.92827259410185,0.178593057864274,9114,0.0310105041344994,0.0310136054950489
"img_0711-1","Conforme",0.954735090529498,0.113522720296586,9114,0.0431580341940831,0.0431623504291261
"img_0711-2","Conforme",0.932620555114746,0.167852064684213,9114,0.0330137364231617,0.0330170381269744
"img_0712-0","No conforme",0.907335440745634,0.202327927010527,11557,0.0721021107117697,0.0721093216439341
"img_0712-1","No conforme",0.938112392039579,0.141951183091903,11557,0.114668636073894,0.114680104084303
"img_0712-2","No conforme",0.913255438358082,0.190263693796848,11557,0.0802524652377823,0.080260491286911
"img_0713-0","Conforme",0.922166098884134,0.184250878370289,9940,0.0315409275717663,0.0315440819799643
"img_0713-1","Conforme",0.950649255281336,0.117715252647744,9940,0.043706360089305,0.0437107311624213
"img_0713-2","Conforme",0.926851574491613,0.173253216735281,9940,0.033551175851245,0.0335545313043754
"img_0714-0","Conforme",0.925280734540154,0.177339394020127,9900,0.0322963750795418,0.0322996050400458
"img_0714-1","Conforme",0.950695386065315,0.117839852192616,9900,0.0430518607924666,0.0430561664091075
"img_0714-2","Conforme",0.923591007600672,0.181316459915132,9900,0.0315888815274334,0.0315920407315065
"img_0715-0","Conforme",0.918910677579992,0.176701607292777,11440,0.0343831792019031,0.0343866178636895
"img_0715-1","Conforme",0.943167691740148,0.124687851908758,11440,0.0433054353787438,0.0433097663553794
"img_0715-2","Conforme",0.910959489494772,0.193853985301924,11440,0.0314865223106047,0.0314896712777325
"img_0716-0","Conforme",0.917844523961684,0.184560885166458,10863,0.0324754387608505,0.0324786866295135
"img_0716-1","Conforme",0.946031809117934,0.122136018605248,10863,0.0434177611396872,0.0434221033500222
"img_0716-2","Conforme",0.921798727919635,0.175763261789528,10863,0.0340521348682089,0.0340555404222511
"img_0717-0","No conforme",0.915987326121611,0.198270105863313,10129,0.0716499762032494,0.0716571419174411
"img_0717-1","No conforme",0.945242799197926,0.136391647561661,10129,0.120952612043032,0.120964708513883
"img_0717-2","No conforme",0.922735105052275,0.183401084312168,10129,0.0829736107384939,0.0829819089293868
"img_0718-0","Conforme",0.923832969845042,0.178251352220148,10140,0.0324006429572447,0.0324038833455792
"img_0718-1","Conforme",0.949538227359547,0.118919591703293,10140,0.0429586629571359,0.0429629592530612
"img_0718-2","Conforme",0.926156980106129,0.172861370368898,10140,0.0333422197877195,0.0333455543431538
"img_0719-0","No conforme",0.911700334329044,0.186985643073684,12004,0.0385183267636004,0.0385221789814986
"img_0719-1","No conforme",0.939387121420468,0.129286776903826,12004,0.0458444417125887,0.0458490266152502
"img_0719-2","No conforme",0.909635757374483,0.191371706770942,12004,0.0396605742154573,0.0396645406695242
"img_0720-0","No conforme",0.918165165818158,0.176620962655727,11651,0.0408949351295986,0.0408990250321019
"img_0720-1","No conforme",0.939887021161248,0.130666633496503,11651,0.0484087222547968,0.0484135636111579
"img_0720-2","No conforme",0.919728107892205,0.17319719598432,11651,0.0389694429445671,0.038973340278595
"img_0721-0","No conforme",0.910113818287569,0.185663012979978,12534,0.0446146933852489,0.044619155300779
"img_0721-1","No conforme",0.935115745885512,0.134929258671949,12534,0.0489352647269685,0.0489401587428428
"img_0721-2","No conforme",0.90640971378102,0.193540753150992,12534,0.050986438585655,0.050991537739429
"img_0722-0","Conforme",0.933551487498564,0.163068360538375,9360,0.0345641549951444,0.03456761175632
"img_0722-1","Conforme",0.9535195353968,0.114815904459423,9360,0.0436367796022701,0.0436411437166418
"img_0722-2","Conforme",0.928358992094152,0.175688147172524,9360,0.0322371946418596,0.0322404186837279
"img_0723-0","Conforme",0.92181027557373,0.179271102411323,10500,0.0330320506196062,0.0330353541550217
"img_0723-1","Conforme",0.94771166371065,0.120742118384538,10500,0.0434542379280007,0.0434585837863793
"img_0723-2","Conforme",0.921958360775218,0.178934279562279,10500,0.0330755229832801,0.0330788308663667
"img_0724-0","Conforme",0.921497352097455,0.174124709673637,11109,0.0345820811902417,0.0345855397442161
"img_0724-1","Conforme",0.944787055771771,0.123293490657749,11109,0.0434204835353751,0.0434248260179769
"img_0724-2","Conforme",0.92052764831543,0.176250737477756,11109,0.0341804287749831,0.0341838471596991
"img_0725-0","Conforme",0.911642416561351,0.192891595727416,11388,0.0312173374044778,0.0312204594504228
"img_0725-1","Conforme",0.943405226386575,0.124478480580963,11388,0.042838521265754,0.0428428055463087
"img_0725-2","Conforme",0.917744065354291,0.17968794023156,11388,0.0334211751492599,0.03342451760102
"img_0726-0","No conforme",0.898618218383789,0.184841209611563,19843,0.218222408865417,0.218244233288746
"img_0726-1","No conforme",0.928549498470531,0.120256551188514,20026,0.134450404865656,0.134463851250781
"img_0726-2","No conforme",0.904627007284725,0.171551528390222,19923,0.2011129345186,0.201133047823383
"img_0727-0","Conforme",0.920067836285759,0.175398052837337,11310,0.0346939670149039,0.0346974367585797
"img_0727-1","Conforme",0.943966873168945,0.123809271225598,11310,0.043649723340454,0.0436540887493289
"img_0727-2","Conforme",0.91709913186466,0.181841782096285,11310,0.0335978907905292,0.0336012509156208
"img_0728-0","Conforme",0.910041241580739,0.191034800897004,11925,0.0325629649510479,0.0325662215732052
"img_0728-1","Conforme",0.940794618907255,0.126686035456313,11925,0.043462041782547,0.0434663884213891
"img_0728-2","Conforme",0.905615378776999,0.200350307180848,11925,0.0310017893617484,0.0310048898507334
"img_0729-0","Conforme",0.915015049546186,0.185526773877378,11396,0.0328873138931838,0.0328906029534791
"img_0729-1","Conforme",0.943312845153809,0.124655417555536,11396,0.0433138627002425,0.0433181945196945
"img_0729-2","Conforme",0.919395260225184,0.176060501464875,11396,0.0344952526849473,0.0344987025552028
"img_0730-0","Conforme",0.924322339082606,0.174823458752262,10370,0.0333854808682353,0.0333888197502104
"img_0730-1","Conforme",0.948562360839844,0.119649946339626,10370,0.0432061959523506,0.043210517004051
"img_0730-2","Conforme",0.919078926301844,0.186826006341943,10370,0.0312440527570929,0.0312471774748403
"img_0731-0","Conforme",0.912424665419635,0.189766596909317,11534,0.0323863556570258,0.0323895946164874
"img_0731-1","Conforme",0.942697169710047,0.125112429993356,11534,0.0434782000531017,0.0434825483079325
"img_0731-2","Conforme",0.916249451886345,0.181557705120212,11534,0.0337892328271251,0.0337926120883339
"img_0732-0","No conforme",0.917558225905474,0.179632869382596,11460,0.0395915466862355,0.0395955062368592
"img_0732-1","No conforme",0.941709157212201,0.127907871214369,11460,0.0467363192021318,0.0467409933014619
"img_0732-2","No conforme",0.918722803829417,0.177078379393111,11460,0.0386691769798092,0.0386730442842376
"img_0733-0","No conforme",0.910865791949104,0.189573752674111,11983,0.0528593493242842,0.052864635787863
"img_0733-1","No conforme",0.938916479725557,0.132854836537143,11983,0.0750454858890725,0.0750529911881913
"img_0733-2","No conforme",0.909948621018353,0.191462654763433,11983,0.0521343801457692,0.0521395941051797
"img_0734-0","No conforme",0.890803448181152,0.182173581542362,21705,0.196749229055435,0.196768905946029
"img_0734-1","No conforme",0.918892488528981,0.128171217246701,21625,0.132756219779774,0.132769496729447
"img_0734-2","No conforme",0.882028427716423,0.199566105890063,21529,0.217276005192388,0.217297734965884
"img_0735-0","Conforme",0.916520492679371,0.178028077807151,11856,0.0345985439560727,0.0346020041564884
"img_0735-1","Conforme",0.941114722272087,0.126432846352424,11856,0.043272741279484,0.0432770689863827
"img_0735-2","Conforme",0.910786753342572,0.190123870344488,11856,0.0325427554163556,0.0325460100173574
"img_0736-0","No conforme",0.921570945955164,0.181814313612249,10457,0.0680769893291151,0.068083797708886
"img_0736-1","No conforme",0.945444374569164,0.130992393974413,10457,0.0982256148179983,0.0982354383618344
"img_0736-2","No conforme",0.914827355292825,0.196693763863637,10457,0.0596312594166185,0.0596372231389324
"img_0737-0","No conforme",0.912700373140223,0.184684168804781,12056,0.0453100485103918,0.0453145799683887
"img_0737-1","No conforme",0.937681479061351,0.132689651209555,12056,0.0485743830514087,0.0485792409755063
"img_0737-2","No conforme",0.916905035544003,0.17561237428757,12056,0.0392637609270248,0.0392676876957943
"img_0738-0","Conforme",0.923443580555635,0.179837582428476,10074,0.0321060549862044,0.0321092659127957
"img_0738-1","Conforme",0.949964952069451,0.118381674112142,10074,0.0431434402212379,0.0431477549967376
"img_0738-2","Conforme",0.926725028955796,0.172197637219905,10074,0.0334687187056105,0.0334720659122017
"img_0739-0","Conforme",0.935740874849207,0.160417815927625,9089,0.0348818777210982,0.034885366257724
"img_0739-1","Conforme",0.954848712265912,0.113451800239234,9089,0.0438154250508449,0.0438198070315481
"img_0739-2","Conforme",0.929410247443704,0.176068852886945,9089,0.0319019723881546,0.031905162904445
"img_0740-0","No conforme",0.912136991218118,0.193166765082866,11487,0.0781903062560249,0.0781981260686317
"img_0740-1","No conforme",0.938451282779469,0.141715299801511,11487,0.114959737816335,0.114971234939829
"img_0740-2","No conforme",0.906370164561552,0.204997745041013,11487,0.0701660034896242,0.0701730207917033
"img_0741-0","No conforme",0.908335838551241,0.200587457797626,11592,0.0830311891498599,0.0830394930991698
"img_0741-1","No conforme",0.934513532732795,0.148252969011445,11592,0.108519628948357,0.108530481996557
"img_0741-2","No conforme",0.909642099609375,0.197908349447857,11592,0.0843035039662027,0.0843119351597187
"img_0742-0","No conforme",0.893336094037224,0.189063261498451,20452,0.216761780328183,0.216783458674051
"img_0742-1","No conforme",0.925105605091768,0.123351440970862,20594,0.134218546673757,0.134231969870744
"img_0742-2","No conforme",0.895981763305664,0.183572162623427,20454,0.209708091189125,0.209729064095535
"img_0743-0","No conforme",0.90709317933924,0.201614089940424,11626,0.063198233474361,0.063204553929754
"img_0743-1","No conforme",0.938594102729349,0.135616799194823,11626,0.0737116876938431,0.073719059599803
"img_0743-2","No conforme",0.909498322341021,0.196423137211053,11626,0.0621688273913058,0.0621750448957954
"img_0744-0","No conforme",0.888586956751206,0.208787992466579,14626,0.0455363782770315,0.0455409323702685
"img_0744-1","No conforme",0.925620462933709,0.140706326669231,14626,0.0515444549012577,0.051549609862244
"img_0744-2","No conforme",0.886019608100442,0.213631253170498,14626,0.0471529356809283,0.0471576514460729
"img_0745-0","Conforme",0.920861632798139,0.178648848561523,10780,0.0334063019732479,0.0334096429375416
"img_0745-1","Conforme",0.946472414945715,0.121694410887406,10780,0.0434214306062352,0.0434257731835535
"img_0745-2","Conforme",0.913584456751206,0.194929885636737,10780,0.0305603889842262,0.0305634453287591
"img_0746-0","No conforme",0.912409108994428,0.194443817409073,11210,0.0645094629040593,0.0645159144955088
"img_0746-1","No conforme",0.941236361550724,0.135452920824656,11210,0.098794281417505,0.0988041618336883
"img_0746-2","No conforme",0.909839845706715,0.199885903084411,11210,0.0615039249389575,0.0615100759465521
"img_0747-0","No conforme",0.907170542638442,0.204387627434348,11320,0.058486910775735,0.0584927600517402
"img_0747-1","No conforme",0.940865400641946,0.13539231908236,11320,0.0974250647567767,0.0974348082376005
"img_0747-2","No conforme",0.912751111019359,0.192620484828145,11320,0.0648760904126329,0.0648825786704999
"img_0748-0","No conforme",0.903244280413459,0.198164060837358,12681,0.0412446908887093,0.0412488157702864
"img_0748-1","No conforme",0.936021129832548,0.13199645152527,12681,0.0463154426072991,0.0463200746147606
"img_0748-2","No conforme",0.905066057469985,0.194412285337159,12681,0.0400490122281353,0.0400530175298883
"img_0749-0","Conforme",0.918350227445715,0.182860257005164,10921,0.0328168236723078,0.0328201056828761
"img_0749-1","Conforme",0.945741442458209,0.122402090295975,10921,0.0433834381746212,0.0433877769523165
"img_0749-2","Conforme",0.922607362868365,0.173419692089109,10921,0.0344455985419768,0.0344490434463214
"img_0750-0","Conforme",0.926682906942928,0.173383065781423,9966,0.033432080623936,0.0334354241663527
"img_0750-1","Conforme",0.950354221694049,0.118218271349145,9966,0.0434885554537955,0.0434929047442699
"img_0750-2","Conforme",0.924899302960564,0.177562988482666,9966,0.0327196981278836,0.0327229704249261
"img_0751-0","Conforme",0.916670372852999,0.179080077051656,11704,0.0341278700593644,0.0341312831876831
"img_0751-1","Conforme",0.941799803305233,0.125930162926939,11704,0.0431245862715275,0.0431288991614437
"img_0751-2","Conforme",0.912549894642549,0.187843338199859,11704,0.032667311220549,0.0326705782783769
"img_0752-0","No conforme",0.912726400236242,0.191743299842179,11550,0.0840611323006171,0.0840695392545425
"img_0752-1","No conforme",0.935285251087862,0.146530203699057,11550,0.105355512319865,0.105366048924757
"img_0752-2","No conforme",0.904813145895565,0.208075843624364,11550,0.0765947412904998,0.0766024015306529
"img_0753-0","No conforme",0.93080805208094,0.172800901943868,9151,0.0565180108327037,0.0565236631990236
"img_0753-1","No conforme",0.953009284650017,0.120391418250902,9151,0.0823174353648498,0.082325667931643
"img_0753-2","No conforme",0.931880607766544,0.170216663381377,9151,0.0577527667170611,0.0577585425713182
"img_0754-0","No conforme",0.920309319870893,0.183745794277588,10410,0.0369472827855821,0.0369509778833704
"img_0754-1","No conforme",0.947816609748391,0.121162483408444,10410,0.0445458645396032,0.0445503195715604
"img_0754-2","No conforme",0.922696872145709,0.17824626291975,10410,0.0362268163566815,0.0362304394006216
"img_0755-0","Conforme",0.91655836659151,0.185494545279543,11055,0.0324335093188648,0.0324367529941642
"img_0755-1","Conforme",0.945153409585392,0.12282939159213,11055,0.0432938878909571,0.0432982177127283
"img_0755-2","Conforme",0.912286871391745,0.194909976569852,11055,0.0308313068181263,0.030834390257152
"img_0756-0","Conforme",0.91062353054271,0.185105282814775,12432,0.0338935285877556,0.0338969182795836
"img_0756-1","Conforme",0.938267657129624,0.128764640584982,12432,0.043223306801338,0.0432276295642944
"img_0756-2","Conforme",0.911320637889189,0.183676739454808,12432,0.0341101548319852,0.0341135661886041
"img_0757-0","No conforme",0.907015397213206,0.19020247910594,12694,0.0367842604666644,0.0367879392605905
"img_0757-1","No conforme",0.9363646875,0.13114861528558,12694,0.0452035611970185,0.045208082005219
"img_0757-2","No conforme",0.903780199261834,0.196815061230502,12694,0.0377376678406931,0.0377414419848916
"img_0758-0","No conforme",0.904580038847082,0.19522008804071,12756,0.0514877323052087,0.051492881593368
"img_0758-1","No conforme",0.935075299179975,0.135795540728039,12756,0.0735446926565153,0.0735520478613014
"img_0758-2","No conforme",0.902111533328785,0.20012005744472,12756,0.0496976198314629,0.049702590090472
"img_0759-0","Conforme",0.920298609870462,0.188674579482784,9936,0.030426952162459,0.0304299951619752
"img_0759-1","Conforme",0.950504819856531,0.118050761973574,9936,0.0431786938203276,0.0431830121215397
"img_0759-2","Conforme",0.920298609870462,0.188674579482784,9936,0.030426952162459,0.0304299951619752
"img_0760-0","Conforme",0.918593984662224,0.188298932418856,10336,0.0309739951434598,0.030977092852745
"img_0760-1","Conforme",0.948626860172047,0.11972230525567,10336,0.0431213357511342,0.0431256483159658
"img_0760-2","Conforme",0.917661197473862,0.190439078065294,10336,0.0305438186828171,0.0305468733701542
"img_0761-0","Conforme",0.933324064528521,0.165900206116351,9135,0.0334949272075044,0.033498277035208
"img_0761-1","Conforme",0.954535549460018,0.113874566285341,9135,0.0432906912823531,0.0432950207844316
"img_0761-2","Conforme",0.931653603623334,0.170019412750085,9135,0.0327567532300907,0.032760029233014
"img_0762-0","No conforme",0.903434008968578,0.200760200741648,12472,0.0611513671932102,0.0611574829415044
"img_0762-1","No conforme",0.935234812370749,0.139354460915109,12472,0.0924997658477598,0.0925090167494347
"img_0762-2","No conforme",0.909280592220531,0.18918328673919,12472,0.0668775816124864,0.0668842700394903
"img_0763-0","No conforme",0.901841449854234,0.194125202914568,13447,0.046151205186692,0.0461558207687689
"img_0763-1","No conforme",0.930583261736701,0.13818855149536,13447,0.0485507635144954,0.048555619076403
"img_0763-2","No conforme",0.899124520191866,0.199652615785781,13447,0.0503882244607463,0.050393263787125
"img_0764-0","Conforme",0.9247631244076,0.178656766300729,9891,0.0322439538988769,0.0322471786167385
"img_0764-1","Conforme",0.950922091046501,0.117386687478991,9891,0.0433814139038777,0.0433857524791256
"img_0764-2","Conforme",0.924687436415728,0.178835080059419,9891,0.0322156712996319,0.0322188931889508
"img_0765-0","Conforme",0.917179965443331,0.187786147673549,10692,0.0317410537503878,0.0317442281732052
"img_0765-1","Conforme",0.946826682613597,0.121475582315833,10692,0.0434231300667622,0.0434274728140436
"img_0765-2","Conforme",0.924151038908117,0.172123343992057,10692,0.0344618860232563,0.034465332556512
"img_0766-0","Conforme",0.913598158371869,0.184171736673802,11857,0.0332575640372113,0.0332608901262239
"img_0766-1","Conforme",0.941143202496697,0.12634628955896,11857,0.0429430916693392,0.04294738640798
"img_0766-2","Conforme",0.9079795365816,0.196034023450561,11857,0.0312585002969627,0.0312616264596087
"img_0767-0","No conforme",0.903819329654469,0.171651028590886,20186,0.200079643747383,0.200099653712755
"img_0767-1","No conforme",0.927823731402229,0.120900858952533,20232,0.13434623233638,0.134359668303211
"img_0767-2","No conforme",0.902679283016429,0.174512177981397,20037,0.203465047001858,0.203485395541412
"img_0768-0","Conforme",0.924092343319163,0.172597429994693,10656,0.0344123095877826,0.0344157511628989
"img_0768-1","Conforme",0.947014616196576,0.121293173734369,10656,0.0434925295781475,0.0434968792660741
"img_0768-2","Conforme",0.922786919914694,0.175535327113602,10656,0.0339314700386217,0.0339348635249742
"img_0769-0","No conforme",0.907612883605957,0.184398126597444,13212,0.0367526827372435,0.0367563583730809
"img_0769-1","No conforme",0.933394906095617,0.133941706249005,13212,0.0458521682591981,0.0458567539345916
"img_0769-2","No conforme",0.896520374612247,0.206617378812889,13212,0.0425269040883912,0.0425311572041116
"img_0770-0","Conforme",0.925432948177562,0.173722155987497,10224,0.0338313862149962,0.0338347696919654
"img_0770-1","Conforme",0.94924899751551,0.119070809570385,10224,0.0437163089403094,0.0437206810084102
"img_0770-2","Conforme",0.918900805233226,0.18880225305115,10224,0.0311478074833746,0.0311509225756322
"img_0771-0","Conforme",0.914226757615033,0.191036997023855,11016,0.0316326180354893,0.0316357816136507
"img_0771-1","Conforme",0.945225507632985,0.122934319181316,11016,0.0435024745959468,0.0435068252784746
"img_0771-2","Conforme",0.919591091685576,0.179194014767542,11016,0.0336453845235179,0.0336487493984577
"img_0772-0","No conforme",0.914672030370376,0.191610345334546,10896,0.0416412085820705,0.0416453731193824
"img_0772-1","No conforme",0.945123014723834,0.124076623645436,10896,0.0457606770573901,0.0457652535827483
"img_0772-2","No conforme",0.917642110936782,0.184908048098671,10896,0.0394939689880549,0.0394979187799329
"img_0773-0","Conforme",0.919823779907227,0.178263555761122,11060,0.0339179994837929,0.0339213916229552
"img_0773-1","Conforme",0.945096209806554,0.122937453248992,11060,0.0435383906173021,0.0435427448917913
"img_0773-2","Conforme",0.915631203649184,0.187492840478409,11060,0.0322896813580131,0.032292910649078
"img_0774-0","Conforme",0.932987507252413,0.162845789881833,9520,0.0345985188002046,0.0346019789981044
"img_0774-1","Conforme",0.952621809997559,0.115863176618405,9520,0.043267693872628,0.0432720210747355
"img_0774-2","Conforme",0.925700937517951,0.18038351573949,9520,0.0313950590964212,0.0313981989163128
"img_0775-0","No conforme",0.916171550095502,0.189000008433522,10940,0.0663508163019247,0.0663574520471294
"img_0775-1","No conforme",0.942734445298139,0.133921488781376,10940,0.0987064140460448,0.0987162856746123
"img_0775-2","No conforme",0.915431722412109,0.190584635355259,10940,0.0654641169833995,0.0654706640498045
"img_0776-0","Conforme",0.922159936146456,0.1851685237396,9856,0.0310427240159025,0.0310458285987624
"img_0776-1","Conforme",0.951080228091969,0.117252684064125,9856,0.0434189597644647,0.0434233020946741
"img_0776-2","Conforme",0.922883429583381,0.183460411607478,9856,0.03134988800869,0.0313530233110211
"img_0777-0","No conforme",0.918594104327033,0.180837149859503,11099,0.0405526001736152,0.0405566558391991
"img_0777-1","No conforme",0.943583945779239,0.126194588242289,11099,0.046721775268625,0.0467264479134164
"img_0777-2","No conforme",0.915581243591309,0.187593242830756,11099,0.0434800897788516,0.0434844382226739
"img_0778-0","No conforme",0.892500055847168,0.191616135474873,20490,0.221606139585958,0.221628302416199
"img_0778-1","No conforme",0.925477044659783,0.122843066110535,20617,0.134237236948595,0.134250662014796
"img_0778-2","No conforme",0.89915294058407,0.178092646929551,20409,0.204004335584352,0.204024738058157
"img_0779-0","No conforme",0.915193050949994,0.187878506791986,11160,0.0444887582990012,0.0444932076197632
"img_0779-1","No conforme",0.943253072581572,0.126518733780962,11160,0.0467298760760358,0.0467345495309889
"img_0779-2","No conforme",0.917955872066722,0.181682504886933,11160,0.0413141970751885,0.0413183289080794
"img_0780-0","Conforme",0.918600446561926,0.181279949038946,11025,0.032887028593114,0.0328903176248765
"img_0780-1","Conforme",0.945306161714442,0.122667593115472,11025,0.0429747890524496,0.0429790869611457
"img_0780-2","Conforme",0.920294301937328,0.17754453456016,11025,0.0335345421516858,0.03353789594128
"img_0781-0","No conforme",0.919464665814568,0.187385680580358,10457,0.0805417039604568,0.0805497589363504
"img_0781-1","No conforme",0.943715397572237,0.137504188981258,10457,0.119546434313432,0.119558390152448
"img_0781-2","No conforme",0.91997348058364,0.186292250993815,10457,0.0813620070650292,0.0813701440794371
"img_0782-0","No conforme",0.908598981466854,0.200665784440066,11460,0.0730033750626978,0.0730106761303108
"img_0782-1","No conforme",0.93855467317469,0.141663785713023,11460,0.114959712758639,0.114971209879627
"img_0782-2","No conforme",0.908449699617274,0.200972673584524,11460,0.0727885733418898,0.0727958529271825
"img_0783-0","No conforme",0.916223185460708,0.189220037194427,10800,0.0438933873847034,0.0438977771624196
"img_0783-1","No conforme",0.945287135009766,0.124369114727125,10800,0.0461768083371026,0.0461814264797506
"img_0783-2","No conforme",0.919521267269359,0.181705678634405,10800,0.0406629368210218,0.0406670035213739
"img_0784-0","No conforme",0.91684364749684,0.164748295301679,17960,0.213622371571289,0.213643735944884
"img_0784-1","No conforme",0.939364504771513,0.109637568964544,18001,0.133535034902232,0.133548389741207
"img_0784-2","No conforme",0.914121452582864,0.171706035400594,17987,0.223863640585719,0.223886029188638
"img_0785-0","Conforme",0.92749052474078,0.176142369887491,9514,0.0323737323617941,0.0323769700588
"img_0785-1","Conforme",0.952719576146743,0.115686689420754,9514,0.0435834442165265,0.0435878029968261
"img_0785-2","Conforme",0.92627197798785,0.179077844857238,9514,0.0318229067800122,0.0318260893889511
"img_0786-0","Conforme",0.926085899209415,0.178381804558747,9620,0.0319889590415021,0.0319921582573279
"img_0786-1","Conforme",0.952175280761719,0.116257789008054,9620,0.043434089486905,0.043438433330238
"img_0786-2","Conforme",0.929484140463436,0.170251371402484,9620,0.0334834898098476,0.033486838493697
"img_0787-0","No conforme",0.91898774171717,0.182547407866416,10994,0.0709316213256621,0.0709387151971818
"img_0787-1","No conforme",0.942401178804285,0.134408854772745,10994,0.0995878535714325,0.0995978133527678
"img_0787-2","No conforme",0.912243373233571,0.196925126905446,10994,0.0627088923618731,0.0627151638782609
"img_0788-0","No conforme",0.886197190677418,0.209056227928734,15116,0.0501865012926335,0.050191520444678
"img_0788-1","No conforme",0.922166876705394,0.143843961944847,15116,0.0482071679252654,0.0482119891241778
"img_0788-2","No conforme",0.892499038696289,0.197191513915883,15116,0.0420893070607794,0.0420935164124207
"img_0789-0","Conforme",0.930559687769273,0.167500348532658,9638,0.0340289621065924,0.0340323653431267
"img_0789-1","Conforme",0.952131782603544,0.116240470886116,9638,0.0434609527120027,0.0434652992419269
"img_0789-2","Conforme",0.925670004164752,0.179184960754541,9638,0.0318955888473036,0.0318987787251761
"img_0790-0","Conforme",0.924750858764648,0.179221486173896,9840,0.0320988786929332,0.0321020889018234
"img_0790-1","Conforme",0.951110383623908,0.117288639674451,9840,0.0434024497430359,0.0434067904220782
"img_0790-2","Conforme",0.925971260322122,0.176340780256229,9840,0.0326672280647636,0.032670495114275
"img_0791-0","No conforme",0.92460791914996,0.173303212059481,10567,0.0580998103874503,0.0581056209495452
"img_0791-1","No conforme",0.946065494761747,0.126757095415639,10567,0.0784035767667456,0.0784114179085365
"img_0791-2","No conforme",0.917576893615723,0.188897269971439,10567,0.0514956105247612,0.0515007606008213
"img_0792-0","Conforme",0.928085797334559,0.174639514460994,9520,0.0324436935031184,0.0324469381969381
"img_0792-1","Conforme",0.952720892459645,0.115629798509358,9520,0.0433507118512874,0.043355047356023
"img_0792-2","Conforme",0.926219744298598,0.179133200636557,9520,0.0316054690004847,0.0316086298634711
"img_0793-0","No conforme",0.898331860495175,0.184771042101903,19951,0.217609247803789,0.217631010904879
"img_0793-1","No conforme",0.928340085054285,0.120738823662007,19916,0.134519915047153,0.134533368383992
"img_0793-2","No conforme",0.899016821863511,0.183509209640181,19853,0.215905711664699,0.215927304395139
"img_0794-0","Conforme",0.923817533084645,0.175685660452199,10400,0.0333802495764332,0.0333835879352267
"img_0794-1","Conforme",0.948351451613482,0.119937897429051,10400,0.0432891759211386,0.0432935052716658
"img_0794-2","Conforme",0.926306441452924,0.170003419513948,10400,0.0343775927830578,0.0343810308861464
"img_0795-0","Conforme",0.907054048946605,0.190597572383986,12628,0.0329978860717388,0.0330011861903578
"img_0795-1","Conforme",0.937259181949391,0.129602634855728,12628,0.0430206567376865,0.0430249592336099
"img_0795-2","Conforme",0.904786281145881,0.195202363029984,12628,0.0322525823971809,0.0322558079779787
"img_0796-0","Conforme",0.922788954216452,0.173440747000863,10875,0.0342193281927821,0.0342227504678289
"img_0796-1","Conforme",0.94606681107465,0.121965812468898,10875,0.0431652999944095,0.0431696169561051
"img_0796-2","Conforme",0.913374624508128,0.194385772367367,10875,0.0305797271014924,0.0305827853800304
"img_0797-0","Conforme",0.929029593685374,0.169514614731652,9800,0.0336608444019422,0.0336642108230245
"img_0797-1","Conforme",0.951529569450827,0.116563967365621,9800,0.0432952562073451,0.0432995861659617
"img_0797-2","Conforme",0.924340887128045,0.180611781650908,9800,0.0316769021211357,0.0316800701281485
"img_0798-0","Conforme",0.920768952403349,0.188701165351007,9834,0.0305216925817206,0.0305247450562262
"img_0798-1","Conforme",0.951019677698472,0.117550027689608,9834,0.0435329183923818,0.0435372721195938
"img_0798-2","Conforme",0.921981874910242,0.185833882035742,9834,0.0310722615366352,0.0310753690735425
"img_0799-0","Conforme",0.911327518615723,0.184860084409508,12300,0.0340969747101671,0.034100384748642
"img_0799-1","Conforme",0.938879443467084,0.128344539756427,12300,0.0435689526198075,0.0435733099508025
"img_0799-2","Conforme",0.911103087265912,0.185322102694503,12300,0.0339981711225046,0.0340015712796325
"img_0800-0","Conforme",0.916177114509134,0.181563586965709,11550,0.0338180713054819,0.033821453450827
"img_0800-1","Conforme",0.942651936412138,0.125108533117802,11550,0.0434861126612472,0.043490461707418
"img_0800-2","Conforme",0.913348417914895,0.18762881589382,11550,0.0327866181861621,0.0327898971758796
"img_0801-0","No conforme",0.904087917318905,0.195309797596111,13050,0.078415229557236,0.0784230718644224
"img_0801-1","No conforme",0.93081475331026,0.146881071595463,13050,0.109285003527822,0.109295933121134
"img_0801-2","No conforme",0.894860204880658,0.212817839657907,13050,0.0678080719685279,0.0678148534538733
"img_0802-0","No conforme",0.915727713317871,0.184822680322467,11491,0.069074843008059,0.0690817511831773
"img_0802-1","No conforme",0.939883251719755,0.136260238387212,11491,0.0962862003232346,0.0962958299062252
"img_0802-2","No conforme",0.9119279367963,0.192706471434932,11491,0.0648093116150709,0.0648157931943903
"img_0803-0","Conforme",0.915125081338321,0.189655944394508,10956,0.0315211974008613,0.0315243498358449
"img_0803-1","Conforme",0.945594254742791,0.122489214505636,10956,0.0431780973078314,0.0431824155493864
"img_0803-2","Conforme",0.91312973047593,0.19407969930778,10956,0.0307829026679191,0.0307859812660457
"img_0804-0","No conforme",0.90070367684757,0.20557272260895,12531,0.057746643440481,0.0577524186823493
"img_0804-1","No conforme",0.935137644545611,0.138963305337533,12531,0.0906057070118948,0.0906147684887437
"img_0804-2","No conforme",0.904094798045439,0.198835844473454,12531,0.0609509515225386,0.0609570472272613
"img_0805-0","Conforme",0.90065700757195,0.203880906657954,12600,0.0312518911262951,0.0312550166279579
"img_0805-1","Conforme",0.937336066589355,0.129650829628909,12600,0.0435300002876494,0.0435343537230217
"img_0805-2","Conforme",0.910399817181755,0.184072108030185,12600,0.0344882777152767,0.0344917268879655
"img_0806-0","Conforme",0.907566154497932,0.200537314134403,11502,0.0305134058245884,0.0305164574703355
"img_0806-1","Conforme",0.942768071109547,0.125163469083047,11502,0.0434816716880001,0.0434860202900291
"img_0806-2","Conforme",0.91235705480239,0.190227359568013,11502,0.0323022674978476,0.0323054980476523
"img_0807-0","Conforme",0.910920418934541,0.186281666058277,12236,0.0337215235365342,0.0337248960261369
"img_0807-1","Conforme",0.939174656551585,0.128125730943339,12236,0.0434782830436459,0.0434826313067766
"img_0807-2","Conforme",0.905815278840906,0.196850861579088,12236,0.0319566443377694,0.0319598403218016
"img_0808-0","No conforme",0.909178518138212,0.187043020540348,12554,0.0361000609937547,0.0361036713608908
"img_0808-1","No conforme",0.937129166134105,0.130444349511941,12554,0.0449274561791594,0.0449319493740968
"img_0808-2","No conforme",0.903422162152459,0.198870863085727,12554,0.0372875718142422,0.0372913009443366
"img_0809-0","No conforme",0.907493099131865,0.174474656015993,19016,0.214428537066529,0.214449982064735
"img_0809-1","No conforme",0.933316046986299,0.116044663630861,19113,0.134620789014741,0.134634252439985
"img_0809-2","No conforme",0.905303113457175,0.180016834148373,18933,0.221918562577525,0.22194075665319
"img_0810-0","Conforme",0.928780930211684,0.168468280579424,9966,0.0342497514151492,0.0342531767328225
"img_0810-1","Conforme",0.9503948478968,0.118117043622154,9966,0.0433761007535883,0.0433804387974681
"img_0810-2","Conforme",0.925056722017176,0.177191093655729,9966,0.0326792890729494,0.0326825573286822
"img_0811-0","Conforme",0.92377080397662,0.178373692732573,10143,0.0326955771048877,0.0326988469895867
"img_0811-1","Conforme",0.9495685623887,0.118854397377748,10143,0.0434034141817874,0.0434077549572831
"img_0811-2","Conforme",0.927830073637121,0.168964844033081,10143,0.0343670334684612,0.0343704705155128
"img_0812-0","Conforme",0.901059021498736,0.20529111951652,12375,0.0304823970771111,0.0304854456216733
"img_0812-1","Conforme",0.938549228425867,0.128533434141418,12375,0.0431412816001658,0.0431455961597818
"img_0812-2","Conforme",0.900997573619169,0.205417355245832,12375,0.0304517093619692,0.0304547548374529
"img_0813-0","Conforme",0.921775931773466,0.177084329342421,10730,0.0335234405109677,0.0335267931902867
"img_0813-1","Conforme",0.946792996969784,0.121296407892162,10730,0.0433022816816762,0.0433066123429105
"img_0813-2","Conforme",0.915844984830968,0.190387297597989,10730,0.0312002200773244,0.0312033404113656
"img_0814-0","No conforme",0.912667644814884,0.185362446010086,11950,0.0360068352953187,0.0360104363389526
"img_0814-1","No conforme",0.940203474749397,0.12785961841768,11950,0.044905107257823,0.0449095982176447
"img_0814-2","No conforme",0.904861729808134,0.201893371022959,11950,0.0376124123105878,0.0376161739279806
"img_0815-0","No conforme",0.919744083144244,0.185681881793218,10358,0.0398398087870746,0.0398437931663913
"img_0815-1","No conforme",0.947993952995749,0.121150875355288,10358,0.0453391483565794,0.0453436827248518
"img_0815-2","No conforme",0.919576492578843,0.18607112153534,10358,0.03995302065459,0.0399570163562257
"img_0816-0","Conforme",0.927453847476735,0.176204288871974,9516,0.0321708363053353,0.0321740537107064
"img_0816-1","Conforme",0.952728910001867,0.115637794935406,9516,0.0433488268953298,0.043353162211551
"img_0816-2","Conforme",0.925022677378935,0.182062039064733,9516,0.0310920239570419,0.0310951334703889
"img_0817-0","No conforme",0.903756146635168,0.173664562077645,19942,0.204075838125809,0.204096247750584
"img_0817-1","No conforme",0.9285697218233,0.120533197535021,19887,0.134525407919968,0.134538861806149
"img_0817-2","No conforme",0.904085105195887,0.17259402035241,19903,0.202157516611226,0.202177734384665
"img_0818-0","Conforme",0.925282290182674,0.174609817656357,10168,0.0330702994708598,0.033073606831543
"img_0818-1","Conforme",0.9494834807093,0.118862847842385,10168,0.0430198586022473,0.0430241610183491
"img_0818-2","Conforme",0.926024690659467,0.172890820789932,10168,0.0333570987039421,0.0333604347474168
"img_0819-0","Conforme",0.918116043413947,0.190874492492146,10200,0.0306420086861812,0.0306450731935006
"img_0819-1","Conforme",0.949389304504394,0.118902202579325,10200,0.0436342509549741,0.0436386148164557
"img_0819-2","Conforme",0.918500406781365,0.189986194057982,10200,0.0308467301132958,0.0308498150948052
"img_0820-0","Conforme",0.929786952263327,0.177461048331796,8880,0.0307372977954682,0.0307403718326515
"img_0820-1","Conforme",0.955943346108829,0.112156688897623,8880,0.0430616950946118,0.0430660016947813
"img_0820-2","Conforme",0.929513996833352,0.178147182725963,8880,0.0306545256966917,0.0306575914558373
"img_0821-0","Conforme",0.919517258498248,0.17892423934937,11060,0.033365619300117,0.0333689561957366
"img_0821-1","Conforme",0.945040625502642,0.123028333000553,11060,0.0430131948671385,0.0430174966168002
"img_0821-2","Conforme",0.920403196913775,0.176975730293749,11060,0.0337365891355093,0.0337399631318225
"img_0822-0","Conforme",0.919788837782916,0.176045412168597,11304,0.0341827975780129,0.0341862161996329
"img_0822-1","Conforme",0.94376739193187,0.12424327704218,11304,0.043044902009333,0.043049206930026
"img_0822-2","Conforme",0.914228373089959,0.188125250541939,11304,0.0321273549414893,0.0321305679982892
"img_0823-0","No conforme",0.913628553233427,0.197671566566416,10689,0.0735998008384262,0.0736071615545817
"img_0823-1","No conforme",0.942470823723288,0.13860873574724,10689,0.11847034368719,0.11848219190638
"img_0823-2","No conforme",0.911620996560489,0.201987083528939,10689,0.070477948990163,0.070484997489912
"img_0824-0","No conforme",0.900567199132583,0.205157127115047,12551,0.0476331152691108,0.0476378790570165
"img_0824-1","No conforme",0.936216841628131,0.134792252811965,12551,0.0739732617863081,0.0739806598522933
"img_0824-2","No conforme",0.906171520978142,0.19390725042151,12551,0.0517471129270116,0.0517522881558271
"img_0825-0","No conforme",0.895596502452177,0.205239231733597,13524,0.0369727548768076,0.0369764525220598
"img_0825-1","No conforme",0.932295066833496,0.134125897553396,13524,0.0446872748645763,0.0446917440389802
"img_0825-2","No conforme",0.902212470595416,0.192267983804833,13524,0.0358716731283421,0.0358752606544075
"img_0826-0","No conforme",0.907529537066291,0.190684112754174,12607,0.0528868202416602,0.0528921094526054
"img_0826-1","No conforme",0.935940655248305,0.134986756162408,12607,0.0737570131642059,0.0737643896031662
"img_0826-2","No conforme",0.906729996643066,0.192279237421335,12607,0.0522960371989956,0.0523012673257281
"img_0827-0","Conforme",0.921746015571145,0.180883458889011,10354,0.0323465673731199,0.0323498023533553
"img_0827-1","Conforme",0.948547701900706,0.119790511287652,10354,0.043231893620162,0.0432362172418862
"img_0827-2","Conforme",0.924774971223719,0.173945584257244,10354,0.0335614940041462,0.0335648504891951
"img_0828-0","No conforme",0.902274875793457,0.201978146460539,12533,0.0505508959458328,0.050555951540987
"img_0828-1","No conforme",0.935928389605354,0.133462048046962,12533,0.0513854941973382,0.0513906332606643
"img_0828-2","No conforme",0.908747006835937,0.188449272130286,12533,0.0442104378824014,0.0442148593683383
"img_0829-0","Conforme",0.921998448486328,0.178650399513266,10519,0.0330129005245194,0.0330162021447339
"img_0829-1","Conforme",0.947697902257583,0.120637395760942,10519,0.043265054634883,0.0432693815730403
"img_0829-2","Conforme",0.918578727399041,0.186412483333463,10519,0.0316392321254118,0.0316423963650483
"img_0830-0","Conforme",0.919131638650333,0.190220836318959,10044,0.0304014618515801,0.0304045023018103
"img_0830-1","Conforme",0.950121593304802,0.118230198425372,10044,0.0433588274931564,0.0433631638095374
"img_0830-2","Conforme",0.925558356897691,0.175221484575447,10044,0.0330904688175797,0.0330937781953992
"img_0831-0","Conforme",0.920864923580394,0.176383512846173,11016,0.034104917962926,0.0341083287958055
"img_0831-1","Conforme",0.945164299083036,0.123062984987039,11016,0.0434002713978378,0.0434046118590237
"img_0831-2","Conforme",0.921663865679573,0.174621738938594,11016,0.0344073893191482,0.0344108304021885
"img_0832-0","Conforme",0.917399909362793,0.177537537845245,11704,0.0346176556364893,0.0346211177482641
"img_0832-1","Conforme",0.941966257054946,0.125596316044479,11704,0.043439315735207,0.0434436601012171
"img_0832-2","Conforme",0.913201888355928,0.186461170042051,11704,0.0330587631216795,0.0330620693286123
"img_0833-0","Conforme",0.921918093566894,0.17538454245916,10875,0.0341453539525847,0.0341487688294677
"img_0833-1","Conforme",0.945949419896743,0.122244245173696,10875,0.0434712428557498,0.0434755904147912
"img_0833-2","Conforme",0.921102099232393,0.177198935425093,10875,0.0338522968620566,0.0338556824302997
"img_0834-0","No conforme",0.90085397584803,0.19990407052549,12996,0.0389528919755362,0.0389567876543017
"img_0834-1","No conforme",0.9346695756441,0.132724422900137,12996,0.0456618413767296,0.0456664080175314
"img_0834-2","No conforme",0.896618978415096,0.20847000155461,12996,0.0410933869332209,0.0410974966828892
"img_0835-0","No conforme",0.911842675619686,0.164272721137553,19043,0.199672142129557,0.199692111340691
"img_0835-1","No conforme",0.932741356739717,0.116457696195938,19348,0.134686141011202,0.134699610972299
"img_0835-2","No conforme",0.907787175400678,0.172738208130976,19210,0.211277324206573,0.211298454051978
"img_0836-0","No conforme",0.898227093954647,0.183238216752265,20152,0.214371869675898,0.214393309006798
"img_0836-1","No conforme",0.927476703455308,0.12112315663293,20204,0.134235113662236,0.134248538516088
"img_0836-2","No conforme",0.901386783411363,0.176482325749746,20232,0.205679292100445,0.205699862086654
"img_0837-0","Conforme",0.910377798856847,0.187140730820469,12264,0.0334340452739419,0.0334373890128432
"img_0837-1","Conforme",0.938947772073185,0.128406000824844,12264,0.0432481075607069,0.0432524328039873
"img_0837-2","Conforme",0.905297130216711,0.19764722957607,12264,0.0317289014716705,0.0317320746791385
"img_0838-0","Conforme",0.923142503895479,0.180482956857108,10080,0.0322370355854167,0.0322402596113779
"img_0838-1","Conforme",0.949940121621525,0.118417844202599,10080,0.0434740256932853,0.0434783735306383
"img_0838-2","Conforme",0.925235082415412,0.175612353329894,10080,0.0331203287764636,0.0331236411405777
"img_0839-0","Conforme",0.921782453505572,0.184995467668517,9954,0.0312139114471085,0.0312170331504235
"img_0839-1","Conforme",0.950520974605785,0.117902439989972,9954,0.0433691039887482,0.0433734413328815
"img_0839-2","Conforme",0.926931510584214,0.172918109566065,9954,0.0333951703170544,0.0333985101680713
"img_0840-0","No conforme",0.905009456015194,0.181715728060854,18992,0.226309392813796,0.226332026016397
"img_0840-1","No conforme",0.93394356924618,0.115440765814573,18946,0.134837302058608,0.134850787137322
"img_0840-2","No conforme",0.91182532422234,0.165935115580092,18939,0.204226994855801,0.204247419597761
"img_0841-0","Conforme",0.903494679026884,0.198286199792112,12580,0.0317445485106478,0.0317477232829761
"img_0841-1","Conforme",0.937430960783117,0.129548207974539,12580,0.0430218182801542,0.0430261208922434
"img_0841-2","Conforme",0.903414922431497,0.198448457603906,12580,0.0317126587654077,0.0317158303484425
"img_0842-0","No conforme",0.909157756293802,0.195226662727607,11912,0.0758396003974233,0.0758471851159349
"img_0842-1","No conforme",0.936450307671042,0.142726928966232,11912,0.111203302680602,0.111214424123014
"img_0842-2","No conforme",0.906348206069049,0.20086508278454,11912,0.0722125557318002,0.0722197777095712
"img_0843-0","Conforme",0.923073517132927,0.180704973850798,10074,0.0321498855023435,0.0321531008124247
"img_0843-1","Conforme",0.949870476702522,0.11861318843254,10074,0.0433594705016071,0.0433638068822953
"img_0843-2","Conforme",0.919428168047737,0.189200650588211,10074,0.0306667313816002,0.0306697983614363
"img_0844-0","No conforme",0.918316481969497,0.191384406086171,10168,0.0497581071817228,0.0497630834900718
"img_0844-1","No conforme",0.947913478411506,0.125265699641057,10168,0.0792664462523568,0.0792743736897258
"img_0844-2","No conforme",0.925728699753705,0.174536732940582,10168,0.0571012533988933,0.0571069640953029
"img_0845-0","Conforme",0.909255821605009,0.194310292992582,11760,0.0320405137578932,0.0320437181297061
"img_0845-1","Conforme",0.941532950780532,0.126178467392556,11760,0.0436957342585834,0.0437001042690103
"img_0845-2","Conforme",0.914050790512982,0.184138973105816,11760,0.0337839717377282,0.0337873504727755
"img_0846-0","No conforme",0.923174394567153,0.182220960194942,9982,0.0538335511792902,0.0538389350727974
"img_0846-1","No conforme",0.948444072175867,0.124587300737332,9982,0.0718457036810771,0.0718528889699741
"img_0846-2","No conforme",0.92220008368997,0.184474095746318,9982,0.0531484064966522,0.0531537218688391
"img_0847-0","No conforme",0.914567144165039,0.16394552326374,18502,0.205691107494644,0.20571167866251
"img_0847-1","No conforme",0.936350148225672,0.113138210326064,18484,0.134490300390053,0.134503750765129
"img_0847-2","No conforme",0.915192751787971,0.162418687717097,18499,0.203760037383379,0.203780415424921
"img_0848-0","Conforme",0.911311304034065,0.184784333712105,12312,0.0341054872559587,0.0341088981457732
"img_0848-1","Conforme",0.938788498212029,0.128452536870625,12312,0.0434898060985337,0.0434941555140851
"img_0848-2","Conforme",0.905316097088982,0.197145702068864,12312,0.0319987910256745,0.032001991224797
"img_0849-0","No conforme",0.90787189808565,0.174144745785933,18952,0.214497765088049,0.21451921700975
"img_0849-1","No conforme",0.933340697937012,0.115962841000162,19058,0.134564488647843,0.134577946442488
"img_0849-2","No conforme",0.9109933546358,0.166721159942017,19093,0.204275264153596,0.204295693722969
"img_0850-0","Conforme",0.912324805136288,0.194610678695402,11076,0.0310290714931701,0.0310321747106412
"img_0850-1","Conforme",0.944893916446461,0.123272995061785,11076,0.0434455176563547,0.043449862642619
"img_0850-2","Conforme",0.912744050795611,0.193687085538761,11076,0.0311782198152264,0.0311813379490213
"img_0851-0","No conforme",0.921792325852338,0.192676334920178,9421,0.07389634064381,0.0739037310169117
"img_0851-1","No conforme",0.94877823615579,0.133418397027178,9421,0.124657216623412,0.124669683591771
"img_0851-2","No conforme",0.924559036075368,0.186305666270435,9421,0.0790999450559478,0.079107855841532
"img_0852-0","No conforme",0.911426481413,0.190837532784895,11680,0.0427598091307752,0.0427640855393291
"img_0852-1","No conforme",0.940700203372731,0.128641382868556,11680,0.0467037343131239,0.0467084051536393
"img_0852-2","No conforme",0.915291415423225,0.182447878085901,11680,0.0395428628940481,0.0395468175758057
"img_0853-0","Conforme",0.915475459899902,0.17918023886739,11972,0.0343766367386892,0.0343800747461638
"img_0853-1","Conforme",0.94059190672033,0.126799166908948,11972,0.0431648677949369,0.0431691847134082
"img_0853-2","Conforme",0.909400795521456,0.191922428615701,11972,0.0322730091765816,0.0322762368002617
"img_0854-0","Conforme",0.917205454047708,0.177990215802053,11700,0.0346314986353443,0.0346349621315575
"img_0854-1","Conforme",0.941851319005629,0.125872195570531,11700,0.0435503421769295,0.0435546976466942
"img_0854-2","Conforme",0.909329116300695,0.194746251570027,11700,0.0317643929178518,0.0317675696748192
"img_0855-0","Conforme",0.92325337334128,0.178071963468803,10290,0.0327533009107094,0.0327565765683663
"img_0855-1","Conforme",0.948814494593003,0.119600424181941,10290,0.0431756457596514,0.043179963756027
"img_0855-2","Conforme",0.924139371589212,0.17603570792506,10290,0.0331336010661848,0.0331369147576605
"img_0856-0","No conforme",0.912818661804199,0.190236932640122,11499,0.0562014262975116,0.0562070470022118
"img_0856-1","No conforme",0.940353474587833,0.132526104440433,11499,0.0716326592973288,0.0716398232796568
"img_0856-2","No conforme",0.914144906885484,0.187406156876992,11499,0.0566146136568503,0.0566202756844187
"img_0857-0","Conforme",0.907528160920985,0.197906972597598,11766,0.0310645744208268,0.0310676811889457
"img_0857-1","Conforme",0.941477007482192,0.126226753016085,11766,0.0431721831736545,0.0431765008237369
"img_0857-2","Conforme",0.916794046433393,0.178255822744873,11766,0.0343531097020498,0.0343565453565855
"img_0858-0","No conforme",0.920099188465792,0.184370973301213,10542,0.0692611177985276,0.0692680446029879
"img_0858-1","No conforme",0.944619046379538,0.132623846645443,10542,0.101185667349946,0.101195786928639
"img_0858-2","No conforme",0.922078324746525,0.180065362602107,10542,0.0718289405238789,0.0718361241362925
"img_0859-0","Conforme",0.926875567285874,0.169174392815411,10350,0.0343559734200371,0.0343594093609732
"img_0859-1","Conforme",0.948571036538517,0.11975766629645,10350,0.0431271112009212,0.0431314243433556
"img_0859-2","Conforme",0.926317450615378,0.170451814110164,10350,0.0341300065910626,0.034133419933056
"img_0860-0","Conforme",0.908359233021456,0.191126308730367,12284,0.0328351428350675,0.0328384266777353
"img_0860-1","Conforme",0.939141449567009,0.127888671385865,12284,0.0433316031328851,0.0433359367265577
"img_0860-2","Conforme",0.908124271168428,0.191609689684989,12284,0.0326953175448912,0.0326985874036316
"img_0861-0","Conforme",0.922248069278493,0.17639360271476,10692,0.0336393548276905,0.0336427190996005
"img_0861-1","Conforme",0.946955980440027,0.121182809211435,10692,0.0433716195609596,0.0433759571566752
"img_0861-2","Conforme",0.917422585844152,0.187239126760271,10692,0.0317840831117574,0.0317872618379412
"img_0862-0","Conforme",0.923985721974092,0.179941968202561,9943,0.0321529470673348,0.0321561626836032
"img_0862-1","Conforme",0.95054760002585,0.117918658422704,9943,0.0434509650841886,0.0434553106152501
"img_0862-2","Conforme",0.92763244720459,0.17138603995922,9943,0.0337000871476165,0.0337034574933658
"img_0863-0","Conforme",0.908996448130888,0.197952890307948,11454,0.0309538535421232,0.0309569492370469
"img_0863-1","Conforme",0.943093260228774,0.124770362086236,11454,0.0434910896999815,0.0434954392439059
"img_0863-2","Conforme",0.914728990819594,0.185588190155336,11454,0.0330583272646804,0.0330616334280232
"img_0864-0","Conforme",0.925919325794893,0.174996741696086,9983,0.0330806057716334,0.0330839141630497
"img_0864-1","Conforme",0.950532881254308,0.117688905159355,9983,0.043523119341723,0.0435274720889319
"img_0864-2","Conforme",0.928298740862678,0.16943189905998,9983,0.0341518632136548,0.0341552787415289
"img_0865-0","Conforme",0.925637395504222,0.171822911457918,10370,0.0341472039145054,0.0341506189764031
"img_0865-1","Conforme",0.948614594529096,0.119545591533054,10370,0.0434654496987128,0.0434697966783807
"img_0865-2","Conforme",0.919911673709645,0.184926078209201,10370,0.0318548613379908,0.0318580471427051
"img_0866-0","Conforme",0.915717721306296,0.184387206045141,11356,0.032884013005062,0.0328873017352355
"img_0866-1","Conforme",0.943573235778808,0.124340428035208,11356,0.0431890320903659,0.0431933514255084
"img_0866-2","Conforme",0.917679326692469,0.180139363274761,11356,0.0336578939560669,0.0336612600820751
"img_0867-0","No conforme",0.918464327841366,0.186448158626885,10696,0.0682566557267704,0.0682634820749779
"img_0867-1","No conforme",0.943978181493422,0.133005830340802,10696,0.100747049575565,0.100757125288094
"img_0867-2","No conforme",0.913671094073127,0.196860361317601,10696,0.0621756668633309,0.0621818850518361
"img_0868-0","Conforme",0.920966698500689,0.186584488420128,9984,0.0309894205258368,0.0309925197778146
"img_0868-1","Conforme",0.950388505661908,0.118013663923362,9984,0.0434240327996751,0.0434283756372388
"img_0868-2","Conforme",0.928654205178653,0.168588985808787,9984,0.0342443745683942,0.0342477993483291
"img_0869-0","Conforme",0.919165025132123,0.18170645556086,10854,0.0328432905784086,0.0328465752359322
"img_0869-1","Conforme",0.946142319569307,0.121939799612464,10854,0.0432625257974522,0.0432668524827004
"img_0869-2","Conforme",0.916245143953211,0.188211464926804,10854,0.0317275298488733,0.0317307029191652
"img_0870-0","No conforme",0.902542506139419,0.208044056363721,11993,0.0726123235523795,0.0726195855109306
"img_0870-1","No conforme",0.934766683636834,0.14303371563053,11993,0.0910897519090105,0.09109886179519
"img_0870-2","No conforme",0.902095917071174,0.20897613046069,11993,0.0725962686668975,0.0726035290197995
"img_0871-0","Conforme",0.915787605554917,0.182650936811942,11523,0.0335537306488526,0.0335570863574883
"img_0871-1","Conforme",0.942757241444307,0.125050788195347,11523,0.043435400689848,0.0434397446643144
"img_0871-2","Conforme",0.917572466017779,0.178819923914544,11523,0.0342017574194683,0.034205177937262
"img_0872-0","Conforme",0.921599306514964,0.18297515057499,10184,0.0317098907462633,0.0317130620524685
"img_0872-1","Conforme",0.949338147798426,0.119100649168793,10184,0.0431774202359377,0.0431817384097787
"img_0872-2","Conforme",0.924933586928424,0.175260427106378,10184,0.0330933363794306,0.033096646044035
"img_0873-0","Conforme",0.925694894445083,0.177405652278247,9800,0.0322479387427488,0.0322511638591347
"img_0873-1","Conforme",0.951137009043974,0.11748020358194,9800,0.0431074516951679,0.0431117628714551
"img_0873-2","Conforme",0.921890151833927,0.186416539733222,9800,0.0306036916458061,0.0306067523210382
"img_0874-0","Conforme",0.914646122939166,0.192936597087124,10744,0.0310112009152694,0.031014302345504
"img_0874-1","Conforme",0.946727959145939,0.121371165770061,10744,0.043648609938509,0.0436529752360326
"img_0874-2","Conforme",0.916614549219468,0.188522343533281,10744,0.0317937930911962,0.031796972788475
"img_0875-0","No conforme",0.91487743501551,0.184697252734612,11556,0.0442640417485623,0.0442684685954219
"img_0875-1","No conforme",0.94139808854047,0.128607181544438,11556,0.0559840841649055,0.0559896831332188
"img_0875-2","No conforme",0.913224505004883,0.188239327307398,11556,0.0439586219419622,0.0439630182437865
"img_0876-0","No conforme",0.921635026460535,0.182561043577968,10475,0.0840977051870781,0.084106115798658
"img_0876-1","No conforme",0.943521361083984,0.137762215502733,10475,0.119187056620121,0.119198976517773
"img_0876-2","No conforme",0.920375853504854,0.185254827351164,10475,0.0820808875892412,0.0820890964988911
"img_0877-0","Conforme",0.925521440304027,0.175646122215262,10010,0.0327541438930423,0.0327574196350058
"img_0877-1","Conforme",0.950282003981646,0.118070282538304,10010,0.0431100866386973,0.0431143980785051
"img_0877-2","Conforme",0.920390093617159,0.187646314519898,10010,0.0306103877188995,0.0306134490638059
"img_0878-0","No conforme",0.905716675038057,0.17164868280523,19732,0.203691364109312,0.20371173528284
"img_0878-1","No conforme",0.930086353616153,0.119189346219084,19646,0.134765074355515,0.134778552210736
"img_0878-2","No conforme",0.901861673207003,0.180114491360429,19660,0.214973486752596,0.214994986251222
"img_0879-0","No conforme",0.9184712085679,0.157851124226034,18284,0.200923019303794,0.200943113615155
"img_0879-1","No conforme",0.937978905944824,0.111291605337533,18249,0.134330601200241,0.134344035603801
"img_0879-2","No conforme",0.915855874328613,0.164502332994803,18281,0.210483944952545,0.21050499545209
"img_0880-0","Conforme",0.931418222943474,0.166264694089211,9555,0.0338575860644449,0.0338609721616611
"img_0880-1","Conforme",0.952623784466912,0.115612125614815,9555,0.0431364490107778,0.0431407630870865
"img_0880-2","Conforme",0.928582286628274,0.173073919108002,9555,0.0325979539193151,0.0326012140407191
"img_0881-0","Conforme",0.936553757898667,0.159832662301217,8946,0.0345078716658275,0.0345113227981074
"img_0881-1","Conforme",0.955459720782112,0.112918181747463,8946,0.0434255574200919,0.0434299004101329
"img_0881-2","Conforme",0.931077417566636,0.173497801109077,8946,0.0319001253683933,0.0319033156999633
"img_0882-0","No conforme",0.911268224702723,0.182831026550564,12550,0.0368790871736469,0.036882775451192
"img_0882-1","No conforme",0.936853518245921,0.131084375315784,12550,0.0457639177373255,0.0457684945867841
"img_0882-2","No conforme",0.903688536017923,0.198479767081912,12550,0.0403742590160031,0.0403782968456877
"img_0883-0","No conforme",0.891638229890711,0.202210975966471,14740,0.0470505292154789,0.0470552347389528
"img_0883-1","No conforme",0.92395604510139,0.142842668304019,14740,0.0484623707874401,0.048467217509191
"img_0883-2","No conforme",0.890086237146714,0.205191117193342,14740,0.0492550515792444,0.0492599775770021
"img_0884-0","Conforme",0.919418834192612,0.175746093821005,11424,0.0343459988191573,0.0343494337625336
"img_0884-1","Conforme",0.943162067494112,0.124786113409712,11424,0.0430479652728767,0.0430522704999267
"img_0884-2","Conforme",0.908383943804573,0.199578398356523,11424,0.030318377888337,0.03032141002934
"img_0885-0","Conforme",0.909188689647001,0.192732980572102,11935,0.0323374996688617,0.032340733742236
"img_0885-1","Conforme",0.940601180743049,0.127029421906381,11935,0.0434655762148243,0.043469923207145
"img_0885-2","Conforme",0.913729430667653,0.183188070925747,11935,0.0339158259789956,0.0339192179007857
"img_0886-0","Conforme",0.933600609902774,0.168550187321232,8820,0.0326294282540645,0.0326326915232168
"img_0886-1","Conforme",0.956112193154728,0.112172791053286,8820,0.0433688496335992,0.0433731869522945
"img_0886-2","Conforme",0.933472867718865,0.168871926781733,8820,0.0325763895167269,0.0325796474814751
"img_0887-0","No conforme",0.917828249547622,0.179882786929428,11453,0.0560956368678184,0.0561012469925177
"img_0887-1","No conforme",0.941634366706399,0.130557991710425,11453,0.0761727690420915,0.0761803870807996
"img_0887-2","No conforme",0.916637704360064,0.182395497652146,11453,0.0551068520896721,0.0551123633260047
"img_0888-0","No conforme",0.913743670779957,0.165617869307908,18651,0.208386892497803,0.20840773327113
"img_0888-1","No conforme",0.93630952202292,0.112987721026825,18614,0.134459217299123,0.13447266456558
"img_0888-2","No conforme",0.912393133742389,0.168882394956424,18578,0.21289782780204,0.212919119714011
"img_0889-0","Conforme",0.923767094367532,0.171969602636217,10800,0.0345760623916721,0.0345795203437065
"img_0889-1","Conforme",0.946336834716797,0.121864376462645,10800,0.0433822366254002,0.0433865752829285
"img_0889-2","Conforme",0.917018776945226,0.187037676591822,10800,0.031924881346397,0.0319280741538124
"img_0890-0","No conforme",0.904473058507583,0.205463816805197,11835,0.0704074150522292,0.070414456497879
"img_0890-1","No conforme",0.936744264275046,0.14291181267464,11835,0.113473505220154,0.113484853705524
"img_0890-2","No conforme",0.909238230878044,0.195856545683534,11835,0.0767322284778201,0.0767399024680669
"img_0891-0","No conforme",0.89937091003418,0.213361992187418,12168,0.0803299174879095,0.0803379512830378
"img_0891-1","No conforme",0.93095488080193,0.151989480753383,12168,0.110142641911396,0.110153657277124
"img_0891-2","No conforme",0.902013348352769,0.208085147519037,12168,0.0828280966418531,0.0828363802798811
"img_0892-0","Conforme",0.920428924847771,0.183731152009282,10370,0.0316823725786173,0.0316855411327306
"img_0892-1","Conforme",0.948418703236299,0.119962121331445,10370,0.0429290445860006,0.0429333379197925
"img_0892-2","Conforme",0.923916316384708,0.175747465597105,10370,0.0330583079173893,0.0330616140787972
"img_0893-0","Conforme",0.915063453961541,0.18781719635177,11152,0.032216634432082,0.0322198564177238
"img_0893-1","Conforme",0.944709512975356,0.123186351184113,11152,0.0434026703099082,0.0434070110110093
"img_0893-2","Conforme",0.914165549065085,0.189785098569734,11152,0.0318670113000838,0.0318701983199158
"img_0894-0","No conforme",0.918736385785271,0.186298990352266,10650,0.068262912107141,0.0682697390810491
"img_0894-1","No conforme",0.944101855073816,0.133026409583909,10650,0.100778924704935,0.100789003605296
"img_0894-2","No conforme",0.91589063695571,0.192487068336192,10650,0.0646281533842226,0.0646346168459072
"img_0895-0","Conforme",0.894035774177102,0.207377598147939,13600,0.0315356118566851,0.0315387657332585
"img_0895-1","Conforme",0.932408449240292,0.133365527754728,13600,0.0434048189246617,0.0434091598406458
"img_0895-2","Conforme",0.896570095340504,0.202462857295736,13600,0.0323188610001223,0.0323220932094433
"img_0896-0","No conforme",0.918755173160329,0.175807958867064,11580,0.0359341940394948,0.0359377878182767
"img_0896-1","No conforme",0.942128702033548,0.126133275566192,11580,0.0450429732514955,0.0450474779992954
"img_0896-2","No conforme",0.911534478903378,0.191392660595264,11580,0.0374448768795035,0.0374486217416777
"img_0897-0","No conforme",0.895533259600471,0.188365426151115,20184,0.22002518295847,0.220047187677237
"img_0897-1","No conforme",0.927379834792193,0.12121701869139,20211,0.133680152855154,0.133693522207375
"img_0897-2","No conforme",0.90224848970301,0.173852177294697,20237,0.201458575280721,0.201478723153036
"img_0898-0","No conforme",0.913411361604578,0.187667384250443,11713,0.0687819997990603,0.0687888786869289
"img_0898-1","No conforme",0.938886084863999,0.137094402289537,11713,0.0971941989488235,0.0972039193407575
"img_0898-2","No conforme",0.908652172474581,0.197437911236049,11713,0.0635237551742791,0.0635301081850977
"img_0899-0","Conforme",0.90250552971335,0.197453330555962,12880,0.0325230039782485,0.0325262566039089
"img_0899-1","Conforme",0.93599576089298,0.130642496556556,12880,0.0435088579612294,0.0435132092821576
"img_0899-2","Conforme",0.89836105870864,0.205770206198451,12880,0.0311562477363216,0.0311593636726889
"img_0900-0","No conforme",0.91043248567469,0.191123508076403,12102,0.0801314549279374,0.0801394688748248
"img_0900-1","No conforme",0.935484552827723,0.143728263208844,12102,0.112498242545481,0.11250949349483
"img_0900-2","No conforme",0.908743835718491,0.194451392462316,12102,0.0779531841434294,0.0779609802414536
"img_0901-0","Conforme",0.91740451645795,0.178351603246615,11613,0.0343117488110646,0.0343151803290975
"img_0901-1","Conforme",0.942454788638844,0.125125733387915,11613,0.0433805896153462,0.043384928108157
"img_0901-2","Conforme",0.915630007001091,0.182141279223323,11613,0.0336510462828523,0.0336544117240247
"img_0902-0","No conforme",0.907699580760283,0.191498910636648,12400,0.0358732427030523,0.0358768303860909
"img_0902-1","No conforme",0.937895080745921,0.129809626348347,12400,0.0445508729247384,0.0445553284575842
"img_0902-2","No conforme",0.910641121269675,0.185422856104875,12400,0.0356610150435438,0.035664581501694
"img_0903-0","No conforme",0.920652279214298,0.184543614995373,10317,0.0530332314627366,0.0530385353162683
"img_0903-1","No conforme",0.947351053807876,0.12556494888051,10317,0.0791729777987228,0.0791808958883116
"img_0903-2","No conforme",0.916998374095243,0.192795676438799,10317,0.0494821653245245,0.0494871140359281
"img_0904-0","Conforme",0.924704488651051,0.174107804235607,10354,0.033560932777358,0.0335642892062787
"img_0904-1","Conforme",0.948454243684656,0.120000434320906,10354,0.0431684690891008,0.0431727863677376
"img_0904-2","Conforme",0.919951881085564,0.184996278583645,10354,0.0316559832605639,0.0316591491754814
"img_0905-0","No conforme",0.898536008659812,0.212547053975863,12330,0.0667696931827297,0.0667763708198117
"img_0905-1","No conforme",0.934341753899069,0.144547468415297,12330,0.11170825194863,0.111719423891019
"img_0905-2","No conforme",0.899282956399357,0.211066061075946,12330,0.0677052377413638,0.067712008942258
"img_0906-0","No conforme",0.904214103860294,0.198016913707938,12614,0.064351956112613,0.0643583919518082
"img_0906-1","No conforme",0.934395244068819,0.140435903518848,12614,0.0945244322080951,0.0945338855966547
"img_0906-2","No conforme",0.904180956708123,0.198081947712605,12614,0.0643172701034124,0.0643237024736597
"img_0907-0","Conforme",0.908857337790096,0.192798854847137,12000,0.03237309171503,0.0323763293479648
"img_0907-1","Conforme",0.940431974702723,0.126978485659262,12000,0.0434731710436986,0.0434775187955782
"img_0907-2","Conforme",0.908847944102568,0.192818309734875,12000,0.0323621851531451,0.0323654216953146
"img_0908-0","Conforme",0.913580388147691,0.188701858094268,11388,0.0321195485765999,0.0321227608526852
"img_0908-1","Conforme",0.943522737229291,0.124241354468492,11388,0.0431123578951284,0.0431166695620846
"img_0908-2","Conforme",0.913167903550092,0.18959437525723,11388,0.0319601672203081,0.0319633635566637
"img_0909-0","Conforme",0.920146156903435,0.177965296800919,11016,0.0337220880627803,0.0337254606088412
"img_0909-1","Conforme",0.945205344112621,0.122964747396593,11016,0.0432671407046612,0.0432714678514463
"img_0909-2","Conforme",0.91638975887523,0.186254787709389,11016,0.032271021515341,0.032274248940235
"img_0910-0","No conforme",0.916187884341969,0.189169003925887,11010,0.0801559578710073,0.0801639742684342
"img_0910-1","No conforme",0.940798867007985,0.139964350489857,11010,0.116788856518924,0.116800536572581
"img_0910-2","No conforme",0.914464471758674,0.19277160374994,11010,0.0776003953129983,0.0776081561286111
"img_0911-0","No conforme",0.918473183037253,0.192786782921311,10061,0.0629065224534258,0.0629128137347993
"img_0911-1","No conforme",0.947054344913258,0.130426069676381,10061,0.102486824246648,0.102497073954044
"img_0911-2","No conforme",0.922135045866125,0.184536319097512,10061,0.0679448705970495,0.0679516657636259
"img_0912-0","No conforme",0.928260208794089,0.172967323892761,9835,0.0752828180618887,0.0752903470965984
"img_0912-1","No conforme",0.948214016580021,0.129445449022115,9835,0.104097332787764,0.10410774356212
"img_0912-2","No conforme",0.921287998513614,0.188785149000248,9835,0.065278496681373,0.0652850251838914
"img_0913-0","Conforme",0.908025009209128,0.195949597977063,11856,0.0313312486704493,0.0313343821086602
"img_0913-1","Conforme",0.941209975460277,0.126217808144162,11856,0.04303802635705,0.0430423305901091
"img_0913-2","Conforme",0.916295044178682,0.178494911573464,11856,0.034276217244973,0.034279645209494
"img_0914-0","Conforme",0.917102901306152,0.183321474834218,11154,0.0327501036058191,0.0327533789437135
"img_0914-1","Conforme",0.944492560676126,0.123625643138933,11154,0.0430346558898028,0.0430389597857814
"img_0914-2","Conforme",0.916182080598719,0.185340124811035,11154,0.0324450455690679,0.0324482903981078
"img_0915-0","No conforme",0.906085063153435,0.197206525285544,12295,0.0643924750151313,0.064398914906622
"img_0915-1","No conforme",0.936025377933278,0.139206501300321,12295,0.0954944915819668,0.0955040419861654
"img_0915-2","No conforme",0.908891202931124,0.191616166577689,12295,0.0673165010252376,0.0673232333485725
"img_0916-0","Conforme",0.92506773117963,0.170391185633781,10656,0.0344139660559575,0.0344174077967372
"img_0916-1","Conforme",0.947023052565631,0.121246987536346,10656,0.0430228385878285,0.0430271413019587
"img_0916-2","Conforme",0.916613292738971,0.18942708745412,10656,0.0310902779170917,0.0310933872558173
"img_0917-0","Conforme",0.909818186376235,0.192150643141257,11858,0.0322417889279727,0.0322450134293156
"img_0917-1","Conforme",0.941094020260081,0.12646783924423,11858,0.0433362061966779,0.0433405402507029
"img_0917-2","Conforme",0.910340283939137,0.191048164972714,11858,0.032421481986499,0.0324247244589449
"img_0918-0","No conforme",0.9042489861522,0.174317264204494,19799,0.20695720869348,0.206977906484129
"img_0918-1","No conforme",0.929868264501235,0.119109514242745,19572,0.134200644115258,0.13421406552181
"img_0918-2","No conforme",0.900936424901626,0.182133436263634,19642,0.217317677721269,0.217339411662435
"img_0919-0","Conforme",0.918345321188534,0.185626411347244,10647,0.0321166975115744,0.0321199095025246
"img_0919-1","Conforme",0.947099817540786,0.121161208418915,10647,0.0435028633010496,0.0435072140224518
"img_0919-2","Conforme",0.916302343732048,0.19023203207283,10647,0.0313020470902263,0.0313051776079871
"img_0920-0","No conforme",0.906838353127872,0.190003714574059,12800,0.0463589663064103,0.046363602666677
"img_0920-1","No conforme",0.933851547007841,0.135783511653084,12800,0.048732364805331,0.0487372385291839
"img_0920-2","No conforme",0.903325712316176,0.197392310663755,12800,0.0524647997029539,0.0524700467076247
"img_0921-0","Conforme",0.90891100745706,0.187434900552111,12561,0.0335177523093596,0.0335211044198016
"img_0921-1","Conforme",0.937704813699161,0.129111975894976,12561,0.0430783462252274,0.0430826544906764
"img_0921-2","Conforme",0.902140133218204,0.201230335056022,12561,0.0312528019552252,0.03125592754798
"img_0922-0","Conforme",0.911511682757209,0.192039060021527,11502,0.0317553207773529,0.0317584966270156
"img_0922-1","Conforme",0.94288695809757,0.12489186930537,11502,0.0432080127553333,0.0432123339887321
"img_0922-2","Conforme",0.914861459763471,0.184835533838728,11502,0.0330183068700431,0.0330216090309462
"img_0923-0","Conforme",0.920031817178165,0.179748791012448,10857,0.0332386517059539,0.0332419759035443
"img_0923-1","Conforme",0.946123113367417,0.121968460467794,10857,0.0433548540173343,0.043359189936328
"img_0923-2","Conforme",0.921700722440832,0.176033391548849,10857,0.0338432726843035,0.0338466573500385
"img_0924-0","No conforme",0.90917229556813,0.19513161039445,11728,0.0415963849002138,0.0416005449547093
"img_0924-1","No conforme",0.940886401815975,0.127891708424524,11728,0.045953274016994,0.0459578698039744
"img_0924-2","No conforme",0.911396565210679,0.190327050094664,11728,0.0400293235931489,0.0400333269258415
"img_0925-0","Conforme",0.913360803222656,0.189804876739568,11325,0.0319618933852866,0.031965089894276
"img_0925-1","Conforme",0.943769127071605,0.124116029624409,11325,0.0432199728884157,0.0432242953179475
"img_0925-2","Conforme",0.910978755529067,0.194978799115599,11325,0.0310549681179167,0.0310580739253093
"img_0926-0","Conforme",0.916666124752269,0.185203582839335,11060,0.0323501826732441,0.0323534180150456
"img_0926-1","Conforme",0.945236636460248,0.122608156124568,11060,0.0431871039073103,0.0431914230496153
"img_0926-2","Conforme",0.919267577873679,0.179476266189151,11060,0.0333502554122147,0.0333535907712918
"img_0927-0","Conforme",0.918706050756118,0.185445678148572,10585,0.0320093999235326,0.032012601183651
"img_0927-1","Conforme",0.947370260009766,0.120954252240447,10585,0.0434352755041936,0.0434396194661402
"img_0927-2","Conforme",0.914832141885196,0.194212788753336,10585,0.0304999842844241,0.0305030345878829
"img_0928-0","No conforme",0.917656590378705,0.186440906873359,10975,0.0822681678985887,0.0822763955381425
"img_0928-1","No conforme",0.940903394218893,0.139997096665968,10975,0.117082908570979,0.117094618032782
"img_0928-2","No conforme",0.910975943406049,0.200469129804188,10975,0.0723308498570122,0.0723380836653787
"img_0929-0","No conforme",0.917046958007812,0.179803474714914,11645,0.0561673537846372,0.0561729710817454
"img_0929-1","No conforme",0.940705827618767,0.131270983161945,11645,0.0756253092058419,0.0756328724930912
"img_0929-2","No conforme",0.915426935819738,0.183187461130884,11645,0.0548422490902872,0.0548477338636736
"img_0930-0","Conforme",0.913925920284496,0.190958404354012,11088,0.0315256195111914,0.0315287723884303
"img_0930-1","Conforme",0.944881471306296,0.123213984305044,11088,0.0432929053251721,0.0432972350486769
"img_0930-2","Conforme",0.912217764964384,0.194718604906736,11088,0.0309178362731398,0.0309209283659764
"img_0931-0","No conforme",0.899490515011058,0.192806237784758,14078,0.0386968065286249,0.0387006765962845
"img_0931-1","No conforme",0.928594133444393,0.138031159661309,14078,0.04664333271783,0.0466479975175818
"img_0931-2","No conforme",0.896569736346076,0.198446335535495,14078,0.040549324562106,0.040553379900096
"img_0932-0","Conforme",0.916991014709473,0.190927619657811,10434,0.0308698394292705,0.0308729267219426
"img_0932-1","Conforme",0.948211084792193,0.120046362188966,10434,0.0435130619199199,0.043517413661286
"img_0932-2","Conforme",0.920125754053452,0.183774282550339,10434,0.0321480516283689,0.0321512667550444
"img_0933-0","Conforme",0.916515526589786,0.179628617324929,11680,0.0340065400570771,0.0340099410511822
"img_0933-1","Conforme",0.941908638449276,0.125850087655403,11680,0.0431206576026678,0.0431249700996778
"img_0933-2","Conforme",0.91368569317986,0.185654748152203,11680,0.0330224709674915,0.033025773544846
"img_0934-0","Conforme",0.93568870099236,0.165862319185022,8580,0.0326876374675731,0.0326909065582289
"img_0934-1","Conforme",0.957305131638471,0.110859578738922,8580,0.0433296846847894,0.0433340180865981
"img_0934-2","Conforme",0.931569479262408,0.176403206278965,8580,0.0306940606402374,0.0306971303532727
"img_0935-0","No conforme",0.892541639368394,0.191932795194856,20387,0.221740343892429,0.221762520144444
"img_0935-1","No conforme",0.925716613607968,0.122632003316031,20525,0.134015438737981,0.134028841622143
"img_0935-2","No conforme",0.899766880888097,0.176122900209753,20517,0.201844282933307,0.201864469380245
"img_0936-0","Conforme",0.905487098101448,0.200580316666728,11929,0.0309805617855641,0.0309836601515793
"img_0936-1","Conforme",0.940813406282313,0.126620259652804,11929,0.0434392741987536,0.0434436185606096
"img_0936-2","Conforme",0.910521336795582,0.189986442786964,11929,0.0327374634425298,0.0327407375162815
"img_0937-0","Conforme",0.909104924280503,0.192275639857795,12000,0.0323205862600941,0.0323238186419583
"img_0937-1","Conforme",0.940344260397518,0.127145719881536,12000,0.0432161713107321,0.0432204933600681
"img_0937-2","Conforme",0.911459030241125,0.187341668887265,12000,0.0331074194934548,0.0331107305665114
"img_0938-0","Conforme",0.930866807502298,0.167377820081351,9577,0.0340410187950001,0.0340444232373238
"img_0938-1","Conforme",0.952380326412425,0.116068280514583,9577,0.0435642744886664,0.0435686313518016
"img_0938-2","Conforme",0.926241343796674,0.178471950842232,9577,0.0320027325606692,0.0320059331539847
"img_0939-0","Conforme",0.914799413559857,0.180606084117883,11972,0.0343948350466947,0.0343982748741821
"img_0939-1","Conforme",0.940564682976218,0.126875411683643,11972,0.0434738635575973,0.0434782113787352
"img_0939-2","Conforme",0.90802877865062,0.19480911832794,11972,0.0320061849068427,0.0320093858454272
"img_0940-0","No conforme",0.903081895267262,0.206357132929019,12033,0.0701554275355603,0.0701624437799383
"img_0940-1","No conforme",0.935822007589901,0.143497506193861,12033,0.112764113378634,0.112775390917726
"img_0940-2","No conforme",0.911689564496209,0.189240972311884,12033,0.081321657760087,0.0813297907391609
"img_0941-0","Conforme",0.927647943797392,0.17067677538447,10010,0.0336083053196935,0.0336116664863421
"img_0941-1","Conforme",0.950318681245692,0.117983250319264,10010,0.0430826039368052,0.043086912628068
"img_0941-2","Conforme",0.928014177946203,0.169821638147744,10010,0.0337687092722084,0.0337720864808565
"img_0942-0","Conforme",0.930317665692498,0.173694777805622,9100,0.0320205869570297,0.0320237893359633
"img_0942-1","Conforme",0.95481155634263,0.113439384904184,9100,0.0433011623958893,0.0433054929451838
"img_0942-2","Conforme",0.932497779020422,0.168304991559491,9100,0.0329984137161233,0.033001713887512
"img_0943-0","Conforme",0.915582440239401,0.189591801182393,10863,0.0313553725247343,0.0313585083755719
"img_0943-1","Conforme",0.946141182753619,0.121876270547305,10863,0.0431294942583937,0.0431338076391576
"img_0943-2","Conforme",0.923351259155273,0.172300953301002,10863,0.0343450245566784,0.0343484594026187
"img_0944-0","No conforme",0.893895586853027,0.182817780533392,20854,0.203780882802692,0.203801262928985
"img_0944-1","No conforme",0.922932192993164,0.124932745065489,20958,0.13310290379863,0.133116215420172
"img_0944-2","No conforme",0.888925189334645,0.19257427260082,21002,0.216188041478249,0.216209662444494
"img_0945-0","Conforme",0.930460425809972,0.175935780623472,8866,0.0312895555271979,0.0312926847956775
"img_0945-1","Conforme",0.95593227711397,0.112298595915615,8866,0.0433618849643586,0.0433662215865173
"img_0945-2","Conforme",0.936106570506376,0.161767231880991,8866,0.0339617970399652,0.0339651935593212
"img_0946-0","Conforme",0.923936420072668,0.184076745004409,9570,0.0307054401197787,0.0307085109708758
"img_0946-1","Conforme",0.952491435187845,0.115830045254784,9570,0.0431961132705648,0.0432004333138962
"img_0946-2","Conforme",0.930071395514993,0.16934787804055,9570,0.0334009047718313,0.033404245196351
"img_0947-0","No conforme",0.91933333368638,0.178722634228788,11134,0.0364407034557999,0.036444347890589
"img_0947-1","No conforme",0.944125847868078,0.12467831725743,11134,0.045061176603945,0.0450656831722622
"img_0947-2","No conforme",0.919666420683019,0.177986306183418,11134,0.0363640373348457,0.036367674102256
"img_0948-0","No conforme",0.922923936121324,0.177422045325764,10630,0.0733548428904028,0.0733621791083136
"img_0948-1","No conforme",0.944254248208439,0.132821790916879,10630,0.100790486156285,0.100800566212907
"img_0948-2","No conforme",0.91303627225988,0.198925714639688,10630,0.0607151265834499,0.0607211987033202
"img_0949-0","No conforme",0.9150100834566,0.187479562609203,11279,0.0529538830708607,0.0529591789887595
"img_0949-1","No conforme",0.942567213727166,0.129707331995015,11279,0.0766694630841867,0.0766771307972664
"img_0949-2","No conforme",0.909887053473977,0.198450034320138,11279,0.0485724846475604,0.0485773423817986
"img_0950-0","Conforme",0.922212708327349,0.180270866921024,10309,0.0323807368458853,0.0323839752434097
"img_0950-1","Conforme",0.948798399676155,0.119512637254223,10309,0.0431971035838949,0.0432014237262676
"img_0950-2","Conforme",0.92552431225945,0.17266614058148,10309,0.0337055781160842,0.0337089490109853
"img_0951-0","No conforme",0.90741118856991,0.173495130210024,19090,0.211736683670167,0.211757859456113
"img_0951-1","No conforme",0.932820694508272,0.11637400376283,19197,0.134350650707379,0.13436408711609
"img_0951-2","No conforme",0.902007783939137,0.185404637210794,19269,0.228082905315569,0.228105715887158
"img_0952-0","No conforme",0.924489391156365,0.182849849541923,9584,0.0399941987134845,0.0399981985333378
"img_0952-1","No conforme",0.951752325493308,0.117608619216107,9584,0.0451275085917254,0.0451320217939048
"img_0952-2","No conforme",0.932868141605153,0.162554641205433,9584,0.0361993936118229,0.0362030139132142
"img_0953-0","Conforme",0.908495351742015,0.192687091079713,12090,0.0324150998515169,0.0324183416856854
"img_0953-1","Conforme",0.939998548763499,0.127317682793336,12090,0.0433931670199282,0.0433975067706052
"img_0953-2","Conforme",0.906221361371209,0.197431697760144,12090,0.0315993591574264,0.0316025194093673
"img_0954-0","No conforme",0.919478546932445,0.191189756300782,9998,0.0640590856954968,0.0640654922447212
"img_0954-1","No conforme",0.947387013083065,0.13017616278111,9998,0.103284625568043,0.10329495506355
"img_0954-2","No conforme",0.92511954604205,0.178475394621252,9998,0.0719314026249293,0.0719385964845778
"img_0955-0","No conforme",0.905675091516831,0.1898808075067,13090,0.0491517315192957,0.0491566471840141
"img_0955-1","No conforme",0.931782662120146,0.138498687708589,13090,0.0544079431546892,0.0544133844931385
"img_0955-2","No conforme",0.900245001633588,0.201115877697775,13090,0.0573660057793789,0.0573717429536743
"img_0956-0","No conforme",0.910887391447179,0.172128016973425,18652,0.217207545699718,0.217229268626581
"img_0956-1","No conforme",0.936189797381233,0.113107703634989,18572,0.133985399660127,0.133998799540081
"img_0956-2","No conforme",0.908426544476677,0.178371644378078,18479,0.225975615210216,0.225998215031719
"img_0957-0","Conforme",0.917611357080796,0.188496711689761,10530,0.0313911913139625,0.0313943307470372
"img_0957-1","Conforme",0.947722014716653,0.120520696027909,10530,0.0434392253857019,0.0434435697426762
"img_0957-2","Conforme",0.922632791640338,0.177107428700065,10530,0.0334411741190458,0.0334445185709029
"img_0958-0","No conforme",0.910596905122645,0.185196153089445,12444,0.037834395043316,0.0378381788612021
"img_0958-1","No conforme",0.937203777142693,0.131045390631832,12444,0.0460087448102401,0.0460133461448546
"img_0958-2","No conforme",0.906911228996726,0.192859330613534,12444,0.0399043012575344,0.0399082920867431
"img_0959-0","No conforme",0.903309019075281,0.205247603869677,12037,0.0599080700308642,0.0599140614370079
"img_0959-1","No conforme",0.937123601720473,0.138600870697753,12037,0.0960550108632555,0.096064617324988
"img_0959-2","No conforme",0.905195115966797,0.20141442502239,12037,0.0619113561995738,0.0619175479543692
"img_0960-0","Conforme",0.914957251443302,0.184082289815675,11560,0.0333526769585767,0.0333560125598327
"img_0960-1","Conforme",0.942556025067498,0.1252473873915,11560,0.0434367165802144,0.043441060686283
"img_0960-2","Conforme",0.907094316154929,0.200947423950211,11560,0.0304825276524106,0.0304855762100316
"img_0961-0","Conforme",0.930047821547564,0.168449924516155,9664,0.0334853317332282,0.0334886806012884
"img_0961-1","Conforme",0.951976697010713,0.116404601791701,9664,0.0429412102118966,0.0429455047623729
"img_0961-2","Conforme",0.923019368806727,0.18522727266375,9664,0.0304328123523979,0.0304358559379917
"img_0962-0","No conforme",0.915872268407485,0.196922176792285,10200,0.0551293704505239,0.0551348839389177
"img_0962-1","No conforme",0.94648318477855,0.128228084173707,10200,0.0786413794192752,0.0786492443437096
"img_0962-2","No conforme",0.922100043909409,0.18274471745011,10200,0.0598746222745089,0.0598806103355425
"img_0963-0","Conforme",0.926262584300322,0.171739955740328,10230,0.0338560364882953,0.0338594224305384
"img_0963-1","Conforme",0.94912873438218,0.119280215603085,10230,0.04323290011979,0.0432372238421742
"img_0963-2","Conforme",0.927229296462115,0.16951120556923,10230,0.0342415168136541,0.0342449413077849
"img_0964-0","Conforme",0.920881796318503,0.185906714183223,10065,0.0311542661784697,0.0311573819166614
"img_0964-1","Conforme",0.949983320617676,0.118408209035385,10065,0.0433048014693361,0.0433091323825743
"img_0964-2","Conforme",0.921556227183622,0.184335090998912,10065,0.0314702541144227,0.0314734014545681
"img_0965-0","No conforme",0.915612117112104,0.183932944873431,11492,0.0489642796786931,0.0489691765963528
"img_0965-1","No conforme",0.941195795180377,0.129842241088514,11492,0.0609895055150203,0.0609956050755278
"img_0965-2","No conforme",0.909772953078326,0.196532703707038,11492,0.0492109476188315,0.0492158692057521
"img_0966-0","Conforme",0.928537711486816,0.177011895877239,9198,0.0316487156328885,0.0316518808209706
"img_0966-1","Conforme",0.954369694034352,0.113852743140631,9198,0.0434561797565953,0.0434605258091762
"img_0966-2","Conforme",0.927627780277028,0.179248156502201,9198,0.0312125492930495,0.0312156708601356
"img_0967-0","No conforme",0.914368021922392,0.164326714690658,18490,0.206351793367681,0.206372430610742
"img_0967-1","No conforme",0.936233056209789,0.113310189082067,18424,0.134552850286617,0.134566306917309
"img_0967-2","No conforme",0.915463972078211,0.162043351909685,18457,0.203300922337462,0.203321254462908
"img_0968-0","Conforme",0.913122789916992,0.180939897082179,12324,0.0345788930999138,0.0345823513350473
"img_0968-1","Conforme",0.9388809392772,0.128181853112266,12324,0.0433852115230179,0.0433895504780657
"img_0968-2","Conforme",0.910315393658806,0.186721250261391,12324,0.0336237575864702,0.0336271202985
"img_0969-0","Conforme",0.921587758860869,0.174698229842895,11025,0.0341797985228841,0.0341832168445686
"img_0969-1","Conforme",0.945233405510397,0.12284046350667,11025,0.0431911695727931,0.0431954891217053
"img_0969-2","Conforme",0.920063408687816,0.178059478038063,11025,0.0336312544698051,0.0336346179315983
"img_0970-0","Conforme",0.920037381591797,0.176037326697142,11247,0.034312352918545,0.0343157844969947
"img_0970-1","Conforme",0.944024611439424,0.124065835893885,11247,0.0433175365205753,0.0433218687074461
"img_0970-2","Conforme",0.914822030208812,0.18740134465608,11247,0.0323708919018786,0.0323741293148101
"img_0971-0","No conforme",0.902957144703584,0.202300993055475,12418,0.0618788413494897,0.0618850298524749
"img_0971-1","No conforme",0.935317081927131,0.139817463571725,12418,0.0949282546181276,0.094937748392967
"img_0971-2","No conforme",0.907448583822811,0.193384391787025,12418,0.0664265078734103,0.0664331511885292
"img_0972-0","No conforme",0.905467173910702,0.200604150957873,12140,0.074165591341707,0.0741730086425712
"img_0972-1","No conforme",0.935245582203584,0.143976233326441,12140,0.112466438736611,0.112477686505262
"img_0972-2","No conforme",0.91022211493997,0.191222246359654,12140,0.0802643673185358,0.0802723945579916
"img_0973-0","Conforme",0.921365840472053,0.187211108012909,9840,0.0302924026318427,0.0302954321750602
"img_0973-1","Conforme",0.951052106861788,0.117392570575792,9840,0.0427984947153083,0.0428027749928076
"img_0973-2","Conforme",0.929388947107652,0.168260803045839,9840,0.0336523641520288,0.0336557297250013
"img_0974-0","No conforme",0.903452497181612,0.206934884190949,11925,0.0742108835409947,0.0742183053715319
"img_0974-1","No conforme",0.934168299758014,0.145862025401379,11925,0.100866106361049,0.100876193980447
"img_0974-2","No conforme",0.907154328056784,0.199402534175777,11925,0.077399995440359,0.0774077362139804
"img_0975-0","No conforme",0.911219521125345,0.171276959640054,18668,0.215879597932308,0.215901188051113
"img_0975-1","No conforme",0.936109382629394,0.113069694942245,18559,0.134033327799685,0.134046732472932
"img_0975-2","No conforme",0.912657293808881,0.168174702609643,18549,0.211649486006407,0.211670653071714
"img_0976-0","Conforme",0.923515858100442,0.17756025800644,10281,0.0328796662233975,0.0328829545188494
"img_0976-1","Conforme",0.948891439065372,0.119490324650344,10281,0.0432937623399424,0.0432980921491573
"img_0976-2","Conforme",0.922228264752556,0.180523069692172,10281,0.0323744656727844,0.0323777034431287
"img_0977-0","Conforme",0.913508948256549,0.19427696002653,10857,0.0305938600683077,0.0305969197602837
"img_0977-1","Conforme",0.946157098173254,0.121884552348105,10857,0.0432113263261502,0.0432156478909393
"img_0977-2","Conforme",0.91842029119155,0.183333926446112,10857,0.0325192074082486,0.032522459654214
"img_0978-0","Conforme",0.911042776202033,0.190513560077993,11760,0.0325342471529453,0.0325375009030357
"img_0978-1","Conforme",0.941470485750086,0.126298361927931,11760,0.0434981269929399,0.043502477240664
"img_0978-2","Conforme",0.907746848359949,0.197510171468214,11760,0.0313741264061412,0.0313772641325545
"img_0979-0","No conforme",0.906541883562873,0.179449045917383,18865,0.224230028563569,0.22425245380895
"img_0979-1","No conforme",0.934835610566981,0.114280370424765,18879,0.133823059862118,0.133836443506469
"img_0979-2","No conforme",0.912138427195829,0.166514643620333,18822,0.206400987693448,0.206421629856433
"img_0980-0","Conforme",0.912636472132066,0.189975441952571,11466,0.0321272017788759,0.0321304148203579
"img_0980-1","Conforme",0.943023615309771,0.12483083132054,11466,0.0432759407489108,0.0432802687757884
"img_0980-2","Conforme",0.908740066276999,0.198376845029545,11466,0.030695449845734,0.0306985196977037
"img_0981-0","No conforme",0.899792070330451,0.202002036981587,13066,0.0529913459804234,0.0529966456449879
"img_0981-1","No conforme",0.932624025394215,0.136530364556311,13066,0.0482789578458245,0.048283786224447
"img_0981-2","No conforme",0.902407165240119,0.196579989150678,13066,0.0487527996298516,0.0487576753973913
"img_0982-0","No conforme",0.922192245644962,0.177823522788099,10572,0.0374718435682975,0.0374755911274102
"img_0982-1","No conforme",0.946748421828326,0.122549022033465,10572,0.0452548103984,0.0452593363320332
"img_0982-2","No conforme",0.922743960248162,0.176562593170224,10572,0.0372526491081524,0.037256374745627
"img_0983-0","No conforme",0.907473234773524,0.195413168854915,12076,0.0446594409326248,0.0446639073233572
"img_0983-1","No conforme",0.938689176420324,0.130364634427734,12076,0.0470509283843601,0.0470556339477548
"img_0983-2","No conforme",0.905836399679745,0.198917046270969,12076,0.0464650581121162,0.0464697050826244
"img_0984-0","Conforme",0.915422627886604,0.184143229796921,11448,0.0330652561098351,0.0330685629661317
"img_0984-1","Conforme",0.943177803416533,0.124611210831301,11448,0.0432372802226206,0.0432416043830589
"img_0984-2","Conforme",0.913182263327206,0.188974961123336,11448,0.0322485384088351,0.0322517635851936
"img_0985-0","Conforme",0.918762472713695,0.187917928950643,10336,0.0312625650506332,0.0312656916197952
"img_0985-1","Conforme",0.948665452073041,0.119654062250972,10336,0.0434722169903436,0.0434765646468083
"img_0985-2","Conforme",0.922087299607221,0.180289794530724,10336,0.032621754386996,0.0326250168886848
"img_0986-0","Conforme",0.932216028226964,0.169428654000782,9060,0.0328285046761525,0.032831787854938
"img_0986-1","Conforme",0.954988720092773,0.11328773566713,9060,0.0434274581962566,0.0434318013763942
"img_0986-2","Conforme",0.932040240622128,0.169863947402287,9060,0.0327361792877195,0.0327394532330428
"img_0987-0","Conforme",0.921477547571519,0.17592657957432,10921,0.034091034972505,0.0340944444169467
"img_0987-1","Conforme",0.94576375994514,0.122356620302556,10921,0.0434496188495762,0.0434539642460008
"img_0987-2","Conforme",0.923208798199822,0.172089082912057,10921,0.0347415012590137,0.0347449757565894
"img_0988-0","Conforme",0.901740033928366,0.203005770915296,12464,0.0310249573466753,0.0310280601526906
"img_0988-1","Conforme",0.938197952378217,0.128717325520693,12464,0.0433271461634976,0.0433314793114287
"img_0988-2","Conforme",0.906590766637466,0.193070624217631,12464,0.0326509562238837,0.0326542216460483
"img_0989-0","Conforme",0.910731946859921,0.192822468193785,11592,0.031884022141258,0.0318872108623443
"img_0989-1","Conforme",0.9425096549539,0.125145206382938,11592,0.0434496031395786,0.043453948534432
"img_0989-2","Conforme",0.907042680789723,0.200724780542983,11592,0.030510061046049,0.0305131123572847
"img_0990-0","Conforme",0.927429017028809,0.169279129989251,10206,0.034185263155175,0.0341886820233774
"img_0990-1","Conforme",0.949298478914149,0.119043234362218,10206,0.0431333990193052,0.0431377127905842
"img_0990-2","Conforme",0.922403154871323,0.180887742013113,10206,0.0321267637055683,0.0321299767032386
"img_0991-0","Conforme",0.907632448802275,0.191763972463363,12375,0.0326351279551309,0.0326383917943103
"img_0991-1","Conforme",0.938523141497444,0.128581683175798,12375,0.0430584498830347,0.0430627561586505
"img_0991-2","Conforme",0.908188471338609,0.190619848743248,12375,0.0327939105912153,0.0327971903102463
"img_0992-0","Conforme",0.915187307039149,0.187542110612575,11152,0.0321390605700238,0.0321422747975035
"img_0992-1","Conforme",0.944464738607968,0.123705987535542,11152,0.0431474598942847,0.0431517750717919
"img_0992-2","Conforme",0.913407951157514,0.191442071789201,11152,0.0314381541017914,0.0314412982316146
"img_0993-0","No conforme",0.91032472751393,0.19509670511306,11521,0.0502427018866261,0.0502477266592921
"img_0993-1","No conforme",0.941283868480009,0.130869830144043,11521,0.0761014410348491,0.0761090519400431
"img_0993-2","No conforme",0.912006556575999,0.191541782275062,11521,0.051633474884724,0.0516386387485988
"img_0994-0","No conforme",0.926253908601649,0.183922009974425,9274,0.08076121908764,0.0807692960172417
"img_0994-1","No conforme",0.949480070262236,0.132862153606376,9274,0.125530520165928,0.125543074473375
"img_0994-2","No conforme",0.93040986742805,0.174383747534258,9274,0.0887371625228507,0.0887460371265633
"img_0995-0","Conforme",0.9063321111522,0.18835118477795,13040,0.0340179945330038,0.0340213966726711
"img_0995-1","Conforme",0.93528638790355,0.131075136016939,13040,0.0433088302285754,0.0433131615447299
"img_0995-2","Conforme",0.900872224731445,0.199212540418621,13040,0.0322045079640979,0.0322077287369716
"img_0996-0","No conforme",0.915767980526195,0.197453525654174,10253,0.0725098579080961,0.072517109619058
"img_0996-1","No conforme",0.944662963364545,0.136808091970415,10253,0.120324183083764,0.120336216705435
"img_0996-2","No conforme",0.914972688203699,0.199207262546619,10253,0.0712057184525623,0.0712128397365359
"img_0997-0","Conforme",0.912085595182531,0.186964472857601,11900,0.0330470593349793,0.0330503643714165
"img_0997-1","Conforme",0.940980937015309,0.126433572497141,11900,0.0431822724381401,0.0431865910972498
"img_0997-2","Conforme",0.908587792807186,0.194331812944957,11900,0.0317808221252488,0.0317840005253014
"img_0998-0","Conforme",0.913603782617906,0.183948952655952,11880,0.03339708648109,0.0334004265237424
"img_0998-1","Conforme",0.940952875617532,0.126604990545304,11880,0.0429786643696475,0.042982962665914
"img_0998-2","Conforme",0.910996346256032,0.189444629398385,11880,0.0324572111020802,0.032460457147795
"img_0999-0","Conforme",0.92820917175293,0.174336082998843,9520,0.0322614663791315,0.0322646928484164
"img_0999-1","Conforme",0.952670872569365,0.115732604670429,9520,0.043031829554046,0.0430361331673628
"img_0999-2","Conforme",0.931350731991039,0.166775119100804,9520,0.033646043798776,0.03364940873965
"img_1000-0","No conforme",0.915109285583496,0.189884696940194,11009,0.0515640187789865,0.0515691756965562
"img_1000-1","No conforme",0.943728859863281,0.128936544777875,11009,0.077037370133868,0.0770450746413321
"img_1000-2","No conforme",0.918453258846507,0.182635151883109,11009,0.0545244572774642,0.054529910268491
"img_1001-0","Conforme",0.930119620433134,0.178002256211705,8760,0.0305847291025741,0.0305877878813622
"img_1001-1","Conforme",0.956351522773294,0.111986960200923,8760,0.0431923979079017,0.0431967175796597
"img_1001-2","Conforme",0.937348751059139,0.159733749868107,8760,0.0341042565629264,0.0341076673296594
"img_1002-0","No conforme",0.909959390851189,0.183980835435812,12724,0.0375048836027378,0.0375086344661844
"img_1002-1","No conforme",0.935652023728314,0.132459315296833,12724,0.0460909791019574,0.0460955886608235
"img_1002-2","No conforme",0.903821004961799,0.196590870378519,12724,0.0413937018914312,0.0413978416755987
"img_1003-0","Conforme",0.914247878453872,0.185955828265276,11523,0.0329499420759563,0.0329532373996963
"img_1003-1","Conforme",0.94277172088623,0.125015119270883,11523,0.0433591366840178,0.0433634730313209
"img_1003-2","Conforme",0.918311396215102,0.177232462460133,11523,0.0344123265414831,0.0344157681182949
"img_1004-0","No conforme",0.931958270227769,0.170412763291504,9040,0.0372732828866336,0.0372770105876924
"img_1004-1","No conforme",0.954755014720243,0.114097477256679,9040,0.0451371756982648,0.0451416898672515
"img_1004-2","No conforme",0.932943530435001,0.167945173654673,9040,0.0368538564888758,0.0368575422431002
"img_1005-0","No conforme",0.902138697240493,0.20135656455948,12668,0.0583468119507962,0.0583526472155177
"img_1005-1","No conforme",0.933978152376063,0.138401345026431,12668,0.0725930585634241,0.0726003185952837
"img_1005-2","No conforme",0.904044837987563,0.197495252139703,12668,0.0583534448601491,0.0583592807882279
"img_1006-0","Conforme",0.911180809559542,0.197005941765075,11088,0.030702521777232,0.0307055923364657
"img_1006-1","Conforme",0.94492676443661,0.123132101227762,11088,0.0435849538121067,0.043589312743381
"img_1006-2","Conforme",0.916929925824334,0.184357055981288,11088,0.0328650476830694,0.0328683345165211
"img_1007-0","Conforme",0.919089815799489,0.180592923009127,10985,0.0331524783718788,0.0331557939512739
"img_1007-1","Conforme",0.945417808981503,0.122692885763031,10985,0.0432029406680397,0.0432072613941791
"img_1007-2","Conforme",0.918056749500948,0.182876845093786,10985,0.032761974571471,0.0327652510965807
"img_1008-0","Conforme",0.915032999267578,0.181167293899138,11856,0.0341527585331811,0.0341561741505962
"img_1008-1","Conforme",0.941210394287109,0.12624154177262,11856,0.0434352970629744,0.0434396410270771
"img_1008-2","Conforme",0.912654242356244,0.186184429397568,11856,0.0332783233278088,0.0332816514929581
"img_1009-0","Conforme",0.927495849824793,0.171731619488164,9940,0.0334747746983132,0.0334781225105642
"img_1009-1","Conforme",0.95063190388399,0.11773091310465,9940,0.0432609940891819,0.043265320621244
"img_1009-2","Conforme",0.923099065569709,0.182052521616324,9940,0.0316604066699534,0.0316635730272562
"img_1010-0","Conforme",0.921244620020249,0.181966838635848,10360,0.0320177746669881,0.0320209767646645
"img_1010-1","Conforme",0.9484277379294,0.120010778202066,10360,0.0429838187445857,0.0429881175563414
"img_1010-2","Conforme",0.925161009898466,0.172998929727096,10360,0.033587222733753,0.0335905817919322
"img_1011-0","No conforme",0.901066859543744,0.201008450480878,12836,0.0391336550482885,0.0391375688051691
"img_1011-1","No conforme",0.935473244503246,0.132062160721044,12836,0.045104199316986,0.0451087101880048
"img_1011-2","No conforme",0.906886637878418,0.189172233070489,12836,0.0368330122554126,0.0368366959250051
"img_1012-0","No conforme",0.919641709899902,0.184395683324434,10528,0.0463752502524755,0.0463798882412996
"img_1012-1","No conforme",0.946450217123592,0.124411478444856,10528,0.058568550254845,0.0585744076956145
"img_1012-2","No conforme",0.923461410612218,0.175727432265402,10528,0.046757000876137,0.0467616770438413
"img_1013-0","No conforme",0.902811213468664,0.201196497699537,12472,0.0443380770184872,0.0443425112696142
"img_1013-1","No conforme",0.936886545733283,0.131549876534556,12472,0.046484480084647,0.0464891289975468
"img_1013-2","No conforme",0.908906998685949,0.18847859572381,12472,0.0394596972461622,0.0394636436105233
"img_1014-0","Conforme",0.917341632600672,0.184087168883684,11023,0.0327498949951784,0.0327531703122096
"img_1014-1","Conforme",0.945223652828441,0.122890210715107,11023,0.0434508756007605,0.0434552211228728
"img_1014-2","Conforme",0.9179646075978,0.182712757214817,11023,0.0329899925958828,0.0329932919250753
"img_1015-0","No conforme",0.914016386880314,0.19492297967186,10884,0.0759214428224649,0.0759290357260375
"img_1015-1","No conforme",0.941298826581169,0.139736441989078,10884,0.117233255190423,0.117244979688392
"img_1015-2","No conforme",0.911376461522719,0.200522969915807,10884,0.0719524213237649,0.0719596172854934
"img_1016-0","Conforme",0.922688435776654,0.181707914551451,10064,0.0320002425871212,0.0320034429314144
"img_1016-1","Conforme",0.949859706869686,0.118705561043836,10064,0.0433661225168,0.0433704595627563
"img_1016-2","Conforme",0.923815498782887,0.179080865307069,10064,0.0324572779644334,0.0324605240168351
"img_1017-0","Conforme",0.917012733872357,0.1819367000327,11319,0.0333725141561211,0.0333758517412952
"img_1017-1","Conforme",0.943738313383215,0.124223721432731,11319,0.0432652505817156,0.0432695775394695
"img_1017-2","Conforme",0.916370193678912,0.18333137905579,11319,0.0331322448741771,0.0331355584300201
"img_1018-0","Conforme",0.92879493099437,0.171895874340497,9620,0.0330450740551063,0.0330483788929956
"img_1018-1","Conforme",0.952266166184369,0.116032722579575,9620,0.0432844188019684,0.0432887476767361
"img_1018-2","Conforme",0.923423716197294,0.184752814064889,9620,0.0306761193445989,0.0306791872633253
"img_1019-0","Conforme",0.918121009503533,0.189234552630427,10350,0.0308132400178085,0.0308163216499735
"img_1019-1","Conforme",0.948576241957721,0.119748541037143,10350,0.043175805457306,0.043180123469653
"img_1019-2","Conforme",0.921281416949104,0.181988108884152,10350,0.0321108288443753,0.0321140402484001
"img_1020-0","Conforme",0.931636192393583,0.168628270445153,9272,0.0333926952146486,0.0333960348181305
"img_1020-1","Conforme",0.953885231053969,0.11452985559827,9272,0.0435588148282668,0.0435631711453814
"img_1020-2","Conforme",0.931039364157284,0.170086988349198,9272,0.0331233605828191,0.0331266732501441
"img_1021-0","Conforme",0.92689291868322,0.172118545847298,10044,0.0339364139013253,0.0339398078821135
"img_1021-1","Conforme",0.950061461738138,0.118391152494811,10044,0.0437327012527091,0.0437370749602051
"img_1021-2","Conforme",0.923684106822294,0.179601295037824,10044,0.0325942881122319,0.0325975478670186
"img_1022-0","No conforme",0.918013012013155,0.181393112404915,11280,0.0614594450464753,0.0614655916056359
"img_1022-1","No conforme",0.941202316912483,0.132663375055644,11280,0.0772517163487946,0.0772594422930239
"img_1022-2","No conforme",0.913700352118997,0.19060260491315,11280,0.0585108609147521,0.0585167125860108
"img_1023-0","Conforme",0.913810742905561,0.184439612879366,11781,0.033397190250311,0.0334005303033414
"img_1023-1","Conforme",0.941504291058709,0.12607982042873,11781,0.0432527157573511,0.0432570414614973
"img_1023-2","Conforme",0.907560231089872,0.197689112848072,11781,0.0311662038206344,0.0311693207527097
"img_1024-0","No conforme",0.917094823931526,0.189500475622597,10564,0.0377437655911474,0.0377475403451819
"img_1024-1","No conforme",0.947116211619658,0.121745777081655,10564,0.0448076455875824,0.0448121268002625
"img_1024-2","No conforme",0.915970632880716,0.192071802424272,10564,0.0382126881158025,0.0382165097667792
"img_1025-0","Conforme",0.917316323493509,0.186474807145846,10790,0.0320281807799741,0.0320313839183659
"img_1025-1","Conforme",0.946402530697093,0.12178370465771,10790,0.0433950567712107,0.0433993967108818
"img_1025-2","Conforme",0.917092310970531,0.186975403809167,10790,0.0319297077674277,0.0319329010575334
"img_1026-0","No conforme",0.888780454747817,0.190273713224181,21274,0.210854408091715,0.210875495641279
"img_1026-1","No conforme",0.920946295650707,0.126479960687698,21456,0.133718452227472,0.133731825410013
"img_1026-2","No conforme",0.890034541949104,0.187781644232072,21228,0.20743914914909,0.207459895138604
"img_1027-0","Conforme",0.928120679626465,0.169206393232371,10048,0.0340763548274787,0.0340797628037591
"img_1027-1","Conforme",0.950211162414551,0.117994023249877,10048,0.0433386087781426,0.0433429430724499
"img_1027-2","Conforme",0.9266142193424,0.172717287319967,10048,0.0334607577167246,0.0334641041271373
"img_1028-0","Conforme",0.910515951879165,0.191424380865878,11781,0.0323201680209618,0.0323234003609979
"img_1028-1","Conforme",0.941415021110983,0.126276582372311,11781,0.0433840246770399,0.0433883635133912
"img_1028-2","Conforme",0.910930829772949,0.190544746836529,11781,0.0324609830324135,0.0324642294553591
"img_1029-0","Conforme",0.933249573184743,0.171175547314566,8662,0.0317198855509491,0.0317230578567348
"img_1029-1","Conforme",0.956975814083324,0.111105922903692,8662,0.043207713414916,0.0432120346183779
"img_1029-2","Conforme",0.93769422336354,0.159873307835276,8662,0.0338995744718789,0.0339029647683558
"img_1030-0","Conforme",0.908974848632812,0.192546057088846,12000,0.0322026384629483,0.0322058590488532
"img_1030-1","Conforme",0.940304172686408,0.127226074892604,12000,0.0431611671160664,0.0431654836644328
"img_1030-2","Conforme",0.906699900943532,0.197315863964096,12000,0.0314123510978416,0.0314154926471063
"img_1031-0","No conforme",0.900843146182789,0.176509434413611,20272,0.204679318267781,0.204699788246606
"img_1031-1","No conforme",0.927036157459932,0.121612288869209,20186,0.134170866690985,0.134184285119497
"img_1031-2","No conforme",0.903396494050867,0.171452752563941,20017,0.197470531282181,0.197490280310212
"img_1032-0","No conforme",0.909572454690372,0.19282617849784,11920,0.0514806463286696,0.0514857949081604
"img_1032-1","No conforme",0.939215821245979,0.132624266244599,11920,0.075064605364937,0.0750721125761947
"img_1032-2","No conforme",0.906328102381089,0.199547447012836,11920,0.0489374656981421,0.0489423599341355
"img_1033-0","Conforme",0.924716694461598,0.177983968494082,9966,0.0323920292510852,0.032395268777963
"img_1033-1","Conforme",0.95050505918615,0.11785371406512,9966,0.0432729000266427,0.0432772277494176
"img_1033-2","Conforme",0.919861653819365,0.189369525662625,9966,0.0303346247052452,0.0303376584710923
"img_1034-0","No conforme",0.906542063060087,0.201379930876081,11755,0.0614622096559575,0.0614683564916066
"img_1034-1","No conforme",0.938600205634622,0.13739706787351,11755,0.0969490952969733,0.0969587911760909
"img_1034-2","No conforme",0.904937118637982,0.204690534962077,11755,0.0596904476647737,0.0596964173065043
"img_1035-0","Conforme",0.919602818836885,0.177422759425799,11200,0.0340483689780361,0.0340517741554516
"img_1035-1","Conforme",0.944319226199879,0.123726887302677,11200,0.043339175372886,0.0433435097238584
"img_1035-2","Conforme",0.916339679152545,0.184550734871694,11200,0.0328311462450349,0.0328344296880037
"img_1036-0","No conforme",0.924760431949391,0.182696316718444,9702,0.077346218011617,0.0773539534069577
"img_1036-1","No conforme",0.946522913495232,0.133751132525166,9702,0.100420884330994,0.100430927423736
"img_1036-2","No conforme",0.919238499325023,0.195449510719659,9702,0.0715110596720521,0.0715182114932014
"img_1037-0","Conforme",0.908190625305176,0.198691111535248,11550,0.0306381335463374,0.030641197666104
"img_1037-1","Conforme",0.942700101497874,0.124984658964779,11550,0.0431445746536755,0.0431488895426298
"img_1037-2","Conforme",0.915598355659036,0.182794499262909,11550,0.0333065070618492,0.0333098380456538
"img_1038-0","No conforme",0.924887336479636,0.17517867174855,10300,0.0570579551364123,0.0570636615025625
"img_1038-1","No conforme",0.947399398390826,0.125562671704912,10300,0.0791463682242323,0.0791542836525976
"img_1038-2","No conforme",0.917083635271858,0.192783178746004,10300,0.049452118830487,0.0494570645369407
"img_1039-0","No conforme",0.909088171207204,0.198313702447098,11420,0.0377752845815411,0.0377790624877899
"img_1039-1","No conforme",0.942888274410472,0.125507823764431,11420,0.04479245676669,0.044796936460336
"img_1039-2","No conforme",0.9201328142772,0.174285181119887,11420,0.0358082722719508,0.0358118534572966
"img_1040-0","No conforme",0.910335078519933,0.189170116421777,12121,0.0484360317952688,0.0484408758828571
"img_1040-1","No conforme",0.937340673684513,0.132972729761571,12121,0.0484802062171479,0.0484850547226201
"img_1040-2","No conforme",0.916148394954906,0.176638303360258,12121,0.0395826641258575,0.0395866227881364
"img_1041-0","Conforme",0.932690798357795,0.171237516848228,8784,0.0320587703561552,0.0320619765538106
"img_1041-1","Conforme",0.956323581040326,0.111897429282879,8784,0.0433914034666547,0.0433957430409588
"img_1041-2","Conforme",0.932449254940257,0.171846699407294,8784,0.0319247838457974,0.0319279766434617
"img_1042-0","Conforme",0.900285029512293,0.205112891151664,12551,0.0306039251910171,0.0306069858896061
"img_1042-1","Conforme",0.93776512476304,0.129052085700405,12551,0.0431024090406679,0.0431067197126392
"img_1042-2","Conforme",0.904277406544405,0.196968410164141,12551,0.0319287300065375,0.0319319231988574
"img_1043-0","Conforme",0.914452146283318,0.190128190327524,11055,0.0313620074832953,0.0313651439976951
"img_1043-1","Conforme",0.945158375674977,0.12279512005788,11055,0.0428991901901143,0.0429034805381681
"img_1043-2","Conforme",0.911423729122386,0.19680543451073,11055,0.0301934107413309,0.0301964303843693
"img_1044-0","Conforme",0.930268483455882,0.167297610950561,9729,0.0344402277967125,0.0344436721639289
"img_1044-1","Conforme",0.951608129398121,0.116885411321019,9729,0.0437938873335314,0.0437982671602474
"img_1044-2","Conforme",0.925487814492618,0.178657182226936,9729,0.0324023868065522,0.0324056273692891
"img_1045-0","Conforme",0.901957524719238,0.192023865216518,13600,0.0339851185119064,0.0339885173636428
"img_1045-1","Conforme",0.932331504767923,0.133514487148402,13600,0.0434085932366604,0.0434129345301134
"img_1045-2","Conforme",0.898781620680865,0.198175505296626,13600,0.0329831326398456,0.0329864312829739
"img_1046-0","No conforme",0.92306131132238,0.185472960141094,9828,0.0788822636406253,0.0788901526558908
"img_1046-1","No conforme",0.94700151289996,0.134254041638758,9828,0.120092067060622,0.120104077468369
"img_1046-2","No conforme",0.920456387921502,0.191325048518165,9828,0.0744206819397971,0.0744281247522723
"img_1047-0","No conforme",0.917990455196605,0.183995087913903,11172,0.0841211206934602,0.0841295336468249
"img_1047-1","No conforme",0.939959538035673,0.140652191726081,11172,0.116148929469597,0.11616054552415
"img_1047-2","No conforme",0.912927257618624,0.194458236156532,11172,0.0767866314649544,0.076794310896044
"img_1048-0","Conforme",0.922593541582893,0.185830184742409,9702,0.0306889755258482,0.0306920447303213
"img_1048-1","Conforme",0.951806054992676,0.116574938128971,9702,0.0433580424721089,0.0433623787099799
"img_1048-2","Conforme",0.925494874716366,0.178917377839848,9702,0.0319526629857972,0.0319558585716544
"img_1049-0","Conforme",0.921905169767492,0.173531915397728,11076,0.0345892415388557,0.0345927008089367
"img_1049-1","Conforme",0.945023633099724,0.122984097669593,11076,0.043373408008743,0.0433777457833214
"img_1049-2","Conforme",0.919780939905503,0.178201010867477,11076,0.0337928152590075,0.0337961948784953
"img_1050-0","Conforme",0.919212591893813,0.180955181651411,10920,0.0330917924982512,0.033095102008452
"img_1050-1","Conforme",0.945804565645106,0.122265502431908,10920,0.0433263621767837,0.0433306952463083
"img_1050-2","Conforme",0.914574443718405,0.191250039437089,10920,0.0312877745641184,0.0312909036544838
"img_1051-0","Conforme",0.909356998201258,0.191669921184697,12008,0.0324109357494238,0.0324141771671406
"img_1051-1","Conforme",0.940235425253475,0.127324462485292,12008,0.0432364377986439,0.0432407618748314
"img_1051-2","Conforme",0.90762826053395,0.195293292438888,12008,0.0318405633127847,0.0318437476875534
"img_1052-0","Conforme",0.90838597810633,0.19803235963021,11573,0.0306449243290796,0.0306479891279924
"img_1052-1","Conforme",0.942635781662885,0.124966395041031,11573,0.0429701453668002,0.0429744428110813
"img_1052-2","Conforme",0.918293685823328,0.176804570337171,11573,0.0342225518221198,0.0342259744195618
"img_1053-0","No conforme",0.902791708104751,0.184650750516718,19095,0.227534887881205,0.22755764364557
"img_1053-1","No conforme",0.932975959598317,0.116385618948168,19131,0.134661278422026,0.134674745896616
"img_1053-2","No conforme",0.9018461766142,0.18668518965308,19095,0.230152871134549,0.230175888723422
"img_1054-0","No conforme",0.894234357928108,0.18208373902188,21114,0.204257762891972,0.204278190711043
"img_1054-1","No conforme",0.923254629821777,0.124788417173174,20891,0.13346424925258,0.133477597012282
"img_1054-2","No conforme",0.895554320606905,0.180488807215655,20807,0.201463455292171,0.201483603652536
"img_1055-0","Conforme",0.926128918708352,0.178101901065982,9636,0.0318220906000119,0.0318252731273246
"img_1055-1","Conforme",0.952062915505802,0.116395761493778,9636,0.0430495688450806,0.0430538742325038
"img_1055-2","Conforme",0.926026066804774,0.178347533553677,9636,0.0317643548672105,0.0317675316203726
"img_1056-0","No conforme",0.921647411768296,0.185888996401655,10065,0.0724503325112435,0.0724575782690704
"img_1056-1","No conforme",0.945241004225787,0.133454169089662,10065,0.0935599567852202,0.0935693137165918
"img_1056-2","No conforme",0.920122164109174,0.189365575181491,10065,0.0713713019329494,0.0713784397769271
"img_1057-0","No conforme",0.913929390563965,0.191341444104095,11160,0.0593283441798543,0.0593342776076151
"img_1057-1","No conforme",0.941512667595358,0.132736835649447,11160,0.0769558247768085,0.0769635211289214
"img_1057-2","No conforme",0.919193744686351,0.179970730606596,11160,0.0619078537911061,0.0619140451956257
"img_1058-0","Conforme",0.92030399478688,0.18268919398401,10500,0.0322898551398479,0.0322930844482927
"img_1058-1","Conforme",0.947809489692239,0.120510177797052,10500,0.0432753427701205,0.0432796707371942
"img_1058-2","Conforme",0.915619715827493,0.193338948267008,10500,0.0303908565963108,0.0303938959859094
"img_1059-0","Conforme",0.911776859974581,0.195005089314836,11154,0.0310739260574143,0.0310770337607903
"img_1059-1","Conforme",0.944467670395795,0.123704849995542,11154,0.0434517615978203,0.0434561072085411
"img_1059-2","Conforme",0.913270396459243,0.191730565465262,11154,0.0316513202281633,0.031654485676731
"img_1060-0","Conforme",0.91710918370864,0.180868775822333,11410,0.0337205396112508,0.0337239120024511
"img_1060-1","Conforme",0.943382131078383,0.124423218289461,11410,0.0434154328397163,0.043419774817198
"img_1060-2","Conforme",0.909806219895307,0.196652786611734,11410,0.0310065270008322,0.0310096279636286
"img_1061-0","Conforme",0.931796962064855,0.165881681407637,9504,0.0344681876803386,0.034471634843823
"img_1061-1","Conforme",0.952686070000143,0.115849083277113,9504,0.0438287221138436,0.0438331054243861
"img_1061-2","Conforme",0.92544335901597,0.181189247152961,9504,0.0316156494099233,0.0316188112910524
"img_1062-0","Conforme",0.915638204040527,0.184558353199347,11356,0.0328171286443886,0.0328204106854572
"img_1062-1","Conforme",0.943579099354463,0.124324597271494,11356,0.0431365395518974,0.0431408536372611
"img_1062-2","Conforme",0.910934898376465,0.194756445447471,11356,0.0311080756947261,0.0311111868134075
"img_1063-0","No conforme",0.907013542408663,0.196146640037417,12136,0.0524322731646407,0.0524375169163324
"img_1063-1","No conforme",0.937499349221622,0.132525158167755,12136,0.0481468144347457,0.0481516295977055
"img_1063-2","No conforme",0.906768409046846,0.196679586417705,12136,0.0528789143955525,0.0528842028158341
"img_1064-0","No conforme",0.888857459052591,0.195933751969884,20746,0.223559755414744,0.223582113626107
"img_1064-1","No conforme",0.924133208851534,0.124182471226642,20735,0.134051998426124,0.134065404966621
"img_1064-2","No conforme",0.891957375937069,0.189781124026617,20685,0.215482872415895,0.215504422858181
"img_1065-0","No conforme",0.918701204331342,0.192500061289648,10105,0.0759119403276872,0.0759195322809153
"img_1065-1","No conforme",0.945326803894043,0.136355530000278,10105,0.120950828445261,0.120962924737735
"img_1065-2","No conforme",0.92324499680463,0.182509908251189,10105,0.0835644284686796,0.0835727857472543
"img_1066-0","Conforme",0.928554584224925,0.172285916347501,9638,0.0330143014972922,0.033017603257618
"img_1066-1","Conforme",0.952099054278205,0.116309683814821,9638,0.0433006371832497,0.0433049676800177
"img_1066-2","Conforme",0.925790745957318,0.1788916720267,9638,0.0317737876628899,0.0317769653594258
"img_1067-0","No conforme",0.916780404645134,0.195229763530932,10192,0.062010548040529,0.0620167497155005
"img_1067-1","No conforme",0.946343296616498,0.131171096056425,10192,0.102388960680263,0.102399200600323
"img_1067-2","No conforme",0.922761072315889,0.181870584896445,10192,0.0701309707199676,0.0701379845184194
"img_1068-0","No conforme",0.902256088418399,0.204285663919869,12355,0.0606016787487747,0.060607739522727
"img_1068-1","No conforme",0.935617201268813,0.139589839009624,12355,0.0949085155773095,0.0949180073780473
"img_1068-2","No conforme",0.902266140262379,0.204265432837307,12355,0.0606097241529491,0.0606157857315223
"img_1069-0","Conforme",0.913700232454188,0.180469794602365,12243,0.0346899695059321,0.0346934388498171
"img_1069-1","Conforme",0.939223120799345,0.127983469049392,12243,0.0434947671202444,0.0434991170319476
"img_1069-2","Conforme",0.910032027390424,0.188053729038387,12243,0.0333893915327581,0.0333927308058387
"img_1070-0","No conforme",0.913006296225155,0.183202038622685,12136,0.0428010504637207,0.0428053309968204
"img_1070-1","No conforme",0.937490075198903,0.132544607107031,12136,0.0481502978048087,0.0481551133161403
"img_1070-2","No conforme",0.915128790947409,0.178654445709083,12136,0.0400416434020016,0.0400456479667983
"img_1071-0","Conforme",0.918964107917337,0.181368680236464,10934,0.0330064082318464,0.0330097092027667
"img_1071-1","Conforme",0.94565779675652,0.1224963614653,10934,0.0432700382770779,0.0432743657136492
"img_1071-2","Conforme",0.913597440383013,0.193273289102442,10934,0.0309359340302961,0.0309390279330894
"img_1072-0","No conforme",0.905579598999023,0.191967500483527,12819,0.0368476370853491,0.0368513222175709
"img_1072-1","No conforme",0.935634313336541,0.131843904406401,12819,0.0451080697326755,0.0451125809907746
"img_1072-2","No conforme",0.901667277724322,0.199918868468028,12819,0.0380748694463928,0.0380786773141242
"img_1073-0","No conforme",0.915299672295065,0.186311567659394,11458,0.0730057532211106,0.0730130545265633
"img_1073-1","No conforme",0.938089177066578,0.139535034758788,11458,0.0906905606663781,0.090699630629441
"img_1073-2","No conforme",0.9099917601821,0.197500715045524,11458,0.0699138118298067,0.0699208039101977
"img_1074-0","Conforme",0.914618360703412,0.186246852457278,11410,0.03272069593255,0.032723968329383
"img_1074-1","Conforme",0.943312366494571,0.124566965006956,11410,0.0433067587796683,0.0433110898886572
"img_1074-2","Conforme",0.909652151453355,0.196984609582685,11410,0.0308962425355119,0.0308993324687587
"img_1075-0","Conforme",0.89833670691995,0.202740763511716,13200,0.0319329843734598,0.0319361779912589
"img_1075-1","Conforme",0.934438263567756,0.131800561699532,13200,0.0434828357904177,0.0434871845088686
"img_1075-2","Conforme",0.89457444531609,0.210178808281356,13200,0.0307566903058528,0.0307597662824811
"img_1076-0","Conforme",0.918474678847369,0.188383392099571,10354,0.0310705838278898,0.0310736911970095
"img_1076-1","Conforme",0.94848613435633,0.119930829490824,10354,0.0432257777017432,0.0432301007118144
"img_1076-2","Conforme",0.9166149680463,0.19264907987406,10354,0.0303315852491646,0.0303346187110357
"img_1077-0","No conforme",0.903739513226677,0.197702632097146,12738,0.0624643677315955,0.0624706147930748
"img_1077-1","No conforme",0.93246965779024,0.140921743943954,12738,0.0721706371589262,0.0721778549444207
"img_1077-2","No conforme",0.907382887842515,0.190259789950875,12738,0.0608713875979169,0.0608774753454515
"img_1078-0","No conforme",0.911298021240234,0.170298559688112,18791,0.213706074310665,0.213727447055371
"img_1078-1","No conforme",0.935622227190803,0.113668935800947,18666,0.134580763014103,0.134594222436347
"img_1078-2","No conforme",0.914292633092544,0.163079538797232,18697,0.203520255745536,0.203540609806517
"img_1079-0","Conforme",0.926013322502585,0.179704837188016,9513,0.0314241120738853,0.0314272547993652
"img_1079-1","Conforme",0.9528260179946,0.115416979907826,9513,0.0432000085442374,0.0432043289771351
"img_1079-2","Conforme",0.929558153147978,0.171165002964906,9513,0.0329826948861764,0.032985993485525
"img_1080-0","Conforme",0.918310498729032,0.181782127724287,11040,0.0330957159192021,0.0330990258217843
"img_1080-1","Conforme",0.94520546377743,0.122816044910257,11040,0.0433713262292091,0.0433756637955887
"img_1080-2","Conforme",0.916220193840476,0.186390942480407,11040,0.0323270098581755,0.0323302428824638
"img_1081-0","Conforme",0.924459774116067,0.177912501072826,10032,0.0327877408168077,0.0327910199187996
"img_1081-1","Conforme",0.949969738661822,0.118675772403796,10032,0.0435685439592009,0.0435729012493259
"img_1081-2","Conforme",0.928000954984777,0.169650897239059,10032,0.0342805255272968,0.0342839539226891
"img_1082-0","Conforme",0.919844362254423,0.175059345635625,11400,0.034819481466795,0.0348229637631713
"img_1082-1","Conforme",0.943386139849494,0.124485348029737,11400,0.0435351035683137,0.0435394575140651
"img_1082-2","Conforme",0.912373209551643,0.191204228242013,11400,0.0320302930645577,0.0320334964141991
"img_1083-0","Conforme",0.9186980930463,0.188487836852786,10296,0.0309421872709388,0.0309452817991187
"img_1083-1","Conforme",0.948828435543285,0.119531470377085,10296,0.043224819575699,0.043229142489948
"img_1083-2","Conforme",0.922897191036449,0.178830090521489,10296,0.0326225019503439,0.0326257645267966
"img_1084-0","No conforme",0.907162644761029,0.202471338423251,11455,0.0472946684064969,0.0472993983463315
"img_1084-1","No conforme",0.941799863137638,0.130223360113607,11455,0.0764303946664167,0.0764380384702637
"img_1084-2","No conforme",0.907230853702321,0.202325616907475,11455,0.04733813964995,0.0473428739373437
"img_1085-0","Conforme",0.917646478702321,0.190519683187127,10332,0.0306708418411964,0.0306739092321196
"img_1085-1","Conforme",0.948767585987764,0.119438247176411,10332,0.0433212694526219,0.0433256020128232
"img_1085-2","Conforme",0.921425912206313,0.181844760576506,10332,0.0322318658600452,0.0322350893689821
"img_1086-0","Conforme",0.922833409693101,0.181206382522706,10080,0.0322443116569353,0.0322475364105764
"img_1086-1","Conforme",0.949890759887695,0.118542053731494,10080,0.0436444827676351,0.0436488476524003
"img_1086-2","Conforme",0.925340985771628,0.175370031245501,10080,0.0333057100302393,0.0333090409343327
"img_1087-0","Conforme",0.930586133692124,0.169370921048141,9447,0.0334401749532506,0.0334435193051812
"img_1087-1","Conforme",0.953002643253102,0.115458533510832,9447,0.043469309804381,0.043473657170098
"img_1087-2","Conforme",0.926726704263126,0.178704359960106,9447,0.0317035504050445,0.0317067210771522
"img_1088-0","No conforme",0.88605425106273,0.192359898899563,21742,0.211006237292817,0.21102734002682
"img_1088-1","No conforme",0.919653317386403,0.127800809939029,21485,0.133458133396827,0.133471480544881
"img_1088-2","No conforme",0.883121266587201,0.198859285789058,21395,0.217749274301389,0.21777105140653
"img_1089-0","No conforme",0.884776649726419,0.214472144900247,14806,0.0509895789306577,0.0509946783984975
"img_1089-1","No conforme",0.924119208068848,0.142059597823683,14806,0.047244494339796,0.0472492192617221
"img_1089-2","No conforme",0.891275406188965,0.202129091977214,14806,0.0434981779252214,0.0435025281780392
"img_1090-0","Conforme",0.911998539033777,0.182137433595908,12450,0.0346090582990743,0.0346125195510295
"img_1090-1","Conforme",0.938214047295065,0.128782130650071,12450,0.0435117790406296,0.043516130653695
"img_1090-2","Conforme",0.910168026446174,0.185882344080067,12450,0.0339733144768924,0.0339767121481072
"img_1091-0","No conforme",0.898507408770393,0.201599565884384,13324,0.0418658407117334,0.0418700277145048
"img_1091-1","No conforme",0.932661719809139,0.134743366356793,13324,0.0464892165823479,0.0464938659689448
"img_1091-2","No conforme",0.899717578986673,0.199178951648892,13324,0.0410230698674074,0.0410271725846659
"img_1092-0","Conforme",0.921352737175437,0.187047901206347,9858,0.030516141796634,0.0305191937160056
"img_1092-1","Conforme",0.95099245395436,0.117427997497192,9858,0.0431001687292467,0.0431044791771645
"img_1092-2","Conforme",0.928670539425121,0.169782701325323,9858,0.0336018722459449,0.0336052327692218
"img_1093-0","Conforme",0.906613802113252,0.195443452641642,12210,0.032022857303061,0.0320260599090519
"img_1093-1","Conforme",0.939569969249052,0.12746189211434,12210,0.0433563487793133,0.0433606848477981
"img_1093-2","Conforme",0.905262606919232,0.198245927712999,12210,0.0315423861907337,0.0315455407448081
"img_1094-0","No conforme",0.924191904440487,0.173646461645552,10539,0.0388019361418755,0.0388058167235479
"img_1094-1","No conforme",0.946638749030618,0.123096700203157,10539,0.0465971264645157,0.04660178664318
"img_1094-2","No conforme",0.922038476365033,0.178607877232765,10539,0.0405200313639328,0.0405240837723101
"img_1095-0","No conforme",0.919727449735754,0.190599792797299,9940,0.0498536618980548,0.0498586477628311
"img_1095-1","No conforme",0.949196524496639,0.123920236124273,9940,0.0802573546199464,0.0802653811580622
"img_1095-2","No conforme",0.9193516424022,0.191468320146764,9940,0.0494555598419416,0.0494605058925309
"img_1096-0","No conforme",0.92235618643368,0.191742406204802,9374,0.0718790903128116,0.0718862789407057
"img_1096-1","No conforme",0.949291179360782,0.132055887010484,9374,0.1209830854753,0.120995184993799
"img_1096-2","No conforme",0.926535180735868,0.182074410415977,9374,0.079471928762626,0.0794798767503011
"img_1097-0","Conforme",0.928200855048684,0.176462655653133,9324,0.0320610407868773,0.0320642472115985
"img_1097-1","Conforme",0.953620293166217,0.114819962730398,9324,0.0436456650437847,0.0436500300467894
"img_1097-2","Conforme",0.930470776815975,0.170931616098585,9324,0.0331272818380971,0.0331305948975869
"img_1098-0","Conforme",0.912917744266286,0.183559725247154,12080,0.0340142276934315,0.0340176294563771
"img_1098-1","Conforme",0.939996215299718,0.127389936972118,12080,0.0434776268454789,0.0434819750429832
"img_1098-2","Conforme",0.907215656271542,0.195456909954601,12080,0.0320168725169183,0.0320200745243708
"img_1099-0","Conforme",0.905867632194968,0.195889996632504,12324,0.0321496856706677,0.0321529009607638
"img_1099-1","Conforme",0.938817995587517,0.128312549881511,12324,0.0434059482211385,0.0434102892500635
"img_1099-2","Conforme",0.912073389371984,0.183102671655828,12324,0.0342847143265849,0.034288143140899
"img_1100-0","Conforme",0.927852510788861,0.171700393466907,9860,0.0335863092874241,0.0335896682542496
"img_1100-1","Conforme",0.950969298813764,0.117492077585598,9860,0.0435168889192626,0.043521241043367
"img_1100-2","Conforme",0.923832012526568,0.181182092861284,9860,0.0318913064333354,0.0318944958829237
"img_1101-0","No conforme",0.897535371524586,0.209149364838079,12782,0.0504182331118277,0.0504232754393716
"img_1101-1","No conforme",0.934223285737879,0.136995575114616,12782,0.0703454537483674,0.0703524889972672
"img_1101-2","No conforme",0.907142840235093,0.190037608878175,12782,0.0556365006876741,0.0556420648941635
"img_1102-0","Conforme",0.920556906361299,0.186496708200825,10080,0.0308325538660547,0.0308356374297977
"img_1102-1","Conforme",0.950052367212632,0.118132238095639,10080,0.0430286483635614,0.0430329516587273
"img_1102-2","Conforme",0.924116216448616,0.178205580304778,10080,0.03226746171052,0.0322706887793979
"img_1103-0","Conforme",0.926100258986529,0.173959227094709,10044,0.0333633191849842,0.0333666558505693
"img_1103-1","Conforme",0.950024904138902,0.118457261304651,10044,0.0433970009345189,0.0434013410686258
"img_1103-2","Conforme",0.927362722724466,0.171016522604144,10044,0.0339018034684542,0.033905193987853
"img_1104-0","No conforme",0.910730032222972,0.168812894619576,18972,0.208717054607076,0.208737928399916
"img_1104-1","No conforme",0.934580305696375,0.114750869913341,18736,0.133929646704689,0.13394304100879
"img_1104-2","No conforme",0.908141502900965,0.174822050294901,19019,0.21719174128628,0.217213462632543
"img_1105-0","Conforme",0.901472942074046,0.200279400616829,12800,0.0317713785335888,0.0317745559891877
"img_1105-1","Conforme",0.936339438225241,0.130421398467893,12800,0.0432258699950425,0.043230193014344
"img_1105-2","Conforme",0.908242200837977,0.186651641280425,12800,0.0339844196333114,0.0339878184151529
"img_1106-0","No conforme",0.89982324301327,0.195673528781067,13720,0.047018318780947,0.0470230210830554
"img_1106-1","No conforme",0.928975804353602,0.139612738562055,13720,0.0485696815174155,0.0485745389713126
"img_1106-2","No conforme",0.899156351031135,0.197014507717443,13720,0.0480625924230658,0.0480673991629821
"img_1107-0","Conforme",0.909557556421616,0.195055486601627,11620,0.0315137275925095,0.0315168792804375
"img_1107-1","Conforme",0.942218749802533,0.125582099327376,11620,0.0433378769990202,0.0433422112201422
"img_1107-2","Conforme",0.914621471988454,0.184231405113033,11620,0.0333451412649358,0.0333484761125471
"img_1108-0","No conforme",0.902368932333553,0.202508312857336,12589,0.0722256763259623,0.0722328996159239
"img_1108-1","No conforme",0.933117104240866,0.145038989303248,12589,0.108908457921751,0.108919349856737
"img_1108-2","No conforme",0.900308663312127,0.20652017004606,12589,0.0697635894165234,0.0697705664731707
"img_1109-0","Conforme",0.932686251095042,0.16437750591706,9438,0.0340671619682692,0.0340705690251718
"img_1109-1","Conforme",0.953098674262552,0.115271207153724,9438,0.0431463224259934,0.0431506374897423
"img_1109-2","Conforme",0.924132072035845,0.185080035655052,9438,0.0302541338849964,0.0302571596009565
"img_1110-0","Conforme",0.909970041019215,0.19702317473967,11340,0.0310063814737116,0.0310094824219538
"img_1110-1","Conforme",0.943720782488655,0.12414556145955,11340,0.0435577835537429,0.0435621397677197
"img_1110-2","Conforme",0.917385250423656,0.180934351951823,11340,0.0337221632590315,0.0337255358126127
"img_1111-0","Conforme",0.909933782582002,0.195260703361536,11520,0.0315238188972202,0.0315269715943797
"img_1111-1","Conforme",0.942854828096278,0.12487181300078,11520,0.0436164502824945,0.0436208123637308
"img_1111-2","Conforme",0.914730785791734,0.184953807826425,11520,0.0333209144164212,0.0333242468411054
"img_1112-0","No conforme",0.914547519136316,0.18611738171163,11515,0.0513013104498839,0.0513064410939933
"img_1112-1","No conforme",0.940270606707405,0.130782021779666,11515,0.0490549168930151,0.0490598228753027
"img_1112-2","No conforme",0.912182104851218,0.191469925680767,11515,0.0566005261637599,0.0566061867824381
"img_1113-0","No conforme",0.899152102930405,0.191528474891409,14316,0.0410054602526552,0.0410095612087761
"img_1113-1","No conforme",0.926342340895709,0.140967834680271,14316,0.0484640192616108,0.0484688661482256
"img_1113-2","No conforme",0.894287489103429,0.200971729883369,14316,0.0469781437293789,0.0469828420135803
"img_1114-0","Conforme",0.923574374192182,0.176698224668741,10354,0.033192223558581,0.0331955431128923
"img_1114-1","Conforme",0.948556138269761,0.119778602459809,10354,0.0433608809356769,0.0433652174574227
"img_1114-2","Conforme",0.926514239394244,0.169967955623532,10354,0.0343703073178225,0.0343737446922918
"img_1115-0","No conforme",0.91730447667739,0.178460666651017,11664,0.0436553089411661,0.043659674908657
"img_1115-1","No conforme",0.939465741200166,0.13151916596613,11664,0.0490586099653365,0.0490635163169682
"img_1115-2","No conforme",0.91146477415197,0.191490959252072,11664,0.0554252407767804,0.0554307838551659
"img_1116-0","No conforme",0.911972571770163,0.18213087242461,12471,0.03796116509779,0.0379649615939495
"img_1116-1","No conforme",0.936702740586225,0.131929357085324,12471,0.0464637700521714,0.0464684168938607
"img_1116-2","No conforme",0.904172340841854,0.1984105546312,12471,0.0443100190042134,0.0443144504492583
"img_1117-0","No conforme",0.91542490151798,0.187352457062362,11172,0.0469512541159494,0.0469559497109205
"img_1117-1","No conforme",0.942927165473489,0.127196835232095,11172,0.0474582413748369,0.0474629876736043
"img_1117-2","No conforme",0.912858689682904,0.193161670233006,11172,0.0510606925394585,0.0510657991193704
"img_1118-0","No conforme",0.910232884772806,0.200245001408847,11088,0.060333461083314,0.0603394950328173
"img_1118-1","No conforme",0.941964641580021,0.134582026772802,11088,0.098152521460043,0.0981623376938124
"img_1118-2","No conforme",0.912324266644646,0.195778545273625,11088,0.0628034636353266,0.0628097446097876
"img_1119-0","Conforme",0.922086761115579,0.183250916619003,10050,0.0314134679983193,0.0314166096592852
"img_1119-1","Conforme",0.950067265481388,0.118303170116217,10050,0.043122235517127,0.0431265481719441
"img_1119-2","Conforme",0.924167313322179,0.178398484491791,10050,0.0323227470180026,0.0323259796159642
"img_1120-0","Conforme",0.906928759891286,0.188580884672994,12880,0.0338550704855745,0.0338584563312077
"img_1120-1","Conforme",0.936046977431353,0.130532267695594,12880,0.0433894986583822,0.0433938380421864
"img_1120-2","Conforme",0.896394128238454,0.209717358120938,12880,0.0304258393579531,0.0304288822461778
"img_1121-0","No conforme",0.90299047135297,0.173880338248513,20125,0.20357337934201,0.203593738715882
"img_1121-1","No conforme",0.928217608121984,0.120659075724175,20056,0.134123128300044,0.134136541954239
"img_1121-2","No conforme",0.904823796063591,0.170232376400305,19987,0.198407372867734,0.198427215589293
"img_1122-0","Conforme",0.919825335549747,0.176491920826196,11248,0.0343001749778217,0.0343036053383556
"img_1122-1","Conforme",0.944103650045956,0.123892062995453,11248,0.0433915372614691,0.043395876849154
"img_1122-2","Conforme",0.911821016289206,0.193937800911748,11248,0.0312955540238561,0.0312986838922453
"img_1123-0","No conforme",0.906239370925006,0.176248683665877,19135,0.215718876245667,0.215740450290696
"img_1123-1","No conforme",0.932951607809628,0.115995694993063,19197,0.133690394834481,0.133703765211002
"img_1123-2","No conforme",0.911397582361558,0.164553431023166,19103,0.199407410754705,0.199427353490054
"img_1124-0","Conforme",0.931960663523954,0.16481053100226,9570,0.0340073249234428,0.0340107259960424
"img_1124-1","Conforme",0.952389779932359,0.116057954022854,9570,0.0429114120370796,0.0429157036074404
"img_1124-2","Conforme",0.929622532815372,0.170418657868784,9570,0.0329917991312313,0.0329950986410954
"img_1125-0","Conforme",0.930614135257496,0.16921886451537,9455,0.0333986394238827,0.0334019796218449
"img_1125-1","Conforme",0.953009105152803,0.11538082956454,9455,0.0433364858217252,0.0433408199037156
"img_1125-2","Conforme",0.923889571299833,0.185479768692854,9455,0.0303966570783196,0.0303996970480244
"img_1126-0","No conforme",0.922660494043687,0.180192002084981,10475,0.083307194257951,0.0833155258105321
"img_1126-1","No conforme",0.943731073662253,0.136874303347072,10475,0.116000275629733,0.116011876817415
"img_1126-2","No conforme",0.921284109407313,0.183141861624463,10475,0.0811837303298807,0.0811918495148322
"img_1127-0","Conforme",0.92584309931138,0.170036875055567,10508,0.0345533992476853,0.0345568549331787
"img_1127-1","Conforme",0.947883981036018,0.120295388880548,10508,0.0433872515832259,0.0433915907423001
"img_1127-2","Conforme",0.916659902182186,0.190889646327858,10508,0.0309080636934764,0.0309111548089572
"img_1128-0","Conforme",0.912106656188965,0.185250547062161,12080,0.0337161149208752,0.0337194868695622
"img_1128-1","Conforme",0.940036542340447,0.127305775992607,12080,0.0434737462807342,0.0434780940901433
"img_1128-2","Conforme",0.906902373800839,0.196111241647664,12080,0.0319146641929881,0.031917855978586
"img_1129-0","Conforme",0.910486155341653,0.193147440262974,11613,0.0321109974644506,0.0321142088853391
"img_1129-1","Conforme",0.942387537016027,0.125294135991341,11613,0.0437867280977108,0.0437911072084316
"img_1129-2","Conforme",0.907841144229664,0.198807014127388,11613,0.0311723498271262,0.0311754673738636
"img_1130-0","No conforme",0.90914716595818,0.190783005566627,12224,0.0506226453403362,0.0506277081111474
"img_1130-1","No conforme",0.936647156282313,0.133776430428544,12224,0.0489455776583165,0.0489504727055871
"img_1130-2","No conforme",0.907096829115924,0.195241267983052,12224,0.0546760553977666,0.0546815235501217
"img_1131-0","No conforme",0.900189118167653,0.184698261846441,19568,0.221766896010273,0.221789074917765
"img_1131-1","No conforme",0.930649974867877,0.1189264115246,19432,0.134497043595018,0.134510494644482
"img_1131-2","No conforme",0.898205973115809,0.189348418587753,19531,0.228103360269492,0.228126172886781
"img_1132-0","No conforme",0.88795291275922,0.212112051380971,14427,0.0519696322102772,0.0519748296932465
"img_1132-1","No conforme",0.926001954345703,0.14085986182268,14427,0.0474387321815204,0.0474434765291733
"img_1132-2","No conforme",0.897166085923139,0.194313272487545,14427,0.0408667791457308,0.040870866232354
"img_1133-0","Conforme",0.905296591725069,0.195316529225182,12506,0.0321745941976402,0.0321778119788381
"img_1133-1","Conforme",0.937866899683335,0.129118052206282,12506,0.0430631237580782,0.0430674305011283
"img_1133-2","Conforme",0.899244364498363,0.207691510750518,12506,0.0301637360208582,0.0301667526961278
"img_1134-0","No conforme",0.910675704399558,0.196408204575712,11376,0.0623239009934566,0.0623301340068573
"img_1134-1","No conforme",0.93973648283117,0.135836388536889,11376,0.083785577003815,0.0837939563994549
"img_1134-2","No conforme",0.912445726426068,0.192654873832146,11376,0.0636317511428613,0.0636381149543567
"img_1135-0","No conforme",0.909430951053395,0.173630396578121,18839,0.217413897732994,0.217435641297124
"img_1135-1","No conforme",0.935328330419204,0.113929929134067,18697,0.134142462321708,0.134155877909499
"img_1135-2","No conforme",0.91534484576057,0.160166445883249,18719,0.198642063831239,0.198661930024241
"img_1136-0","Conforme",0.914616446066464,0.190077781917242,11025,0.0315698184077965,0.0315729757053671
"img_1136-1","Conforme",0.945223533163632,0.122863401498394,11025,0.0432117158833394,0.0432160374870881
"img_1136-2","Conforme",0.922393043194939,0.172925171846421,11025,0.0345309511445097,0.0345344045849683
"img_1137-0","No conforme",0.91292863376393,0.163561752920485,18958,0.201402652140894,0.201422794420336
"img_1137-1","No conforme",0.934456572283576,0.114827820883616,18852,0.134160178511225,0.134173595870812
"img_1137-2","No conforme",0.912839483481014,0.163914184271522,18925,0.202001928030332,0.202022130243356
"img_1138-0","Conforme",0.926010271049948,0.170132826971719,10458,0.0345779361812372,0.0345813943206693
"img_1138-1","Conforme",0.948025185510972,0.120305200407062,10458,0.0434146050151319,0.0434189469098228
"img_1138-2","Conforme",0.922301559448242,0.178569685587644,10458,0.0330015733277896,0.0330048738151711
"img_1139-0","Conforme",0.909291960377413,0.188099792242859,12403,0.0333991846764997,0.0334025249289926
"img_1139-1","Conforme",0.938442248086368,0.128588094213222,12403,0.0432621400582792,0.0432664667049497
"img_1139-2","Conforme",0.909973571131089,0.186700866353842,12403,0.0336230698531483,0.033626432496398
"img_1140-0","No conforme",0.905744796268239,0.194649888057811,12650,0.0653849315541033,0.0653914707011734
"img_1140-1","No conforme",0.932555936117733,0.141891073771455,12650,0.0779351370879425,0.0779429313810806
"img_1140-2","No conforme",0.903186003651338,0.199872704633485,12650,0.0661197332559238,0.0661263458905128
"img_1141-0","No conforme",0.909901772245519,0.193884368846061,11881,0.0747226138695192,0.074730086878207
"img_1141-1","No conforme",0.936911854840447,0.141658011235909,11881,0.108887858314879,0.108898748189698
"img_1141-2","No conforme",0.9073736736522,0.198974670019553,11881,0.0715494086272577,0.0715565642836861
"img_1142-0","No conforme",0.905701357942469,0.179554376497392,19014,0.222700294969613,0.222722567226336
"img_1142-1","No conforme",0.934309324735754,0.114974037413804,18786,0.134062395946995,0.134075803527348
"img_1142-2","No conforme",0.91002436884263,0.170128819689236,18922,0.209869814307343,0.209890803387682
"img_1143-0","Conforme",0.927715793744256,0.176594823435561,9420,0.0318030382923109,0.0318062189142023
"img_1143-1","Conforme",0.953147497504739,0.115273265510497,9420,0.0430763366971805,0.0430806447616567
"img_1143-2","Conforme",0.930094131828757,0.170831511426971,9420,0.0328176842894223,0.0328209663860609
"img_1144-0","Conforme",0.936086466818417,0.163555285975193,8700,0.0332752505106284,0.0332785783684653
"img_1144-1","Conforme",0.956652659265855,0.111655089080827,8700,0.0432266262240669,0.0432309493189987
"img_1144-2","Conforme",0.934776017491958,0.166879317724128,8700,0.0326495006932556,0.0326527659698526
"img_1145-0","Conforme",0.921905708259134,0.185510117623358,9880,0.0311337941968887,0.0311369078876774
"img_1145-1","Conforme",0.950959426466998,0.117383965608772,9880,0.0435778411209207,0.0435821993408547
"img_1145-2","Conforme",0.924424413164924,0.179574183512473,9880,0.0322230832597173,0.0322263058903064
"img_1146-0","Conforme",0.922164842403636,0.185601137269554,9815,0.0307688533242903,0.0307719305173421
"img_1146-1","Conforme",0.951137547535616,0.117379324706921,9815,0.0431448041838904,0.0431491190958
"img_1146-2","Conforme",0.92535570454317,0.178050534569048,9815,0.0321261900885985,0.0321294030289014
"img_1147-0","No conforme",0.911035536481072,0.195551114137165,11472,0.0764885151299136,0.0764961647463882
"img_1147-1","No conforme",0.938569870605469,0.141570205709664,11472,0.115018660998405,0.115030164014807
"img_1147-2","No conforme",0.906062326839671,0.205779133827917,11472,0.069553434038313,0.0695603900773208
"img_1148-0","Conforme",0.922513306328268,0.177672350874217,10500,0.0332456555283975,0.0332489804264401
"img_1148-1","Conforme",0.948008133275649,0.120072020353562,10500,0.0434807366030198,0.0434850851115309
"img_1148-2","Conforme",0.917220890808105,0.189699295158429,10500,0.0311132505323835,0.0311163621686004
"img_1149-0","Conforme",0.932634615729837,0.165836320527069,9306,0.0337689195487097,0.0337722967783875
"img_1149-1","Conforme",0.953832817867503,0.114410682943084,9306,0.0433358338271159,0.0433401678439003
"img_1149-2","Conforme",0.925697168076459,0.182765641095144,9306,0.0306395567578726,0.0306426210199746
"img_1150-0","Conforme",0.913771492848116,0.186871720439745,11534,0.0327710039009715,0.0327742813291044
"img_1150-1","Conforme",0.942678501999799,0.125142062445981,11534,0.0433089206623403,0.0433132519875391
"img_1150-2","Conforme",0.912725921577005,0.189116815093421,11534,0.0323996074367274,0.0324028477214995
"img_1151-0","Conforme",0.916853519843606,0.187610461640766,10780,0.0317610516907592,0.0317642281135705
"img_1151-1","Conforme",0.946400376730526,0.121846461429318,10780,0.0432744437205835,0.0432787715977432
"img_1151-2","Conforme",0.920586403736788,0.179260968147673,10780,0.0331967245616493,0.0332000445661059
"img_1152-0","Conforme",0.924215897234748,0.173226566127901,10560,0.0339985438623967,0.0340019440568024
"img_1152-1","Conforme",0.947497583366843,0.120819667780075,10560,0.0432412040668892,0.0432455286197512
"img_1152-2","Conforme",0.918215963529699,0.186808431387108,10560,0.0315674273915016,0.0315705844499466
"img_1153-0","Conforme",0.925977602557014,0.179409462187848,9548,0.0314574253622349,0.0314605714193768
"img_1153-1","Conforme",0.952613792455337,0.115684343367262,9548,0.0431462214345521,0.0431505364882009
"img_1153-2","Conforme",0.932035095035328,0.16485401641296,9548,0.0341246293192689,0.0341280421234812
"img_1154-0","Conforme",0.927468027756635,0.169905176845518,10132,0.0340200557648656,0.0340234581106767
"img_1154-1","Conforme",0.949846304411047,0.11827959865609,10132,0.0433067452560014,0.0433110763636377
"img_1154-2","Conforme",0.9206252349674,0.185784943414688,10132,0.0312078451930028,0.0312109662896317
"img_1155-0","Conforme",0.920733890614229,0.17630720524321,11055,0.0342208378644452,0.0342242602904743
"img_1155-1","Conforme",0.945052472318761,0.12306585893051,11055,0.0435416699125082,0.0435460245149596
"img_1155-2","Conforme",0.921133271915211,0.17543017598894,11055,0.0344253184250388,0.034428761301169
"img_1156-0","Conforme",0.913169578857422,0.182303316072662,12160,0.0340924454993344,0.0340958550848429
"img_1156-1","Conforme",0.939638597017176,0.127619016982822,12160,0.043201414453902,0.0432057350274048
"img_1156-2","Conforme",0.904381993587718,0.200568609149508,12160,0.0310575047042533,0.0310606107653299
"img_1157-0","No conforme",0.920464285798914,0.189972875911375,9882,0.0605046317256088,0.0605106827938882
"img_1157-1","No conforme",0.947827738575655,0.127481060679524,9882,0.0806333545681358,0.0806414187100069
"img_1157-2","No conforme",0.925447726781508,0.178384590462682,9882,0.0632097255446077,0.0632160471493226
"img_1158-0","Conforme",0.910997004412483,0.194175407011844,11400,0.0313036675704401,0.0313067982502651
"img_1158-1","Conforme",0.943268030682732,0.124717761028097,11400,0.0431675231635159,0.0431718403475507
"img_1158-2","Conforme",0.912304043291877,0.191347225488164,11400,0.0317764744861022,0.0317796524513473
"img_1159-0","No conforme",0.911344750348259,0.194019940305012,11410,0.0504251303088332,0.0504301733261658
"img_1159-1","No conforme",0.942009515883502,0.130051497428153,11410,0.0763728912020079,0.0763805292549334
"img_1159-2","No conforme",0.914103981520709,0.18815838216873,11410,0.0527613975074244,0.0527666741748419
"img_1160-0","Conforme",0.912535953692268,0.191972357112137,11288,0.0316552585176091,0.0316584243600451
"img_1160-1","Conforme",0.943797308134191,0.124298023332078,11288,0.0433340915335288,0.0433384253760664
"img_1160-2","Conforme",0.909755482016171,0.198026923094784,11288,0.0306578498227442,0.0306609159143356
"img_1161-0","No conforme",0.916370014181698,0.177503148793117,11976,0.0406978173093927,0.0407018874981426
"img_1161-1","No conforme",0.938031438796099,0.132472593190823,11976,0.0485160880775581,0.0485209401715753
"img_1161-2","No conforme",0.915720234267291,0.178908831882469,11976,0.0416042026136042,0.0416083634499493
"img_1162-0","Conforme",0.91815822525922,0.183017630451613,10948,0.0327465577164669,0.0327498326997369
"img_1162-1","Conforme",0.945598921670353,0.122536141098072,10948,0.0432724311291692,0.0432767588050497
"img_1162-2","Conforme",0.915372966990751,0.189190824988122,10948,0.0316875443701499,0.0316907134414941
"img_1163-0","Conforme",0.918800944949879,0.176701310238087,11466,0.0344460656660824,0.0344495106171441
"img_1163-1","Conforme",0.942969048156738,0.124952160724617,11466,0.0433432861534235,0.0433476209155151
"img_1163-2","Conforme",0.917509163333668,0.179481958257325,11466,0.0339854084768912,0.033988807357627
"img_1164-0","Conforme",0.915009066305721,0.186997351367512,11247,0.0325682131162853,0.0325714702633116
"img_1164-1","Conforme",0.944278540164723,0.123528727601152,11247,0.0435643345728347,0.0435686914419789
"img_1164-2","Conforme",0.910370140309053,0.197115970383282,11247,0.0308223990396907,0.0308254815878495
"img_1165-0","Conforme",0.932074763919606,0.171728779463323,8880,0.0321248586021432,0.0321280714092842
"img_1165-1","Conforme",0.955704315652286,0.112768295348593,8880,0.0433287820099916,0.0433331153215238
"img_1165-2","Conforme",0.929048321228027,0.179321407447977,8880,0.0306679563683104,0.0306710234706574
"img_1166-0","No conforme",0.909913319899615,0.185419055673536,12566,0.0357857696243538,0.0357893485592097
"img_1166-1","No conforme",0.937092309372846,0.130434456982899,12566,0.044763575020177,0.0447680518253595
"img_1166-2","No conforme",0.906611947308709,0.192180999180217,12566,0.0359851478357571,0.0359887467104281
"img_1167-0","Conforme",0.909624389217601,0.194499013486663,11661,0.03153360194413,0.031536755619692
"img_1167-1","Conforme",0.942122718793084,0.125521675364958,11661,0.0432342265261052,0.0432385503811433
"img_1167-2","Conforme",0.909769841793285,0.194189259379007,11661,0.0316081734619811,0.0316113345954407
"img_1168-0","Conforme",0.933550889174517,0.165030950917859,9165,0.0336399049511667,0.0336432692780946
"img_1168-1","Conforme",0.954474520407284,0.113811238599349,9165,0.0432056023460042,0.043209923338338
"img_1168-2","Conforme",0.931897839499081,0.169097198414338,9165,0.0328467633936937,0.0328500483985336
"img_1169-0","No conforme",0.905268829489315,0.181256391548535,18908,0.225338126195768,0.225360662261994
"img_1169-1","No conforme",0.934019197405647,0.115286394438252,18915,0.134439812449509,0.134453257775286
"img_1169-2","No conforme",0.905436659384335,0.180388324587514,19082,0.224336513454088,0.224358949349023
"img_1170-0","No conforme",0.906821719719382,0.185488456763803,13270,0.0373608394169883,0.0373645758745758
"img_1170-1","No conforme",0.932838943391688,0.13470891358578,13270,0.046262983594527,0.0462676103555625
"img_1170-2","No conforme",0.897606272924087,0.203926669125841,13270,0.042823728974944,0.0428280117761216
"img_1171-0","Conforme",0.919390712962431,0.177498943767635,11242,0.0342634601488535,0.0342668868375373
"img_1171-1","Conforme",0.944067212111529,0.124021338413736,11242,0.0435856214935442,0.0435899804915934
"img_1171-2","Conforme",0.909550795359892,0.198959097317226,11242,0.0305858545930794,0.0305889134844278
"img_1172-0","No conforme",0.895046582821117,0.202404177971775,14185,0.0734201362921629,0.0734274790400669
"img_1172-1","No conforme",0.925312505547018,0.149867946293396,14185,0.103543826699753,0.103554182117964
"img_1172-2","No conforme",0.886789830645393,0.217341426581667,14185,0.0652492792829259,0.0652558048634122
"img_1173-0","Conforme",0.925881631379969,0.182381294539804,9300,0.030646305917361,0.0306493708544464
"img_1173-1","Conforme",0.953776216412712,0.114586449695984,9300,0.0432728412041372,0.0432771689210293
"img_1173-2","Conforme",0.933419916040757,0.16398085217642,9300,0.0340492068075744,0.0340526120687813
"img_1174-0","No conforme",0.9238040707936,0.17775749701841,10285,0.0558917623998186,0.0558973521350321
"img_1174-1","No conforme",0.947419202916762,0.125609315292143,10285,0.0790956498255455,0.0791035601815637
"img_1174-2","No conforme",0.926505982522403,0.171683348728153,10285,0.058524727967287,0.0585305810253895
"img_1175-0","Conforme",0.912430887989717,0.191111959975056,11396,0.0317852603502263,0.0317884391941457
"img_1175-1","Conforme",0.943428441359576,0.124398171639804,11396,0.0431823272845687,0.0431866459491636
"img_1175-2","Conforme",0.917182478404326,0.180835996580935,11396,0.0335197599391795,0.0335231122504045
"img_1176-0","No conforme",0.910724168647317,0.167917726270644,19033,0.206554844983006,0.206575502533259
"img_1176-1","No conforme",0.933833956280877,0.115589471397199,18971,0.134533721524453,0.134547176242077
"img_1176-2","No conforme",0.906772178488339,0.176718576671478,19036,0.218495967911975,0.218517819693945
"img_1177-0","No conforme",0.905815697667739,0.187478087391421,13284,0.0402973127991446,0.0403013429334379
"img_1177-1","No conforme",0.931858948436064,0.13663431253191,13284,0.0475566113008315,0.0475613674375753
"img_1177-2","No conforme",0.906023794771082,0.187058309085674,13284,0.0400906873805389,0.0400946968502239
"img_1178-0","Conforme",0.917848831894818,0.181837699557024,11139,0.0331693569537639,0.033172674221186
"img_1178-1","Conforme",0.944700059455423,0.123283919768192,11139,0.0432963968548619,0.0433007269275546
"img_1178-2","Conforme",0.910713159484863,0.19749147995892,11139,0.0304635793939236,0.0304666260565292
"img_1179-0","Conforme",0.914083159843894,0.18672640034389,11480,0.032829133910963,0.0328324171526783
"img_1179-1","Conforme",0.942969407151166,0.124870700503909,11480,0.0434769508365868,0.0434812989664835
"img_1179-2","Conforme",0.91394028006161,0.187034117484926,11480,0.0327806652813904,0.032783943675758
"img_1180-0","No conforme",0.899504037134507,0.197174496029043,13576,0.0380609605292176,0.0380647670059182
"img_1180-1","No conforme",0.931692554518756,0.13503959453134,13576,0.0455430163629233,0.0455475711200353
"img_1180-2","No conforme",0.896356194493911,0.203366169237899,13576,0.0394889729781056,0.0394929222703327
"img_1181-0","No conforme",0.899088321587058,0.204944820170558,13029,0.0724955353090495,0.0725027855876083
"img_1181-1","No conforme",0.930835634819479,0.146948085593427,13029,0.109204673426479,0.109215594985978
"img_1181-2","No conforme",0.89758479309082,0.207806456052651,13029,0.0707513578096406,0.0707584336530059
"img_1182-0","Conforme",0.924013484209846,0.176927233212028,10230,0.0329461361478705,0.0329494310909796
"img_1182-1","Conforme",0.94916804427203,0.119194298278121,10230,0.0433130448422045,0.0433173765798625
"img_1182-2","Conforme",0.921701141267664,0.182264285904709,10230,0.0320346442792097,0.0320378480640161
"img_1183-0","Conforme",0.901771864767635,0.195229093429175,13280,0.0332319263006392,0.0332352498256218
"img_1183-1","Conforme",0.934184035680434,0.131823468058835,13280,0.043520849410112,0.043525201930305
"img_1183-2","Conforme",0.899932018324908,0.198848896776176,13280,0.0326558779618936,0.0326591438762812
"img_1184-0","Conforme",0.912851390129538,0.182889105213853,12168,0.0339274581246061,0.0339308512097271
"img_1184-1","Conforme",0.939623279921588,0.127598499042607,12168,0.0431580999914314,0.0431624162330547
"img_1184-2","Conforme",0.903059876942354,0.203236867489183,12168,0.0305523955988189,0.0305554511439333
"img_1185-0","No conforme",0.91782100982666,0.179954995229659,11350,0.0356755047782351,0.0356790726855037
"img_1185-1","No conforme",0.943095773189769,0.125486176852437,11350,0.0444312731887658,0.0444357167604418
"img_1185-2","No conforme",0.914015489394244,0.188264268888945,11350,0.0363203675998422,0.0363239999998422
"img_1186-0","No conforme",0.891139766127642,0.189968822667149,20852,0.214289126810617,0.214310557866404
"img_1186-1","No conforme",0.923349464183134,0.124594818936032,20913,0.13334546305621,0.133358798936104
"img_1186-2","No conforme",0.891058812884162,0.189515818408275,21026,0.214066146380999,0.214087555136513
"img_1187-0","Conforme",0.916908445991067,0.18672738544207,10854,0.0317703002415408,0.0317734775892997
"img_1187-1","Conforme",0.946012782413258,0.122211078923255,10854,0.0429812479171667,0.0429855464718139
"img_1187-2","Conforme",0.916787405036477,0.186998019198973,10854,0.0317561346584448,0.0317593105895038
"img_1188-0","Conforme",0.902963008279239,0.198035054101563,12720,0.0320986021274207,0.0321018123086515
"img_1188-1","Conforme",0.936724280251896,0.130138830536081,12720,0.0432903025415515,0.0432946320047519
"img_1188-2","Conforme",0.90704896319221,0.189777679189786,12720,0.0334831099419481,0.0334864585878069
"img_1189-0","No conforme",0.892112820524328,0.193853440957515,20384,0.225672410852304,0.225694980350339
"img_1189-1","No conforme",0.926379436986587,0.122465898744772,20208,0.134148874098567,0.1341622903276
"img_1189-2","No conforme",0.894890240747788,0.188059312513536,20339,0.218110091010351,0.218131904200771
"img_1190-0","Conforme",0.902602936868107,0.197260081150037,12880,0.0326208841872326,0.0326241466018928
"img_1190-1","Conforme",0.936011436982996,0.130618444666102,12880,0.0436201815983318,0.0436245440527371
"img_1190-2","Conforme",0.908009093789493,0.186423373899837,12880,0.0344068842080468,0.0344103252405709
"img_1191-0","Conforme",0.931841058547076,0.170908720344729,9009,0.0325604508463743,0.032563707217096
"img_1191-1","Conforme",0.95518293607824,0.113168306927605,9009,0.0435152480041969,0.0435195999641933
"img_1191-2","Conforme",0.936137444027171,0.160233344763357,9009,0.0345750470822032,0.0345785049326965
"img_1192-0","Conforme",0.900617338687672,0.202312745289464,12768,0.0314187233886644,0.0314218655752219
"img_1192-1","Conforme",0.936527431640625,0.130238949265337,12768,0.0432338842304173,0.0432382080512224
"img_1192-2","Conforme",0.90819660854564,0.187028849717681,12768,0.0339211534297962,0.0339245458843846
"img_1193-0","Conforme",0.927017250420065,0.177390702907833,9504,0.032168309737689,0.032171526890378
"img_1193-1","Conforme",0.9528118377147,0.115538500137897,9504,0.0436757521596336,0.0436801201716508
"img_1193-2","Conforme",0.927152710984174,0.17706446098848,9504,0.0322397630322606,0.0322429873309937
"img_1194-0","Conforme",0.929123650225471,0.167486500358239,9984,0.0342879495380653,0.0342913786759329
"img_1194-1","Conforme",0.950371214096967,0.118042359415819,9984,0.0432152660558716,0.0432195880146731
"img_1194-2","Conforme",0.921412330250459,0.185536613850674,9984,0.0310319100885959,0.0310350135899549
"img_1195-0","No conforme",0.890734222088982,0.186527801842439,21397,0.207052140300927,0.207072847585686
"img_1195-1","No conforme",0.921807523283117,0.126296285972835,21078,0.133612351529935,0.133625714101345
"img_1195-2","No conforme",0.887025809649299,0.194504399644227,21180,0.21619385251243,0.216215474059836
"img_1196-0","Conforme",0.931914891734404,0.165824840013684,9480,0.0340150432603438,0.0340184451048543
"img_1196-1","Conforme",0.952974043363683,0.11529420975268,9480,0.0433399390593305,0.0433442734866792
"img_1196-2","Conforme",0.933226657373765,0.162662639100377,9480,0.0345955592834804,0.034599019185399
"img_1197-0","No conforme",0.92355798011331,0.183737214238831,9711,0.0415023878014866,0.0415065384553321
"img_1197-1","No conforme",0.951147719044405,0.118206879747958,9711,0.0456960412941759,0.0457006113553115
"img_1197-2","No conforme",0.924684923454733,0.181013302322717,9711,0.0405408968531301,0.0405449513482649
"img_1198-0","Conforme",0.915882021089442,0.18665549946828,11088,0.0322711821049382,0.0322744095458928
"img_1198-1","Conforme",0.944949500750373,0.123063516632184,11088,0.0432710617767757,0.0432753893157073
"img_1198-2","Conforme",0.9157512872853,0.186943283870538,11088,0.0322304768604017,0.0322337002304247
"img_1199-0","No conforme",0.909757815479952,0.195069493757838,11721,0.064506477005129,0.0645129282979588
"img_1199-1","No conforme",0.938948789224064,0.136867930835531,11721,0.0967944778321247,0.0968041582479495
"img_1199-2","No conforme",0.911168244754567,0.192170931509996,11721,0.0660449823565856,0.0660515875153371
"img_1200-0","Conforme",0.903552836124196,0.197265181033081,12675,0.0320946695016528,0.0320978792895817
"img_1200-1","Conforme",0.936948651769301,0.129949767556898,12675,0.0431185967565424,0.0431229090474471
"img_1200-2","Conforme",0.908022795410156,0.188210862537764,12675,0.0335670466473702,0.033570403687739
"img_1201-0","Conforme",0.918512492927102,0.188170406214809,10366,0.0311692228213765,0.0311723400553821
"img_1201-1","Conforme",0.948493792904124,0.119839445098707,10366,0.0433212416258148,0.0433255741832331
"img_1201-2","Conforme",0.91968125911937,0.185492609847913,10366,0.0316403288312715,0.0316434931805896
"img_1202-0","Conforme",0.918446916611615,0.176692164464519,11550,0.0344180502851221,0.0344214924343656
"img_1202-1","Conforme",0.942664860211541,0.125065347046707,11550,0.0432316754590113,0.0432359990589172
"img_1202-2","Conforme",0.911071794918285,0.192506752074233,11550,0.0317310559325762,0.0317342293555118
"img_1203-0","Conforme",0.915327554195628,0.18504521803349,11376,0.0329879815763744,0.0329912807044448
"img_1203-1","Conforme",0.943484384657916,0.12441687085715,11376,0.0433850279567498,0.0433893668934391
"img_1203-2","Conforme",0.915626357224408,0.18439730634357,11376,0.0330606557987439,0.0330639621949634
"img_1204-0","No conforme",0.915494725934197,0.163167804208101,18322,0.206081775345003,0.206102385583561
"img_1204-1","No conforme",0.937111156580308,0.112455837442713,18365,0.134501554206377,0.134515005706948
"img_1204-2","No conforme",0.917232199132583,0.158575882597446,18488,0.19954558286821,0.199565539422153
"img_1205-0","Conforme",0.917223583266314,0.184082559375132,11050,0.0328128672437395,0.0328161488586254
"img_1205-1","Conforme",0.945189368860581,0.122797304847338,11050,0.0435418301265214,0.0435461847449959
"img_1205-2","Conforme",0.913286850370519,0.192761240593979,11050,0.0313614658535231,0.0313646023137544
"img_1206-0","No conforme",0.927962422916188,0.172805142810729,9924,0.0754290641787945,0.0754366078395785
"img_1206-1","No conforme",0.947690602704216,0.129991025273523,9924,0.103516244560815,0.103526597220537
"img_1206-2","No conforme",0.920826092349782,0.188906082038942,9924,0.0653308706985396,0.0653374044389835
"img_1207-0","Conforme",0.933309824416217,0.167055688878785,9028,0.0332562625248798,0.0332595884837281
"img_1207-1","Conforme",0.955114607472139,0.113201300105567,9028,0.0434530061708393,0.0434573519060299
"img_1207-2","Conforme",0.934395782560461,0.16436090924191,9028,0.0337754726845365,0.0337788505695935
"img_1208-0","Conforme",0.922476509399414,0.173066903521808,10990,0.0345423273824951,0.0345457819606912
"img_1208-1","Conforme",0.945379037583295,0.122752997775128,10990,0.0433196162738832,0.0433239486687501
"img_1208-2","Conforme",0.918737283271341,0.181326377311515,10990,0.0331240227601398,0.0331273354936892
"img_1209-0","Conforme",0.918004455979291,0.190796667366482,10230,0.0303426467915875,0.0303456813597234
"img_1209-1","Conforme",0.949292136679257,0.118900918610246,10230,0.0431749002591836,0.0431792181810017
"img_1209-2","Conforme",0.920584010440602,0.184838892932651,10230,0.0314107542011543,0.0314138955907134
"img_1210-0","No conforme",0.877462557085823,0.205280083456556,21981,0.221885820440297,0.221908011241421
"img_1210-1","No conforme",0.917400747016458,0.129295412169444,21977,0.132605293552764,0.132618555408305
"img_1210-2","No conforme",0.878428910253188,0.203052593145944,22115,0.219803546065722,0.219825528618584
"img_1211-0","Conforme",0.931461541604435,0.164713665702708,9702,0.0344097022921541,0.0344131436065148
"img_1211-1","Conforme",0.951806832813936,0.11656395885107,9702,0.043191857271616,0.0431961768893049
"img_1211-2","Conforme",0.926122217479033,0.17741976589253,9702,0.0320936882277217,0.0320968979175134
"img_1212-0","Conforme",0.924375530090332,0.177612018153551,10080,0.0327341366140037,0.0327374103550392
"img_1212-1","Conforme",0.949919599106732,0.118462151683969,10080,0.0434150191403104,0.0434193610764181
"img_1212-2","Conforme",0.923885562528722,0.178752608639963,10080,0.0325320671068028,0.0325353206388667
"img_1213-0","Conforme",0.917380583496094,0.186654644583745,10758,0.0318765005413789,0.0318796885102299
"img_1213-1","Conforme",0.946580711598116,0.121585477057176,10758,0.0432461887971048,0.0432505138484897
"img_1213-2","Conforme",0.9182533587826,0.184699175205053,10758,0.032199688555104,0.0322029088459886
"img_1214-0","No conforme",0.897495882137523,0.196558314390936,14120,0.0456565050972124,0.0456610712043329
"img_1214-1","No conforme",0.926917031142291,0.141056892468565,14120,0.0482228319816483,0.048227654747123
"img_1214-2","No conforme",0.901440094083898,0.188823174313325,14120,0.040479723192642,0.040483771569799
"img_1215-0","No conforme",0.909287772109088,0.192263865199119,12014,0.0459463861685068,0.0459509812666335
"img_1215-1","No conforme",0.938734768712661,0.130713572785599,12014,0.0478052041957183,0.0478099851942377
"img_1215-2","No conforme",0.911537889350442,0.18742097564029,12014,0.0432132425730185,0.0432175643294515
"img_1216-0","Conforme",0.926606441129797,0.171729781737568,10150,0.033837190394618,0.0338405744520632
"img_1216-1","Conforme",0.949508191492417,0.11894501897828,10150,0.0433628734541133,0.0433672101751308
"img_1216-2","Conforme",0.928557396347943,0.167213345754063,10150,0.0346840764005769,0.0346875451550924
"img_1217-0","No conforme",0.92256565968233,0.172701686154474,11024,0.038727093770694,0.0387309668673808
"img_1217-1","No conforme",0.943733347293629,0.126390503919357,11024,0.0472077335439452,0.0472124547894241
"img_1217-2","No conforme",0.920793124694824,0.176692687076287,11024,0.0404700828732704,0.0404741302862991
"img_1218-0","Conforme",0.918223083585851,0.186134438121144,10624,0.0318718969017272,0.0318750844101682
"img_1218-1","Conforme",0.947261125703699,0.120944342870723,10624,0.0434262165343725,0.0434305595903315
"img_1218-2","Conforme",0.91736957433364,0.18806208654031,10624,0.0315710063787312,0.0315741637951107
"img_1219-0","No conforme",0.890979295618394,0.186838395099099,21276,0.208093129540529,0.208113940934623
"img_1219-1","No conforme",0.921702337915757,0.126033571772288,21278,0.133877001871465,0.133890390910556
"img_1219-2","No conforme",0.89099574952967,0.187252544895566,21083,0.207896417278616,0.207917208999516
"img_1220-0","No conforme",0.921200643202838,0.183218052888961,10276,0.0408657539346174,0.0408698409187093
"img_1220-1","No conforme",0.948148918923771,0.121385065998694,10276,0.0460180531331212,0.046022655398661
"img_1220-2","No conforme",0.92587145987118,0.172322493223135,10276,0.037819284847507,0.0378230671542225
"img_1221-0","Conforme",0.919074857698328,0.188654314512931,10200,0.0309787085227208,0.0309818067033912
"img_1221-1","Conforme",0.949247262375775,0.119218879469782,10200,0.0434461223426407,0.0434504673893796
"img_1221-2","Conforme",0.926208196644502,0.172163204876027,10200,0.0338976425287311,0.0339010326319943
"img_1222-0","No conforme",0.901147034965964,0.202866578580959,12751,0.0634603827913742,0.0634667294643206
"img_1222-1","No conforme",0.932573407179888,0.141916074633264,12751,0.0840768439776281,0.0840852525028784
"img_1222-2","No conforme",0.903536142883301,0.198148440996456,12751,0.0649698565496878,0.0649763541851063
"img_1223-0","No conforme",0.928293116616642,0.174265700301016,9690,0.0743238233273235,0.0743312564529688
"img_1223-1","No conforme",0.948794151575425,0.129111985931496,9690,0.10458555171652,0.104596011317652
"img_1223-2","No conforme",0.922390051574707,0.187782619986937,9690,0.0656556918429496,0.0656622580687564
"img_1224-0","No conforme",0.915196640894273,0.190088695239924,10969,0.0513736590782769,0.0513787969579727
"img_1224-1","No conforme",0.944050399205825,0.128507740884125,10969,0.0771892243924351,0.0771969440868438
"img_1224-2","No conforme",0.915777434046128,0.188824799898156,10969,0.0518874964564822,0.0518926857250547
"img_1225-0","Conforme",0.912476958941291,0.190431001329839,11455,0.0321377218828157,0.0321409359764134
"img_1225-1","Conforme",0.943145194756003,0.124648487321631,11455,0.0434272331122265,0.0434315762698535
"img_1225-2","Conforme",0.912060944231819,0.191328666308134,11455,0.0320002478240814,0.0320034481688983
"img_1226-0","Conforme",0.909728856596105,0.188488738957787,12264,0.0334191894927274,0.033422531745902
"img_1226-1","Conforme",0.939065761575138,0.128181327650069,12264,0.0435418576716982,0.0435462122929275
"img_1226-2","Conforme",0.904629580078125,0.199034303949944,12264,0.0316990540554248,0.0317022242778526
"img_1227-0","Conforme",0.920431138646743,0.176772977569537,11076,0.0340799586265147,0.034083366963211
"img_1227-1","Conforme",0.944992280919692,0.123056413777746,11076,0.043432610471699,0.0434369541671157
"img_1227-2","Conforme",0.916364928427303,0.185715160127156,11076,0.0325159847229268,0.0325192366465915
"img_1228-0","Conforme",0.928681728084789,0.167650067703648,10074,0.0344291205847034,0.0344325638410876
"img_1228-1","Conforme",0.949966986371209,0.118389300042519,10074,0.043363357158887,0.0433676939282799
"img_1228-2","Conforme",0.921333171979119,0.184758688662418,10074,0.0313898535311148,0.0313929928303979
"img_1229-0","No conforme",0.902187041823443,0.186192612301298,19048,0.229561917384695,0.229584875872282
"img_1229-1","No conforme",0.933062836249856,0.116323525393875,19052,0.134574729723489,0.134588188542343
"img_1229-2","No conforme",0.903867853734633,0.181994426076217,19093,0.223847436847407,0.22386982382979
"img_1230-0","Conforme",0.918146857102338,0.180864721920542,11172,0.0332666877819955,0.0332700147834738
"img_1230-1","Conforme",0.94449854391659,0.12350334133218,11172,0.043140570110287,0.0431448845987468
"img_1230-2","Conforme",0.919270210499483,0.178407040336582,11172,0.0336767068861995,0.0336800748936889
"img_1231-0","Conforme",0.913020596169864,0.189498502962468,11431,0.0323864500787937,0.0323896890476985
"img_1231-1","Conforme",0.943179478723863,0.124733302860482,11431,0.0435303599547455,0.0435347134260881
"img_1231-2","Conforme",0.908984900476792,0.198215164877489,11431,0.0308768376005639,0.0308799255931232
"img_1232-0","No conforme",0.9201160612039,0.178552376061686,11062,0.0562564470722187,0.0562620732795466
"img_1232-1","No conforme",0.943576825723087,0.128932640205041,11062,0.0770359327110873,0.0770436370747948
"img_1232-2","No conforme",0.912433700112735,0.195161503905084,11062,0.0495170222516171,0.049521974449062
"img_1233-0","Conforme",0.925226825543572,0.170313888201454,10626,0.034403692769733,0.0344071334830813
"img_1233-1","Conforme",0.94723007268569,0.120979283242708,10626,0.0430491602147831,0.0430534655613392
"img_1233-2","Conforme",0.919142109321145,0.184033208117089,10626,0.0320007772578153,0.0320039776555808
"img_1234-0","Conforme",0.917492410260369,0.184532628104107,10944,0.032479230596941,0.0324824788448255
"img_1234-1","Conforme",0.945663899661793,0.122419769476125,10944,0.0432957920398275,0.0433001220520327
"img_1234-2","Conforme",0.919931897062414,0.17912792297963,10944,0.0334319988451523,0.0334353423793902
"img_1235-0","Conforme",0.907623354276769,0.187377283023976,12859,0.0340915251146143,0.0340949346080751
"img_1235-1","Conforme",0.936139238999311,0.130477817112961,12859,0.0434331358620391,0.0434374796100001
"img_1235-2","Conforme",0.902022502710679,0.198618404656584,12859,0.0322534270267621,0.0322566526920314
"img_1236-0","Conforme",0.912862159962374,0.185068528119295,11929,0.0336735433448283,0.0336769110359319
"img_1236-1","Conforme",0.940719888233858,0.126822391890112,11929,0.0435356715180524,0.0435400255206045
"img_1236-2","Conforme",0.908160230443618,0.19495523258897,11929,0.0319664828485779,0.0319696798165595
"img_1237-0","Conforme",0.911496186164407,0.192344486317829,11475,0.0317704797306739,0.0317736570963835
"img_1237-1","Conforme",0.942933507708381,0.124970190755516,11475,0.0433239704469318,0.0433283032772596
"img_1237-2","Conforme",0.911116908551384,0.193163261557729,11475,0.0316834009210668,0.0316865695780246
"img_1238-0","Conforme",0.927666252513212,0.179395066407326,9176,0.0309752333337628,0.0309783311668795
"img_1238-1","Conforme",0.954445501691033,0.113806988098948,9176,0.0432229074372492,0.0432272301602652
"img_1238-2","Conforme",0.931308609978171,0.170430827216995,9176,0.0326185937002543,0.0326218558858429
"img_1239-0","No conforme",0.900639117682962,0.202127134587406,13015,0.0742534522436628,0.0742608783314959
"img_1239-1","No conforme",0.930852687054802,0.147004242592641,13015,0.109268068323349,0.109278996222972
"img_1239-2","No conforme",0.898314748427447,0.206547089539244,13015,0.0715735722721542,0.0715807303451887
"img_1240-0","No conforme",0.897828610139735,0.20991101866066,12720,0.0642824540799217,0.0642888829682185
"img_1240-1","No conforme",0.932052506265079,0.14361081569612,12720,0.088206680654452,0.0882155022046725
"img_1240-2","No conforme",0.899937343408921,0.205744179205416,12720,0.0657503706406602,0.0657569463352937
"img_1241-0","Conforme",0.927818047323788,0.174640765919293,9581,0.0324946213231384,0.0324978711102494
"img_1241-1","Conforme",0.952491973679486,0.115762016784262,9581,0.0433464197045482,0.0433507547800262
"img_1241-2","Conforme",0.931797081729664,0.165102563832635,9581,0.034255076924379,0.0342585027746565
"img_1242-0","Conforme",0.909594832009708,0.189654736139628,12168,0.0329043006877207,0.0329075914468654
"img_1242-1","Conforme",0.939519889526367,0.127819466673794,12168,0.0432656000319615,0.043269927024664
"img_1242-2","Conforme",0.913701668431899,0.181128971460974,12168,0.0343512760836159,0.0343547115547714
"img_1243-0","Conforme",0.909820280510397,0.188969127818864,12191,0.0329739569506966,0.0329772546761643
"img_1243-1","Conforme",0.939310117115694,0.128101114956933,12191,0.043105437961958,0.0431097489368516
"img_1243-2","Conforme",0.90437170241412,0.200280546672246,12191,0.0311016094003004,0.0311047198722876
"img_1244-0","Conforme",0.91833688481948,0.176928074889134,11550,0.0343835776390517,0.0343870163406857
"img_1244-1","Conforme",0.942511390093635,0.125390216663084,11550,0.0431752196218077,0.0431795375755652
"img_1244-2","Conforme",0.910779932448443,0.193133951559398,11550,0.0316516682824312,0.0316548337658078
"img_1245-0","Conforme",0.932041616767434,0.164626697193155,9570,0.0343807266538627,0.0343841650703698
"img_1245-1","Conforme",0.952342691829906,0.116193000390451,9570,0.043323207142161,0.0433275398961506
"img_1245-2","Conforme",0.925421221026252,0.180513718250807,9570,0.0315087920012545,0.031511943195574
"img_1246-0","Conforme",0.920233691711426,0.179319381253617,10855,0.0333283209718967,0.0333316541373104
"img_1246-1","Conforme",0.946015295374253,0.122218836800684,10855,0.0433203971845533,0.043324729657519
"img_1246-2","Conforme",0.913875002908146,0.193485763357504,10855,0.0308752986073892,0.0308783864460338
"img_1247-0","Conforme",0.924120344884536,0.179605696075251,9945,0.0322405858652829,0.0322438102463075
"img_1247-1","Conforme",0.950530906784955,0.117945550224267,9945,0.0434738368683776,0.0434781846868463
"img_1247-2","Conforme",0.924669307197122,0.178317828411233,9945,0.0324891520127459,0.0324924012528712
"img_1248-0","No conforme",0.902586183794807,0.208059637415089,11902,0.0581274504893005,0.0581332638156821
"img_1248-1","No conforme",0.938026712036133,0.137647289899631,11902,0.0966123478191428,0.0966220100201448
"img_1248-2","No conforme",0.909707915254481,0.193503417244539,11902,0.0657893787080858,0.0657959583039162
"img_1249-0","No conforme",0.900772962772145,0.180508171091476,19910,0.213603137395951,0.213624499845936
"img_1249-1","No conforme",0.928862122784783,0.119974804054822,20009,0.134618139396385,0.134631602556641
"img_1249-2","No conforme",0.903950123291016,0.173590762525616,19872,0.204394402984675,0.204414844469122
"img_1250-0","No conforme",0.92053668300853,0.186754650642348,10126,0.0515684191161111,0.0515735764737585
"img_1250-1","No conforme",0.948199417473288,0.124896313465008,10126,0.0793320824250062,0.0793400164266488
"img_1250-2","No conforme",0.919762631189683,0.188523173401558,10126,0.0508153347799185,0.0508204168216007
"img_1251-0","Conforme",0.928218924434886,0.170273505788109,9916,0.0337169906872157,0.0337203627234881
"img_1251-1","Conforme",0.950778792437385,0.117547884709521,9916,0.0432574097442874,0.0432617359178792
"img_1251-2","Conforme",0.926698702697754,0.173844817301221,9916,0.0330745689551792,0.0330778767428535
"img_1252-0","Conforme",0.911308970570284,0.195917739368755,11165,0.0309713547660895,0.0309744522113106
"img_1252-1","Conforme",0.944451635311351,0.123671072534602,11165,0.0434825809042826,0.0434869295972424
"img_1252-2","Conforme",0.914099434257956,0.189802008061998,11165,0.0319850314503175,0.0319882302733448
"img_1253-0","No conforme",0.915463134424546,0.186679706837503,11354,0.0690499900071321,0.0690568956967018
"img_1253-1","No conforme",0.940580478731043,0.135901936527053,11354,0.0983927928775385,0.0984026331408525
"img_1253-2","No conforme",0.912760863701315,0.19232473392415,11354,0.0659243217521416,0.0659309148436259
"img_1254-0","No conforme",0.889146090572582,0.194173105066545,20829,0.22013381368093,0.220155829263856
"img_1254-1","No conforme",0.923755307383818,0.124519496238716,20783,0.133895265314475,0.133908656180093
"img_1254-2","No conforme",0.896374981868968,0.179136027728542,20836,0.201189695948078,0.201209816929771
"img_1255-0","Conforme",0.92447927947998,0.17665723158235,10150,0.0329132525969575,0.0329165442513826
"img_1255-1","Conforme",0.949583939316693,0.118766283054492,10150,0.0432987458188903,0.0433030761265029
"img_1255-2","Conforme",0.923692004699707,0.178483019319093,10150,0.0326186058028785,0.0326218679896775
"img_1256-0","No conforme",0.89344869862276,0.192593646032767,20333,0.226523422442953,0.226546077050658
"img_1256-1","No conforme",0.927465395130831,0.121142187127625,20169,0.134248629979621,0.13426205618524
"img_1256-2","No conforme",0.893806616067325,0.192510174272029,20193,0.2261573779652,0.226179995964797
"img_1257-0","No conforme",0.914102725040211,0.185002641332617,11856,0.0703998332140782,0.0704068739014684
"img_1257-1","No conforme",0.938059380529067,0.137857908467823,11856,0.0966434876704314,0.0966531529857299
"img_1257-2","No conforme",0.914450470975988,0.184299044764806,11856,0.0707831198183581,0.0707901988382419
"img_1258-0","No conforme",0.91231104368322,0.190683970825543,11494,0.0405781339440542,0.0405821921632705
"img_1258-1","No conforme",0.941963624429142,0.12707055564257,11494,0.0455996155603993,0.0456041759779971
"img_1258-2","No conforme",0.913444688253964,0.188205835571659,11494,0.039779918793196,0.0397838971829143
"img_1259-0","No conforme",0.910834080774644,0.192375312745601,11680,0.0491310366405729,0.0491359502355965
"img_1259-1","No conforme",0.940013746194278,0.130154413496693,11680,0.047574260836021,0.0475790187378948
"img_1259-2","No conforme",0.915018579658059,0.183173145145105,11680,0.0430711246382487,0.0430754321814668
"img_1260-0","Conforme",0.91407125319537,0.192226525698846,10934,0.0312982789647942,0.0313014091057048
"img_1260-1","Conforme",0.945612264296588,0.122609493851217,10934,0.0434808943477924,0.0434852428720796
"img_1260-2","Conforme",0.918356450015797,0.182721730962395,10934,0.0329682224898635,0.0329715196418277
"img_1261-0","Conforme",0.924668110549029,0.17439973108121,10332,0.0332447336033076,0.0332480584091486
"img_1261-1","Conforme",0.94874407185274,0.119471034485875,10332,0.0429522957953152,0.0429565914544606
"img_1261-2","Conforme",0.918383972921932,0.188818824154457,10332,0.0306845591960377,0.0306876279588336
"img_1262-0","Conforme",0.926849300860237,0.176130487341569,9660,0.0323557882161368,0.0323590241185486
"img_1262-1","Conforme",0.951975919189453,0.116451331786861,9660,0.0432649608960404,0.0432692878248228
"img_1262-2","Conforme",0.929513817336138,0.169771355322539,9660,0.033497982419882,0.0335013325531373
"img_1263-0","No conforme",0.90790193395278,0.1765401430657,18735,0.220104796742438,0.22012680942338
"img_1263-1","No conforme",0.934687764695111,0.114464846153134,18857,0.134107008582128,0.13412042062419
"img_1263-2","No conforme",0.905403691729377,0.18245081782437,18697,0.228228731405725,0.228251556561381
"img_1264-0","No conforme",0.921833311049517,0.181720071876809,10522,0.0849026326859971,0.084911123798377
"img_1264-1","No conforme",0.943330735042796,0.137881400597146,10522,0.119158833872575,0.11917075094767
"img_1264-2","No conforme",0.915707489965102,0.194856109419098,10522,0.0751616850369153,0.075169201957111
"img_1265-0","Conforme",0.91144556795008,0.185105714841664,12245,0.0337061913824783,0.0337095623387122
"img_1265-1","Conforme",0.939294022198845,0.12780693222359,12245,0.0432126193799345,0.0432169410740419
"img_1265-2","Conforme",0.906985122016458,0.194334292691032,12245,0.0321516085579945,0.0321548240403986
"img_1266-0","No conforme",0.904838873829561,0.210141569702087,11400,0.084636988789322,0.0846454533346555
"img_1266-1","No conforme",0.933898216283462,0.151724501097016,11400,0.115819843880888,0.11583142702359
"img_1266-2","No conforme",0.907325807728487,0.204996457178885,11400,0.0873135676426264,0.0873222998726137
"img_1267-0","Conforme",0.922542085714901,0.173577625126864,10920,0.0345366157227605,0.0345400697297335
"img_1267-1","Conforme",0.945740365474925,0.122420603742094,10920,0.0435467853325731,0.0435511404466177
"img_1267-2","Conforme",0.921586083553539,0.175697513254817,10920,0.0341944575747899,0.0341978773625261
"img_1268-0","Conforme",0.908379576039034,0.192987481571371,12084,0.032396780073598,0.0324000200756056
"img_1268-1","Conforme",0.939964504125258,0.127425799576075,12084,0.0433937879797964,0.0433981277925757
"img_1268-2","Conforme",0.914150291801901,0.180951674089111,12084,0.0343793002556665,0.0343827385295195
"img_1269-0","Conforme",0.928980351616355,0.171552688281567,9610,0.0330156128868592,0.0330189147783371
"img_1269-1","Conforme",0.952230506071203,0.116178293753467,9610,0.0431444261738762,0.043148741047981
"img_1269-2","Conforme",0.925087296375948,0.180876841898948,9610,0.0313588419281518,0.0313619781259644
"img_1270-0","No conforme",0.921518891763126,0.18444844217964,10133,0.0527437082886725,0.0527489831869912
"img_1270-1","No conforme",0.948170279092228,0.124932177432481,10133,0.0794852181228231,0.0794931674395671
"img_1270-2","No conforme",0.926727541916791,0.172610097670461,10133,0.0579520066408179,0.0579578024210601
"img_1271-0","Conforme",0.916300967586742,0.183512404764942,11316,0.0331595109274462,0.0331628272101673
"img_1271-1","Conforme",0.943798923609116,0.124116938630938,11316,0.0433540746075805,0.0433584104486253
"img_1271-2","Conforme",0.909650296648811,0.197962969956496,11316,0.0306666937727076,0.0306697607487825
"img_1272-0","No conforme",0.920309858362534,0.189317902405026,9997,0.0652041655172745,0.0652106865859331
"img_1272-1","No conforme",0.947383901798024,0.130187121386053,9997,0.10326533922003,0.103275666786709
"img_1272-2","No conforme",0.923851817052505,0.181329798767111,9997,0.0701384207140368,0.0701454352575625
"img_1273-0","Conforme",0.925648285001867,0.173258823924166,10220,0.0337104904468626,0.0337138618330459
"img_1273-1","Conforme",0.949278554723403,0.119015038717754,10220,0.0434664743090071,0.0434708213911462
"img_1273-2","Conforme",0.926476245817297,0.171349766637587,10220,0.0340812467887893,0.0340846552543147
"img_1274-0","Conforme",0.918767319138471,0.180942325722968,11023,0.033305503854642,0.0333088347381158
"img_1274-1","Conforme",0.945122536064597,0.123110582281249,11023,0.0434150843156893,0.0434194262583152
"img_1274-2","Conforme",0.919288818377326,0.179792780904819,11023,0.0335248237022465,0.0335281765198985
"img_1275-0","Conforme",0.911762021538229,0.188316621509252,11830,0.0329492880100022,0.032952583268329
"img_1275-1","Conforme",0.941255328422995,0.126311898366946,11830,0.0434739570636353,0.0434783048941247
"img_1275-2","Conforme",0.90595492767334,0.200598799953852,11830,0.0308994981412753,0.0309025884001154
"img_1276-0","No conforme",0.924891943574793,0.18104803474136,9709,0.0536924009551567,0.05369777073223
"img_1276-1","No conforme",0.950309467055377,0.12291726648,9709,0.0808307989640079,0.0808388828522931
"img_1276-2","No conforme",0.930566149668974,0.167839403345376,9709,0.0597143391664615,0.0597203111975813
"img_1277-0","Conforme",0.919796615995519,0.180286460099777,10855,0.0329633372164656,0.0329666338798536
"img_1277-1","Conforme",0.94606669140984,0.122091010216478,10855,0.0430869805647738,0.0430912896937432
"img_1277-2","Conforme",0.92024380338781,0.179290584021311,10855,0.0331273934177257,0.0331307064883745
"img_1278-0","Conforme",0.915667282589183,0.18900149175081,10902,0.0314539494263565,0.0314570951358701
"img_1278-1","Conforme",0.946001892915613,0.121930675650975,10902,0.0430863165489638,0.043090625611525
"img_1278-2","Conforme",0.922683290189855,0.173418593848626,10902,0.0341188831264394,0.034122295355975
"img_1279-0","Conforme",0.925579597401338,0.177761799758332,9792,0.0321487651583626,0.0321519803563983
"img_1279-1","Conforme",0.951285692569508,0.117185555551192,9792,0.0431474598974238,0.0431517750749313
"img_1279-2","Conforme",0.922384187999052,0.185333259597841,9792,0.0307750849866776,0.0307781628029579
"img_1280-0","No conforme",0.896416984217027,0.182875037072256,20541,0.209757962584679,0.209778940478727
"img_1280-1","No conforme",0.925442341865091,0.123015788344485,20540,0.134165487450908,0.134178905341442
"img_1280-2","No conforme",0.900254574818331,0.174761692267755,20584,0.19933128943886,0.199351224561316
"img_1281-0","Conforme",0.909901054256663,0.192150309429673,11840,0.0322120439529519,0.0322152654794999
"img_1281-1","Conforme",0.941103653277229,0.126557116251382,11840,0.0432842321596336,0.0432885610157352
"img_1281-2","Conforme",0.914999552953383,0.181381809677332,11840,0.034031343003358,0.0340347464780058
"img_1282-0","No conforme",0.911686872038,0.193452383339904,11394,0.050699979720277,0.0507050502252996
"img_1282-1","No conforme",0.941934127053653,0.130307250315797,11394,0.0763531775813137,0.07636081366268
"img_1282-2","No conforme",0.908305623186897,0.200658392912062,11394,0.0478367332222769,0.0478415173740143
"img_1283-0","No conforme",0.900625356229894,0.208001561027782,12310,0.0588713923665115,0.058877280094521
"img_1283-1","No conforme",0.935820810941808,0.139498707186917,12310,0.0952900585882916,0.0952995885471463
"img_1283-2","No conforme",0.906929178718118,0.195387231241489,12310,0.0653654133921693,0.0653719505872281
"img_1284-0","No conforme",0.908638949513155,0.194716851795201,11925,0.050902597779588,0.0509076885484428
"img_1284-1","No conforme",0.939152398897059,0.132735781539368,11925,0.0751753444047034,0.0751828626909724
"img_1284-2","No conforme",0.910855500775505,0.190133954224929,11925,0.0526552503050235,0.0526605163566592
"img_1285-0","Conforme",0.911930449757295,0.195639713859582,11060,0.0305657678146031,0.0305688246970728
"img_1285-1","Conforme",0.945091542878992,0.122924366090202,11060,0.0431461750475454,0.043150490096555
"img_1285-2","Conforme",0.912210226081399,0.195023695941273,11060,0.0307024518220028,0.0307055223742402
"img_1286-0","Conforme",0.919672882582721,0.178121566401166,11109,0.0337101323339266,0.0337135036842951
"img_1286-1","Conforme",0.944785500129251,0.123284271755953,11109,0.0432084541589859,0.0432127754365296
"img_1286-2","Conforme",0.917653897920496,0.182554343821866,11109,0.0329695176821377,0.0329728149636341
"img_1287-0","Conforme",0.913766945585363,0.195109726751767,10725,0.0305085031971879,0.0305115543526232
"img_1287-1","Conforme",0.946698820764878,0.121550598102312,10725,0.0434906348116402,0.0434949843100712
"img_1287-2","Conforme",0.915004219880945,0.192331209761503,10725,0.0310006484998287,0.0310037488747161
"img_1288-0","Conforme",0.933238444357479,0.164176526831852,9324,0.0338721511360666,0.0338755386899356
"img_1288-1","Conforme",0.953751685126809,0.114470157576349,9324,0.0430790248418627,0.0430833331751802
"img_1288-2","Conforme",0.92740119496065,0.178401665177469,9324,0.0312734990467603,0.0312766267094312
"img_1289-0","Conforme",0.923128562945198,0.186402147367189,9536,0.030311230836287,0.0303142622625132
"img_1289-1","Conforme",0.952543549212287,0.115940220963186,9536,0.043245996240427,0.0432503212725542
"img_1289-2","Conforme",0.928449698019589,0.173594658080806,9536,0.0326147162580986,0.0326179780559042
"img_1290-0","Conforme",0.91525461849437,0.186454654219396,11248,0.0327443592270753,0.0327476339904743
"img_1290-1","Conforme",0.944177483233283,0.123745907602863,11248,0.043629046593129,0.0436334099341225
"img_1290-2","Conforme",0.916031542268641,0.184762186550978,11248,0.0330656436749161,0.0330689505699731
"img_1291-0","No conforme",0.910143794322294,0.185311595103452,12544,0.0400262766728748,0.0400302797008449
"img_1291-1","No conforme",0.936001923630658,0.132934918885763,12544,0.0470111079659303,0.047015809546885
"img_1291-2","No conforme",0.912973926894244,0.179428460287825,12544,0.0377839934463613,0.0377877722235837
"img_1292-0","No conforme",0.909117967744715,0.198974005208938,11454,0.0622403699399046,0.0622465945993645
"img_1292-1","No conforme",0.940185285698386,0.136066503702447,11454,0.0979613267138865,0.0979711238262691
"img_1292-2","No conforme",0.916309643285415,0.18401183179874,11454,0.0704714606027968,0.0704785084536422
"img_1293-0","No conforme",0.920353476185518,0.189964125431962,9916,0.0626222840749708,0.0626285469296637
"img_1293-1","No conforme",0.94816567199707,0.128645907467441,9916,0.100794649223208,0.100804729696178
"img_1293-2","No conforme",0.919715483254825,0.191419909471135,9916,0.0617504161608156,0.0617565918199976
"img_1294-0","Conforme",0.921033471464269,0.181380458790005,10465,0.032304098580383,0.0323073293133144
"img_1294-1","Conforme",0.947997483107623,0.120303319738565,10465,0.0430885977469507,0.0430929070376545
"img_1294-2","Conforme",0.91798536944221,0.188323324761878,10465,0.0310971839414747,0.0311002939708718
"img_1295-0","No conforme",0.912388945474064,0.194160462064725,11125,0.0377957588812015,0.037799538835085
"img_1295-1","No conforme",0.944254188376034,0.124455221943801,11125,0.0450496966638367,0.0450542020840451
"img_1295-2","No conforme",0.914144069231819,0.190271891853961,11125,0.0372043086868281,0.0372080294897771
"img_1296-0","No conforme",0.908097765413172,0.1694403690252,19582,0.204252298712493,0.204272725985091
"img_1296-1","No conforme",0.931569299765194,0.117667400098779,19309,0.134566444441879,0.134579902432122
"img_1296-2","No conforme",0.903793781217687,0.179079277749892,19377,0.216992820122709,0.217014521574867
"img_1297-0","No conforme",0.921445716732249,0.181289576455632,10663,0.085550406236213,0.0855589621324263
"img_1297-1","No conforme",0.942486918640137,0.138728734961348,10663,0.118445791001691,0.118457636765368
"img_1297-2","No conforme",0.921635804281796,0.180889668769053,10663,0.0858540689999841,0.0858626552655107
"img_1298-0","No conforme",0.913064453322467,0.193697358771421,11034,0.040234742539532,0.0402387664161736
"img_1298-1","No conforme",0.944431950450224,0.124655252858978,11034,0.0450347889892632,0.045039292918555
"img_1298-2","No conforme",0.922826349469353,0.171936986493528,11034,0.0361305957716345,0.0361342091925538
"img_1299-0","No conforme",0.903366039356905,0.191515936986078,13382,0.041954090427242,0.0419582862558676
"img_1299-1","No conforme",0.931606575353286,0.136542941128454,13382,0.0478043859555148,0.047809166872202
"img_1299-2","No conforme",0.906518010433421,0.185193760272313,13382,0.0390135146804386,0.0390174164220808
"img_1300-0","No conforme",0.909085059922162,0.197641019713074,11599,0.0633403942960664,0.0633467289689633
"img_1300-1","No conforme",0.939383651140998,0.136804209334507,11599,0.0975836518061754,0.0975934111472901
"img_1300-2","No conforme",0.914628053552964,0.186198227779797,11599,0.0695744673857508,0.0695814255283036
"img_1301-0","No conforme",0.913985513359518,0.181113365710891,12132,0.0409049773788808,0.0409090682857093
"img_1301-1","No conforme",0.937720669286391,0.132083798948512,12132,0.0480228122765885,0.0480276150380923
"img_1301-2","No conforme",0.914029789338953,0.181018540472826,12132,0.0408482758136709,0.0408523610497759
"img_1302-0","No conforme",0.913599235355153,0.180530136964947,12264,0.0357391854110036,0.0357427596869723
"img_1302-1","No conforme",0.938489216524012,0.129440398801523,12264,0.0446454693700845,0.0446499343635208
"img_1302-2","No conforme",0.904808060141171,0.198853686139189,12264,0.0375431400541723,0.0375468947436467
"img_1303-0","Conforme",0.903501081094181,0.194710531910668,12960,0.032810391998802,0.0328136733661387
"img_1303-1","Conforme",0.935715266580021,0.130700043329878,12960,0.0432313467679788,0.0432356703350123
"img_1303-2","Conforme",0.901762471080107,0.198183813713357,12960,0.0322281631204373,0.0322313862590633
"img_1304-0","Conforme",0.921366079801672,0.181949347378216,10335,0.0321493850000331,0.0321526002600591
"img_1304-1","Conforme",0.948667306877585,0.119643092167555,10335,0.0432387972071872,0.0432431215193391
"img_1304-2","Conforme",0.918456848790786,0.188625666841506,10335,0.0309640721316577,0.0309671688485426
"img_1305-0","Conforme",0.917941572122013,0.185108044138578,10787,0.0322955657284543,0.0322987956080152
"img_1305-1","Conforme",0.946467508688534,0.121661214658325,10787,0.0434438558097229,0.0434482006297859
"img_1305-2","Conforme",0.916762454923742,0.187745843948369,10787,0.0318667325730736,0.0318699195650301
"img_1306-0","Conforme",0.932354121416877,0.163486406328034,9610,0.0346421103347712,0.0346455748922604
"img_1306-1","Conforme",0.952266525178797,0.116103702816996,9610,0.0433534634659999,0.0433577992459245
"img_1306-2","Conforme",0.923149444454417,0.185523153017008,9610,0.0306032131379145,0.030606273765291
"img_1307-0","No conforme",0.900827410260369,0.203009519615161,12720,0.0485156478351137,0.0485204998851022
"img_1307-1","No conforme",0.935317560586368,0.135525724300296,12720,0.0735038855746222,0.073511236698292
"img_1307-2","No conforme",0.900015903356216,0.204627260188808,12720,0.0479305399764548,0.0479353335098057
"img_1308-0","Conforme",0.896843948256549,0.208262516421958,12936,0.0308326458943227,0.0308357294672694
"img_1308-1","Conforme",0.93581387038287,0.130670351078441,12936,0.0435642381580927,0.0435685950175944
"img_1308-2","Conforme",0.905270205634622,0.191402408209215,12936,0.033581081504223,0.0335844399482178
"img_1309-0","No conforme",0.917210240640079,0.192172718709689,10394,0.064274087466746,0.0642805155182978
"img_1309-1","No conforme",0.945256201656566,0.132191723996962,10394,0.101488965082552,0.101499114994052
"img_1309-2","No conforme",0.924295115338494,0.176593507320111,10394,0.0736357691765735,0.0736431334899224
"img_1310-0","Conforme",0.931507672388413,0.166240713481447,9536,0.0338746306455335,0.0338780184473783
"img_1310-1","Conforme",0.952502264853085,0.116031694574062,9536,0.0431064361947158,0.0431107472694427
"img_1310-2","Conforme",0.932739561767578,0.163281508098519,9536,0.0344294356773422,0.0344328789652388
"img_1311-0","Conforme",0.931978433748133,0.167044716506588,9344,0.0335302381391042,0.033533591498254
"img_1311-1","Conforme",0.953588043500115,0.114739113226311,9344,0.0432520917457069,0.0432564173874457
"img_1311-2","Conforme",0.931151250753964,0.169056538021337,9344,0.0331418731904009,0.0331451877091718
"img_1312-0","Conforme",0.907714000369801,0.187793488392786,12792,0.0340148471925465,0.0340182490174483
"img_1312-1","Conforme",0.936481600018669,0.13020823788247,12792,0.0435898439698671,0.0435942033902061
"img_1312-2","Conforme",0.908374669781853,0.186465431468561,12792,0.0342709746275956,0.0342744020678024
"img_1313-0","Conforme",0.932136630626005,0.168672895861757,9150,0.0331190152789994,0.0331223275117506
"img_1313-1","Conforme",0.954638521028406,0.113528719229956,9150,0.0435081981531498,0.0435125494080906
"img_1313-2","Conforme",0.928311903991699,0.178098987656318,9150,0.0313647221545336,0.0313678589404277
"img_1314-0","Conforme",0.923682551179774,0.185431549958022,9504,0.0306336525004137,0.0306367161720309
"img_1314-1","Conforme",0.952738543019014,0.115710893436883,9504,0.043607667711563,0.0436120289144545
"img_1314-2","Conforme",0.92468294898538,0.183018945904663,9504,0.0311077261857936,0.0311108372695205
"img_1315-0","Conforme",0.906195513772403,0.197207563801052,12118,0.0315726849972347,0.0315758425814929
"img_1315-1","Conforme",0.940024037367877,0.127087158201108,12118,0.0433276841177613,0.0433320173194932
"img_1315-2","Conforme",0.905216057308421,0.199250812525035,12118,0.031285808998437,0.0312889378922262
"img_1316-0","Conforme",0.921868911330279,0.174798152443069,10948,0.0340979756364028,0.0341013857749803
"img_1316-1","Conforme",0.945734681396484,0.122234809762845,10948,0.0432493460999199,0.0432536714670666
"img_1316-2","Conforme",0.917082318958956,0.185399408827781,10948,0.0322565691434793,0.0322597951229916
"img_1317-0","Conforme",0.930171435295554,0.166164473740697,9867,0.0344532919829283,0.0344567376566939
"img_1317-1","Conforme",0.95104414915197,0.117261006134324,9867,0.0433746039669885,0.0433789418611746
"img_1317-2","Conforme",0.921396235333611,0.186849229357004,9867,0.0306838234880406,0.0306868921772583
"img_1318-0","No conforme",0.914469677177878,0.186184415985359,11500,0.0459702175456205,0.0459748150271233
"img_1318-1","No conforme",0.941029221765855,0.129186884412602,11500,0.047990609146082,0.0479954086869507
"img_1318-2","No conforme",0.918048133634679,0.178263699081681,11500,0.0411350553524473,0.0411391692693743
"img_1319-0","Conforme",0.931957791568532,0.168169555756773,9240,0.0332718976404987,0.033275225163015
"img_1319-1","Conforme",0.954065087262322,0.114302010012301,9240,0.04336361207641,0.0433679488712972
"img_1319-2","Conforme",0.928196487283146,0.177385816220909,9240,0.0315786708495159,0.0315818290324191
"img_1320-0","No conforme",0.896326158626781,0.204886729572026,13468,0.0495584665325905,0.049563422874878
"img_1320-1","No conforme",0.931062220135857,0.137057765603318,13468,0.0475550305404677,0.0475597865191196
"img_1320-2","No conforme",0.902697890894273,0.192064077516352,13468,0.0418914307790238,0.0418956203410579
"img_1321-0","Conforme",0.929027260221593,0.178463263634754,8960,0.0311138871562814,0.031116998856167
"img_1321-1","Conforme",0.955398272902545,0.112981984326661,8960,0.0436026216478039,0.0436069823460385
"img_1321-2","Conforme",0.935441054669548,0.162467217908875,8960,0.0341703910797811,0.0341738084606272
"img_1322-0","No conforme",0.905307780384737,0.203381129358196,11875,0.0716542028758097,0.071661369012711
"img_1322-1","No conforme",0.936441272977941,0.143192446721117,11875,0.112826528249598,0.112837812030801
"img_1322-2","No conforme",0.904276150063907,0.205463681026426,11875,0.0702810293918185,0.0702880581976383
"img_1323-0","No conforme",0.924523016967773,0.17379488620349,10438,0.0365585148765655,0.0365621710936749
"img_1323-1","No conforme",0.947644412087833,0.121411419874714,10438,0.0452803755475377,0.0452849040379415
"img_1323-2","No conforme",0.919359600112017,0.185681831162851,10438,0.0385151254782147,0.0385189773759523
"img_1324-0","Conforme",0.90747137996898,0.190382253975017,12560,0.0332355320877535,0.0332388559733509
"img_1324-1","Conforme",0.937520470060461,0.129506143357266,12560,0.0432896938660652,0.043294023268392
"img_1324-2","Conforme",0.903797191664752,0.197867609962836,12560,0.031991539546549,0.0319947390204511
"img_1325-0","No conforme",0.907520023713953,0.196388309584197,12120,0.071899295333853,0.0719064859824513
"img_1325-1","No conforme",0.934029608244054,0.142846992542868,12120,0.0832708638656148,0.0832791917847933
"img_1325-2","No conforme",0.910648480655446,0.189832227010034,12120,0.0708486669114134,0.0708557524866621
"img_1326-0","Conforme",0.931783380109002,0.166389965443412,9455,0.0337625994916984,0.0337659760893073
"img_1326-1","Conforme",0.953059304540298,0.115254351444283,9455,0.043235495747106,0.0432398197290789
"img_1326-2","Conforme",0.933159465583352,0.163068166237234,9455,0.0344067731194238,0.0344102141408379
"img_1327-0","Conforme",0.93193714938893,0.169539894348353,9114,0.0327155046991667,0.0327187765768244
"img_1327-1","Conforme",0.954765844385484,0.113449435025946,9114,0.0432045305489427,0.0432088514340861
"img_1327-2","Conforme",0.934334095351275,0.163622683238436,9114,0.0338008082684894,0.0338041886873581
"img_1328-0","No conforme",0.92311647679946,0.172821059634626,10872,0.0366869920042876,0.0366906610703947
"img_1328-1","No conforme",0.945295092719583,0.123841018807251,10872,0.0455729123597559,0.0455774701067666
"img_1328-2","No conforme",0.923116656296674,0.17282065133791,10872,0.0366867843538245,0.0366904533991645
"img_1329-0","Conforme",0.916041115453383,0.182564477287134,11475,0.0336852054563118,0.0336885743137432
"img_1329-1","Conforme",0.942974133911133,0.124900493035898,11475,0.0436119751179896,0.0436163367516647
"img_1329-2","Conforme",0.910730989541446,0.193999838138495,11475,0.0317144499340815,0.0317176216962511
"img_1330-0","Conforme",0.914841774902344,0.191071656241716,10880,0.0313433301807623,0.031346464827245
"img_1330-1","Conforme",0.945867389669979,0.122386965182769,10880,0.0433555244976891,0.0433598604837375
"img_1330-2","Conforme",0.918185987494973,0.183631453797553,10880,0.0326524770698169,0.0326557426440813
"img_1331-0","No conforme",0.910026642474006,0.193333020355341,11850,0.0658304292092643,0.0658370129105554
"img_1331-1","No conforme",0.938283632381663,0.137454237250392,11850,0.0967706202368417,0.0967802982666684
"img_1331-2","No conforme",0.909341980267693,0.194729647480951,11850,0.0650826984081069,0.0650892073288398
"img_1332-0","Conforme",0.920416060880773,0.178578725963751,10890,0.033609393204058,0.033612754479506
"img_1332-1","Conforme",0.94581389950023,0.122445101670811,10890,0.0434300557367999,0.0434343991767176
"img_1332-2","Conforme",0.914202884485581,0.192390904870001,10890,0.0311806151576893,0.0311837335310424
"img_1333-0","No conforme",0.909236136743882,0.20097926741989,11292,0.0724963185057792,0.0725035688626655
"img_1333-1","No conforme",0.939413387846105,0.141003392281272,11292,0.11570432288821,0.115715894477658
"img_1333-2","No conforme",0.914661918693991,0.189766174208623,11292,0.0802241341042934,0.0802321573200254
"img_1334-0","No conforme",0.920445558256261,0.187323797144339,10163,0.0668673139493345,0.0668740013494695
"img_1334-1","No conforme",0.946569582770852,0.130898297385084,10163,0.102775661824218,0.10278594041826
"img_1334-2","No conforme",0.923786061239803,0.179880108185328,10163,0.0714434947881473,0.0714506398521326
"img_1335-0","No conforme",0.921624376292509,0.191307215821671,9585,0.0754281973313972,0.0754357409054877
"img_1335-1","No conforme",0.947982584838867,0.134062145387752,9585,0.123715575040472,0.123727947835256
"img_1335-2","No conforme",0.925439170747645,0.182641004229225,9585,0.082383390545893,0.0823916297088639
"img_1336-0","Conforme",0.907412624547622,0.189765120022069,12640,0.0332911912267333,0.0332945206788011
"img_1336-1","Conforme",0.937288499827665,0.12948111522715,12640,0.0431937366479654,0.0431980564536107
"img_1336-2","Conforme",0.907254726831773,0.190086018072268,12640,0.0332569987354913,0.0332603247679681
"img_1337-0","No conforme",0.902929980791877,0.197143518712117,12852,0.0403113377075685,0.040315369244493
"img_1337-1","No conforme",0.935191912536621,0.132586362244041,12852,0.0459825156343661,0.0459871143458006
"img_1337-2","No conforme",0.899922086145738,0.203292254516821,12852,0.0423909794818923,0.0423952190037927
"img_1338-0","Conforme",0.926529676154641,0.177321968238725,9620,0.0322722168166534,0.0322754443610895
"img_1338-1","Conforme",0.9522768761848,0.116023756162265,9620,0.0435863087526341,0.0435906678194161
"img_1338-2","Conforme",0.927197764784869,0.175723679719923,9620,0.0325848169000213,0.032588075707592
"img_1339-0","Conforme",0.919385986202464,0.175542742092798,11454,0.0343775318841435,0.0343809699811416
"img_1339-1","Conforme",0.943196231797162,0.124524208049035,11454,0.043082923614304,0.0430872323375378
"img_1339-2","Conforme",0.917679147195255,0.179220206992482,11454,0.0337989953164491,0.0338023755540045
"img_1340-0","Conforme",0.920224357856302,0.175631181961244,11247,0.0344108801873143,0.0344143216194763
"img_1340-1","Conforme",0.944132010605756,0.123836007659364,11247,0.0433782628903724,0.0433826011504874
"img_1340-2","Conforme",0.914281923092113,0.188579509585483,11247,0.0321850921659868,0.0321883109970865
