"imagen_id","respuesta","cara_peor","brillo_medio","contraste_global","area_objeto","rugosidad_superficial","variacion_color_verde"
"img_0001","No conforme",1,0.932606374834846,0.141511418366277,12980,0.0923647784486015,0.0923740158501865
"img_0002","Conforme",1,0.951905855443618,0.116616329855178,9660,0.0432322201646664,0.0432365438190483
"img_0003","No conforme",0,0.905363903180291,0.177300717008861,19322,0.216492246008488,0.216513897398228
"img_0004","Conforme",1,0.94787446768368,0.120315910773758,10508,0.0433695979086642,0.0433739353021944
"img_0005","No conforme",2,0.896115309232824,0.188942077770384,20046,0.223314074067789,0.22333640770856
"img_0006","Conforme",1,0.953368338910271,0.115154190497362,9360,0.043110675774352,0.0431149872730793
"img_0007","Conforme",1,0.936045122626809,0.130570574607462,12870,0.0429886215818535,0.0429929208739409
"img_0008","Conforme",1,0.951018840044807,0.117445723030234,9849,0.0434443750635358,0.0434487199355294
"img_0009","Conforme",1,0.94426316323673,0.123895614807249,11189,0.0429344346069788,0.0429387284798268
"img_0010","Conforme",1,0.956420748865464,0.111651443954206,8784,0.0433624516127195,0.0433667882915486
"img_0011","Conforme",1,0.955307387479894,0.11291748091113,9000,0.0434169540211695,0.0434212961507846
"img_0012","Conforme",1,0.948857813253964,0.119407253918516,10304,0.04315577124854,0.0431600872572657
"img_0013","No conforme",1,0.943535840525908,0.125627365843546,11195,0.0459790726253826,0.0459836709924818
"img_0014","Conforme",1,0.949705279433306,0.118745437591247,10112,0.0434148618135561,0.0434192037339295
"img_0015","No conforme",1,0.935137524880802,0.132135705943608,12934,0.0451363719869054,0.0451408860755129
"img_0016","Conforme",1,0.945635598934398,0.122629326554249,10920,0.0431545511245602,0.0431588670112613
"img_0017","Conforme",1,0.944479876206342,0.123692750242768,11152,0.0434804716873134,0.0434848201693304
"img_0018","No conforme",2,0.89669185428395,0.182848571205978,20418,0.209931814580888,0.209952809861875
"img_0019","Conforme",1,0.943833805901022,0.124221333259718,11288,0.0433753341667066,0.04337967213392
"img_0020","No conforme",1,0.936305333754595,0.134749319732543,12529,0.073999140085435,0.0740065407395089
"img_0021","No conforme",2,0.887692222972197,0.198611859195147,20571,0.225774480896709,0.22579706060277
"img_0022","Conforme",1,0.939569849584243,0.127758613227272,12160,0.0431551588339007,0.0431594747813788
"img_0023","Conforme",1,0.941971402641745,0.12565882991296,11692,0.043407630453652,0.043411971650817
"img_0024","Conforme",1,0.952017203548656,0.116318323403044,9664,0.0431270100408877,0.043131323173205
"img_0025","Conforme",1,0.948692077493107,0.119498573005712,10350,0.0434334482706678,0.0434377920498728
"img_0026","No conforme",2,0.894347022346048,0.193094293359921,19978,0.22835182974538,0.228374667212101
"img_0027","Conforme",1,0.952516504965389,0.115893633501455,9555,0.0435851847837424,0.0435895437381162
"img_0028","Conforme",1,0.943721739807129,0.124256811228554,11319,0.0432186394548637,0.0432229617510388
"img_0029","Conforme",1,0.95275679190243,0.115577227184513,9514,0.0432148409466274,0.0432191628629137
"img_0030","Conforme",1,0.956971206988166,0.111293059412594,8640,0.0435700460559832,0.0435744034963328
"img_0031","No conforme",1,0.947176103856704,0.125739121510475,10345,0.0787843269186047,0.0787922061392186
"img_0032","Conforme",1,0.95337180918974,0.115069945627904,9372,0.0432411646574162,0.0432454892063369
"img_0033","Conforme",1,0.948927338508157,0.119505299857452,10268,0.0434892770535506,0.0434936264161922
"img_0034","No conforme",1,0.938016181532916,0.131379384164091,12139,0.0473138863759175,0.0473186182377413
"img_0035","Conforme",1,0.949165291981417,0.11925530930318,10220,0.043104474378689,0.0431087852572147
"img_0036","No conforme",1,0.926017271441291,0.140876501985032,14428,0.0481228329407991,0.0481276457053696
"img_0037","No conforme",0,0.900727490144617,0.200713882004484,13013,0.0544530870745002,0.054458532927793
"img_0038","No conforme",1,0.943270723140941,0.12532021738629,11320,0.044752674922507,0.0447571506375708
"img_0039","No conforme",1,0.945784701286765,0.129965930252515,10240,0.0830335448262975,0.0830418490111986
"img_0040","Conforme",1,0.943693080085306,0.12411671213406,11356,0.0437705607778959,0.0437749382717231
"img_0041","No conforme",2,0.904839292656394,0.183258951458732,18848,0.229241950788087,0.229264877275815
"img_0042","No conforme",1,0.946762841437845,0.126184396658002,10417,0.0786079676710707,0.0786158292539961
"img_0043","Conforme",1,0.948738567271513,0.119822560937353,10281,0.0429658961795938,0.0429701931989137
"img_0044","Conforme",1,0.957331039069681,0.110772348197655,8580,0.0429145895094735,0.0429188813976132
"img_0045","No conforme",2,0.898405215023265,0.2009027671145,13469,0.0512644491304433,0.0512695760880522
"img_0046","Conforme",1,0.95367318501192,0.114799246337476,9306,0.0433389644807558,0.0433432988106369
"img_0047","Conforme",1,0.948551890169031,0.119750312315304,10360,0.0433894614929318,0.0433938008730191
"img_0048","Conforme",1,0.943528062313304,0.124412599129763,11360,0.0431894842390702,0.0431938036194321
"img_0049","No conforme",0,0.900145081517837,0.183927554124774,19708,0.220106340921955,0.22012835375733
"img_0050","No conforme",1,0.936946677299948,0.133158116729343,12479,0.06801527290952,0.0680220751170317
"img_0051","No conforme",2,0.911412899457146,0.192464715216505,11542,0.0484370423030786,0.0484418864917278
"img_0052","Conforme",1,0.937230881221996,0.129609828010372,12640,0.0433817856723778,0.0433861242848063
"img_0053","No conforme",2,0.887251437647202,0.210136439295972,14784,0.051323561214933,0.0513286940843414
"img_0054","No conforme",1,0.944429257992015,0.132939023402136,10553,0.100948076913646,0.100958172730919
"img_0055","Conforme",1,0.945648223571777,0.122538696596044,10934,0.0436278255898848,0.0436321888087657
"img_0056","No conforme",1,0.93721598295324,0.130240371569422,12559,0.0449742021130785,0.0449786999830768
"img_0057","No conforme",1,0.941141287859748,0.130666675054973,11477,0.0680599889016068,0.0680667955811649
"img_0058","Conforme",1,0.948154423504998,0.120202869681164,10428,0.0433064752897754,0.0433108063704124
"img_0059","Conforme",1,0.936856330368939,0.129875366861258,12719,0.0432379721234449,0.0432422963530802
"img_0060","No conforme",1,0.943209454758588,0.129315763474574,11125,0.0769059907622562,0.0769136821304692
"img_0061","Conforme",1,0.951197379940257,0.117358809378445,9800,0.0434902995943263,0.0434946490592323
"img_0062","Conforme",1,0.949247800867417,0.119076812536974,10220,0.0433075766537279,0.0433119078445124
"img_0063","No conforme",1,0.941864063307818,0.135133655508473,10880,0.0898701357144288,0.0898791236267915
"img_0064","Conforme",1,0.945807317935719,0.122252419701539,10920,0.0432077806331202,0.0432121018433046
"img_0065","Conforme",1,0.954183555423512,0.114297076367837,9198,0.0432377227169383,0.0432420469216304
"img_0066","No conforme",2,0.895577894574334,0.18886738004961,20055,0.221020298658936,0.221042402899226
"img_0067","Conforme",1,0.943278262023926,0.124701320208074,11400,0.0432607844373983,0.0432651109484932
"img_0068","No conforme",1,0.93828255539838,0.136070992953484,11704,0.0767626259577569,0.0767703029880557
"img_0069","No conforme",1,0.946021817106359,0.12683999617102,10567,0.078266983769746,0.078274811250871
"img_0070","No conforme",1,0.945532148706773,0.133449099976276,10004,0.0957875883459278,0.095797168062734
"img_0071","No conforme",1,0.945442160770192,0.13248714523444,10117,0.0920278139911899,0.0920370176929592
"img_0072","Conforme",1,0.951157411893957,0.117352681369734,9815,0.0435102271697126,0.0435145786275754
"img_0073","Conforme",1,0.952727174862132,0.115847703905855,9486,0.0433503812519515,0.0433547167236239
"img_0074","No conforme",2,0.90247974194695,0.173984846629401,20004,0.201569895075377,0.201590054080785
"img_0075","Conforme",1,0.952281662777171,0.116223543187719,9588,0.0434623241932864,0.0434666708603724
"img_0076","Conforme",1,0.943383387558881,0.124569444918665,11388,0.0435658312307983,0.0435701882496233
"img_0077","Conforme",1,0.948838248057646,0.11942577726816,10309,0.0432746996417823,0.0432790275445368
"img_0078","No conforme",2,0.879153361008588,0.205555024280894,21587,0.225655309736483,0.225677877524235
"img_0079","Conforme",1,0.948613996205049,0.119638762170247,10354,0.04322686446602,0.0432311875847785
"img_0080","Conforme",1,0.95204729924819,0.11642624645514,9639,0.0433008467083302,0.0433051772260528
"img_0081","No conforme",2,0.912184797309427,0.174908266295416,18117,0.227121263824427,0.22714397822225
"img_0082","Conforme",1,0.949059927116843,0.119321897111696,10248,0.0432859122575092,0.0432902412816374
"img_0083","Conforme",1,0.944272975751091,0.123704879453003,11220,0.0434269587251864,0.0434313018553719
"img_0084","No conforme",2,0.908759631473317,0.178390499098126,18465,0.227009991351327,0.227032694620789
"img_0085","No conforme",1,0.951066406806497,0.126869906904815,9261,0.10657378267055,0.106584441114662
"img_0086","No conforme",1,0.941756185482249,0.130465484977344,11431,0.0764558308038192,0.0764634771515343
"img_0087","Conforme",1,0.95673265519086,0.111453511042999,8700,0.0432429613782858,0.0432472861068965
"img_0088","Conforme",1,0.95563281592874,0.112524491487924,8940,0.043333912017701,0.0433382458422852
"img_0089","No conforme",1,0.940012370048972,0.14053570988037,11175,0.116226762078246,0.116238385916838
"img_0090","No conforme",1,0.924133208851534,0.14199426256417,14816,0.0475022667492086,0.0475070174509537
"img_0091","Conforme",1,0.937222026026109,0.12963365585686,12636,0.0430938268597107,0.043098136673378
"img_0092","No conforme",1,0.932765588863597,0.143362822520778,12541,0.0887473868037411,0.0887562624299841
"img_0093","Conforme",1,0.942837297201717,0.125068743444059,11492,0.0433225726356064,0.043326905326139
"img_0094","Conforme",1,0.952310501996208,0.116147940764202,9588,0.0433405947522017,0.0433449292451262
"img_0095","Conforme",1,0.938109579916561,0.128789650070984,12480,0.0431713519686672,0.0431756695356207
"img_0096","No conforme",2,0.899166283210306,0.186615414923989,19683,0.223951454398674,0.223973851783852
"img_0097","Conforme",1,0.954295322355383,0.114030553968091,9198,0.0433745173875563,0.0433788552730836
"img_0098","Conforme",1,0.938777010390338,0.128388558064533,12324,0.0432761996584575,0.0432805277112286
"img_0099","No conforme",0,0.902854831291647,0.177904387523746,19733,0.212107285608319,0.212128498458165
"img_0100","No conforme",0,0.88501346638399,0.195637082444922,21446,0.215035130125859,0.215056635789438
"img_0101","Conforme",1,0.940263666148466,0.127249014565282,12012,0.043372610203872,0.0433769478986618
"img_0102","Conforme",1,0.943394755715763,0.124711220347113,11360,0.0433649185043342,0.0433692554298772
"img_0103","No conforme",1,0.942621481718175,0.129673797166769,11265,0.0766233803001753,0.0766310434045158
"img_0104","Conforme",1,0.952326716577866,0.116026423511449,9600,0.0433235882573262,0.0433279210494311
"img_0105","No conforme",1,0.938681158878102,0.141552361645992,11438,0.115079496398828,0.115091005499378
"img_0106","Conforme",1,0.947078098377901,0.12123785134686,10640,0.043194115818381,0.0431984356619472
"img_0107","No conforme",0,0.907535939133588,0.176162049342943,18976,0.219174630336694,0.219196549991693
"img_0108","Conforme",1,0.941595116648954,0.125877110354473,11786,0.0435837935318249,0.0435881523470596
"img_0109","Conforme",1,0.946415873323328,0.121670991523026,10800,0.0430864523699682,0.0430907614461128
"img_0110","No conforme",1,0.939715182495117,0.132240384400403,11818,0.0753116145109215,0.0753191464255641
"img_0111","Conforme",1,0.953897137702493,0.114432372961052,9280,0.0433142792914982,0.0433186111526134
"img_0112","Conforme",1,0.946626483387667,0.121516600688103,10752,0.0431489875576545,0.0431533028879433
"img_0113","Conforme",1,0.946270480580049,0.12193647273782,10812,0.0434209660354651,0.0434253085663218
"img_0114","Conforme",1,0.941103234450396,0.126531496401412,11840,0.0428531854954746,0.0428574712425989
"img_0115","No conforme",1,0.940277607098748,0.128426547930767,11844,0.0457440446002525,0.0457486194621987
"img_0116","No conforme",1,0.94993000994514,0.120223146948186,9916,0.0543815725476315,0.0543870112487564
"img_0117","Conforme",1,0.948848958058077,0.119677165065115,10268,0.043346972117395,0.0433513072481198
"img_0118","No conforme",1,0.941875491297105,0.126874815253937,11551,0.0452976631336233,0.0453021933529586
"img_0119","Conforme",1,0.945249979086483,0.122809518082444,11026,0.0433928729299314,0.0433972126511965
"img_0120","Conforme",1,0.935231701085708,0.131217748425374,13035,0.0433682600415759,0.043372597301306
"img_0121","Conforme",1,0.937119353619744,0.129922852879261,12628,0.043597449622536,0.0436018098035163
"img_0122","Conforme",1,0.952209145902746,0.116037574601076,9638,0.0431235152690358,0.043127828051841
"img_0123","No conforme",2,0.899472266127642,0.183950725653512,19859,0.219005735105122,0.219027637868909
"img_0124","Conforme",1,0.943052095534381,0.124736429996375,11473,0.0434593230099323,0.04346366937687
"img_0125","Conforme",1,0.952887346209358,0.115558648019321,9472,0.0433569056741422,0.0433612417983221
"img_0126","No conforme",2,0.89245960914163,0.193127851216281,20408,0.22505640944536,0.225078917337094
"img_0127","No conforme",1,0.933007491275563,0.141260817186205,12919,0.0936828951246752,0.0936922643511103
"img_0128","No conforme",1,0.941901279063505,0.134758445179446,11105,0.0993294800420748,0.0993394139834732
"img_0129","Conforme",1,0.939405011309455,0.127916971267789,12191,0.0433005168411682,0.0433048473259007
"img_0130","Conforme",1,0.942568230878045,0.125296299107974,11550,0.0436286077085406,0.0436329710056412
"img_0131","No conforme",0,0.881982416597254,0.203491973328838,21272,0.226529967268655,0.226552622530908
"img_0132","Conforme",1,0.949972371287626,0.118443912201688,10064,0.0433684433314766,0.0433727806095376
"img_0133","Conforme",1,0.937230043568331,0.129591097181922,12640,0.0430642195701837,0.043068526422826
"img_0134","No conforme",1,0.94571374005486,0.129980433552977,10269,0.0835044212177752,0.0835127724950247
"img_0135","Conforme",1,0.945493736302993,0.122494770137412,10988,0.0430104502505879,0.0430147517257605
"img_0136","Conforme",1,0.947798121535357,0.120542613427093,10500,0.0433913110502651,0.0433956506153266
"img_0137","Conforme",1,0.947741819242589,0.120543036536948,10519,0.0433523819554205,0.0433567176271832
"img_0138","Conforme",1,0.943683686397777,0.124320531712492,11322,0.0432263840218231,0.0432307070925324
"img_0139","Conforme",1,0.949293632489373,0.119062514016056,10206,0.0432769382892555,0.0432812664158971
"img_0140","Conforme",1,0.937019732666016,0.129801854763352,12675,0.0430514971065601,0.0430558026868287
"img_0141","Conforme",1,0.944314499439913,0.123620328471025,11218,0.0433113882042829,0.0433157197762605
"img_0142","No conforme",2,0.905807859622731,0.179231048150241,18899,0.221635303632759,0.221657469379697
"img_0143","No conforme",0,0.900412951193417,0.184654219997453,19514,0.222109966956581,0.222132180174598
"img_0144","Conforme",1,0.935274002595789,0.131086468017438,13040,0.0431068222748112,0.04311113338815
"img_0145","No conforme",1,0.942350560589959,0.138657622743373,10719,0.118289805734943,0.118301635898532
"img_0146","Conforme",1,0.949639164626177,0.118644924048223,10150,0.0434102573301936,0.0434145987900726
"img_0147","Conforme",1,0.945344753615435,0.12275960659742,10998,0.0430258211861683,0.0430301241985882
"img_0148","No conforme",1,0.947461923253676,0.121724561988181,10458,0.0458085343839964,0.0458131156955659
"img_0149","No conforme",2,0.914349773038976,0.167818673406173,18149,0.214201360607772,0.21422278288606
"img_0150","No conforme",1,0.941315998481302,0.135184708713399,11227,0.0988094462857276,0.0988193282185494
"img_0151","Conforme",1,0.945910349336512,0.122454701011699,10857,0.0435888697895315,0.0435932291124428
"img_0152","Conforme",1,0.943867970204073,0.124093002142245,11297,0.0434289617000667,0.0434333050305697
"img_0153","No conforme",1,0.948198460154814,0.129541232687536,9823,0.103966557449326,0.10397695514484
"img_0154","Conforme",1,0.945492778984519,0.122516459242025,10988,0.0433417983786148,0.043346132991914
"img_0155","Conforme",1,0.954245481962316,0.114027807428822,9216,0.0433748143065806,0.0433791522218028
"img_0156","Conforme",1,0.949211003938563,0.119174196718819,10220,0.0435304601143558,0.0435348135957154
"img_0157","No conforme",1,0.939807862889907,0.129470680245439,11853,0.047477834050044,0.0474825823082748
"img_0158","No conforme",1,0.947197464025161,0.134889236168858,9718,0.122944995641291,0.122957291370428
"img_0159","No conforme",0,0.896405257065717,0.178071261648198,21073,0.199331503803636,0.199351438947531
"img_0160","Conforme",1,0.948961323313993,0.119414831461904,10269,0.043387275162557,0.0433916143239894
"img_0161","Conforme",1,0.954063292290183,0.114321964365396,9238,0.0433955592964754,0.043399899286404
"img_0162","No conforme",1,0.930726380848604,0.135288890629557,13836,0.0447670255469307,0.0447715026972004
"img_0163","Conforme",1,0.941821223306095,0.125895327077121,11704,0.0432978258500055,0.0433021560656121
"img_0164","No conforme",1,0.943164759952321,0.132924240587716,10890,0.0955269779460594,0.0955365315992193
"img_0165","No conforme",1,0.940562469177246,0.131542288000003,11653,0.0758320956022633,0.0758396795702203
"img_0166","Conforme",1,0.953401426230038,0.114995224432434,9372,0.0431861886004228,0.0431905076511879
"img_0167","No conforme",2,0.903719648868336,0.20041793912829,12390,0.0507406191021657,0.0507456936715328
"img_0168","Conforme",1,0.947987012436811,0.120388525313131,10458,0.0433560848881749,0.0433604209302679
"img_0169","No conforme",1,0.943883885623707,0.137510813477351,10389,0.11921634657847,0.11922826940541
"img_0170","No conforme",1,0.938428725962919,0.130645978578012,12112,0.0465721021357607,0.0465767598117419
"img_0171","Conforme",1,0.941417354574764,0.126282067288648,11781,0.0435523665691751,0.0435567222413992
"img_0172","Conforme",1,0.944505484475528,0.123545218096497,11165,0.0433442444425023,0.0433485793004323
"img_0173","Conforme",1,0.942001259011661,0.125782517237037,11661,0.043275632593271,0.0432799605893299
"img_0174","Conforme",1,0.947366909395106,0.120953964728232,10586,0.0434130495175735,0.0434173912566992
"img_0175","No conforme",1,0.946717129480698,0.130895257012051,10112,0.102809146033921,0.102819427976719
"img_0176","No conforme",1,0.940804431421616,0.131082182074793,11645,0.0757905826797336,0.0757981624959832
"img_0177","No conforme",1,0.926344853856704,0.149818791764734,13930,0.106302643746361,0.106313275073868
"img_0178","No conforme",0,0.902838856039608,0.176763796546416,19685,0.209104711552307,0.209125624114719
"img_0179","No conforme",1,0.93593568915872,0.137671072053563,12246,0.0784070080874892,0.0784148495724465
"img_0180","No conforme",1,0.930136373506434,0.147388463945621,13175,0.108819416928389,0.108830299958385
"img_0181","No conforme",1,0.931252846177045,0.136233017456069,13536,0.0469803583021843,0.046985056807865
"img_0182","Conforme",1,0.948460585919548,0.119926322847022,10366,0.0435144617130464,0.0435188135944059
"img_0183","Conforme",1,0.949099835330739,0.119305346220415,10240,0.0436737876216536,0.0436781554371973
"img_0184","Conforme",1,0.943943718028349,0.124036521868407,11280,0.0434174451932501,0.0434217873719872
"img_0185","No conforme",2,0.895100491817699,0.192352696756825,19794,0.228072281896166,0.228095091405306
"img_0186","Conforme",1,0.950570276507209,0.117976440734827,9928,0.043628450183733,0.0436328134650795
"img_0187","No conforme",2,0.908418826096479,0.19184591260714,12282,0.0525590866166991,0.0525643430510042
"img_0188","Conforme",1,0.952683257877125,0.11583201685033,9504,0.0433923094844966,0.0433966491494116
"img_0189","No conforme",1,0.935358426118738,0.142672268737629,11796,0.0874835649797947,0.0874923142112158
"img_0190","Conforme",1,0.947951771150477,0.120335019941048,10478,0.0433235436902671,0.0433278764779149
"img_0191","No conforme",1,0.936798113439223,0.135297613135049,12127,0.0644491688619112,0.0644556144233535
"img_0192","Conforme",1,0.951531783249799,0.116845064462117,9760,0.0435930531795982,0.0435974129208903
"img_0193","No conforme",0,0.892023071917366,0.194171534662368,20204,0.225370262052013,0.225392801332146
"img_0194","No conforme",1,0.929845588019876,0.143374730691257,13565,0.0920485226384951,0.0920577284113362
"img_0195","No conforme",0,0.898465765416762,0.189067067115773,19626,0.228894912851932,0.228917804632395
"img_0196","Conforme",1,0.935167800077551,0.131299387615602,13040,0.0431394329983641,0.0431437473731014
"img_0197","Conforme",1,0.938061295166016,0.128911211164224,12480,0.0435316481823596,0.0435360017825379
"img_0198","Conforme",1,0.944853948400161,0.123248792954642,11096,0.0437264441445865,0.0437308172263091
"img_0199","Conforme",1,0.947228217881147,0.120991271681758,10626,0.0431844287197621,0.0431887475945216
"img_0200","No conforme",1,0.931051988794663,0.146896481644352,12973,0.109490070273032,0.109501020375069
"img_0201","Conforme",1,0.9396337505924,0.127642623066164,12160,0.0434168176673464,0.0434211597833247
"img_0202","No conforme",1,0.94524878243839,0.124526326503779,10810,0.0483781945075348,0.0483830328108159
"img_0203","Conforme",1,0.940330917771283,0.127092451076277,12012,0.0431140544045483,0.0431183662411724
"img_0204","No conforme",1,0.938989654756434,0.136636332848077,11714,0.095283437598912,0.0952929668956015
"img_0205","Conforme",1,0.949942694414924,0.118436736722793,10075,0.0433226603130897,0.0433269930123909
"img_0206","Conforme",1,0.943202334702436,0.124522046832971,11455,0.043367970575178,0.0433723078059586
"img_0207","No conforme",1,0.929355321296243,0.143824956491704,13624,0.0910422655133886,0.0910513706504537
"img_0208","No conforme",1,0.942914361338896,0.12861822117168,11244,0.0709012312661184,0.0709083220983282
"img_0209","Conforme",1,0.951700390966079,0.116650906366791,9728,0.0433859707482801,0.043390309779258
"img_0210","Conforme",1,0.949710066025678,0.118599371899269,10132,0.0433863447984813,0.043390683866868
"img_0211","No conforme",0,0.894487807994169,0.19110271659498,20152,0.224359343997071,0.224381782175289
"img_0212","Conforme",1,0.938071586339614,0.129070871463986,12450,0.0434768871929246,0.0434812353164562
"img_0213","No conforme",0,0.901243963461483,0.186755477811396,19371,0.229424472833382,0.22944741757514
"img_0214","Conforme",1,0.940062389939252,0.12718982395248,12087,0.0431752655989036,0.0431795835572594
"img_0215","Conforme",1,0.945924828778435,0.122342094089397,10868,0.0434355805562657,0.0434399245487206
"img_0216","Conforme",1,0.937620031181784,0.129375347317309,12551,0.0435442535879622,0.043548608448807
"img_0217","No conforme",1,0.942796192339729,0.130312079944235,10971,0.0675125683725628,0.0675193203045933
"img_0218","Conforme",1,0.952335930768181,0.116002291708182,9600,0.0432848470400826,0.0432891759576783
"img_0219","Conforme",1,0.948332006081974,0.119978588664239,10400,0.043225942417252,0.0432302654437964
"img_0220","Conforme",1,0.951863254771513,0.116692447171922,9664,0.0432683533697866,0.0432726806378504
"img_0221","Conforme",1,0.933287447096881,0.132662915016009,13430,0.043262127792212,0.0432664544376557
"img_0222","No conforme",1,0.944929875721651,0.131826887403191,10533,0.0997416628103657,0.0997516379741631
"img_0223","No conforme",1,0.94258905255486,0.134309522071315,10947,0.0996890155400373,0.0996989854385811
"img_0224","No conforme",1,0.941387318707634,0.129763383503874,11570,0.0701596704211078,0.0701666870898167
"img_0225","Conforme",1,0.937381778546502,0.129540984258822,12600,0.0432633772152064,0.0432677039856049
"img_0226","Conforme",1,0.943956701660156,0.124221058528128,11247,0.0434441535857204,0.043448498435564
"img_0227","Conforme",1,0.947437930459415,0.120825516681442,10579,0.0431682208993791,0.0431725381531944
"img_0228","Conforme",1,0.943838891655417,0.123989535391207,11322,0.0433102711149714,0.0433146025752289
"img_0229","No conforme",1,0.944570282969755,0.132573066371015,10565,0.101070168968907,0.101080276996607
"img_0230","Conforme",1,0.946985836809944,0.121374329851005,10650,0.0431005122078724,0.0431048226901414
"img_0231","No conforme",1,0.938685347146427,0.130391851856505,12076,0.0473396707199635,0.0473444051604796
"img_0232","Conforme",1,0.94127279948515,0.126295816482368,11826,0.043404680970198,0.0434090218723853
"img_0233","Conforme",1,0.943245354201373,0.124473041685453,11448,0.0433542778975392,0.0433586137589151
"img_0234","No conforme",1,0.942291565838982,0.126988703504564,11413,0.047186328442484,0.0471910475472387
"img_0235","No conforme",1,0.939432055556353,0.140553810874693,11320,0.113965742867339,0.113977140581397
"img_0236","No conforme",0,0.914787925738166,0.170964459267072,17884,0.223925296148172,0.223947690917264
"img_0237","Conforme",1,0.94952937216366,0.118918970216041,10143,0.0429394569709664,0.042943751346101
"img_0238","Conforme",1,0.940743821195715,0.126740017187498,11935,0.0436195930755146,0.0436239554710617
"img_0239","No conforme",1,0.945055224609375,0.12421162737013,10900,0.0459419972134681,0.0459465918726554
"img_0240","Conforme",1,0.954414089678596,0.113885057530264,9176,0.0432418942532177,0.0432462188751052
"img_0241","Conforme",1,0.940482293755026,0.126923332291729,11988,0.0430771710018302,0.0430814791497451
"img_0242","No conforme",2,0.897869296174891,0.184899431756307,20043,0.217064357863607,0.217086066470254
"img_0243","Conforme",1,0.943609015556784,0.124464677061349,11324,0.0431470336529225,0.0431513487878013
"img_0244","No conforme",1,0.943086558999454,0.12926983556652,11174,0.0768624880639408,0.0768701750814489
"img_0245","No conforme",2,0.910061764095531,0.195297251474834,11566,0.0521241631747892,0.0521293761124005
"img_0246","No conforme",1,0.935829187478458,0.143642124827571,12003,0.112656484149299,0.112667750924392
"img_0247","No conforme",2,0.884988875265682,0.197225718696853,21324,0.218299523429889,0.218321355565446
"img_0248","No conforme",1,0.949328813943302,0.120746291993486,9972,0.0465269431444753,0.0465315963041057
"img_0249","Conforme",1,0.944308695696662,0.123610456013752,11220,0.0431489631855758,0.0431532785134271
"img_0250","Conforme",1,0.95103008853688,0.117323600973887,9860,0.0430570057418806,0.0430613118730679
"img_0251","Conforme",1,0.951707271692612,0.116835128390166,9702,0.043822385942074,0.0438267686189359
"img_0252","No conforme",1,0.935759004067814,0.134762502018281,12672,0.0718429945335681,0.0718501795515232
"img_0253","Conforme",1,0.951858169017119,0.116470687269923,9699,0.0433425396683387,0.0433468743557743
"img_0254","Conforme",1,0.938940472519818,0.128301120656211,12284,0.0433080081654853,0.0433123393994252
"img_0255","Conforme",1,0.949997859892004,0.11827608809515,10080,0.0433368881520299,0.0433412222742573
"img_0256","Conforme",1,0.941304749989229,0.126201661908266,11830,0.0433762752421065,0.0433806133034368
"img_0257","No conforme",1,0.93987661032284,0.128688009901497,11938,0.0459654838866653,0.0459700808947548
"img_0258","Conforme",1,0.942054629516601,0.125673917668329,11664,0.0436623527798773,0.0436667194518224
"img_0259","Conforme",1,0.951844228066837,0.116694382397384,9672,0.0434719662433206,0.0434763138747081
"img_0260","No conforme",1,0.946993016698501,0.130545031993468,10074,0.103016486556014,0.103026789234938
"img_0261","Conforme",1,0.946462901593377,0.121545347092337,10804,0.0431728124257158,0.0431771301387297
"img_0262","Conforme",1,0.949396065566119,0.118975255395634,10184,0.04332340747574,0.0433277402497649
"img_0263","Conforme",1,0.955027670988195,0.113239018793218,9052,0.0432706260637263,0.0432749535590822
"img_0264","Conforme",1,0.944535999001896,0.123457606828971,11169,0.0434218533263543,0.0434261959459489
"img_0265","No conforme",1,0.934800847939884,0.132404148824457,13000,0.0451456433803163,0.0451501583961559
"img_0266","Conforme",1,0.954674300806382,0.113675488206692,9114,0.0432155925681213,0.0432199145595773
"img_0267","Conforme",1,0.952571191783232,0.115792071394064,9548,0.0432495865307254,0.0432539119219176
"img_0268","Conforme",1,0.949277836734547,0.119247010918955,10184,0.0433051284045283,0.0433094593504634
"img_0269","Conforme",1,0.947983841319365,0.120348452227622,10465,0.0433355732986786,0.0433399072894076
"img_0270","No conforme",1,0.938808123240751,0.141355703781473,11426,0.115024119462084,0.115035623024386
"img_0271","Conforme",1,0.946308354492187,0.121821517387668,10816,0.0433410682521397,0.0433454027924189
"img_0272","Conforme",1,0.940094340443331,0.127273405269314,12062,0.0430926619147537,0.0430969716119149
"img_0273","Conforme",1,0.951506892969468,0.116823049959091,9768,0.0431085444284773,0.0431128557140487
"img_0274","No conforme",1,0.94615099526798,0.135837249135331,9915,0.121823128794099,0.121835312325332
"img_0275","No conforme",1,0.934831721460679,0.143591745511098,12279,0.109708546617853,0.10971951856971
"img_0276","No conforme",1,0.929114495867561,0.138841343645915,13796,0.0480061683593501,0.0480109694562957
"img_0277","No conforme",1,0.942665279038373,0.129568636070513,11270,0.0768093965604587,0.0768170782682855
"img_0278","Conforme",1,0.946774688253964,0.121352642575541,10725,0.0430061297944024,0.0430104308374861
"img_0279","No conforme",1,0.949784677034266,0.123377137751103,9815,0.0802052664061702,0.0802132877349437
"img_0280","No conforme",1,0.945426065853343,0.127438650689518,10677,0.0781003374585882,0.0781081482734155
"img_0281","Conforme",1,0.942888573572495,0.124954548800986,11492,0.0432538610151322,0.0432581868338156
"img_0282","Conforme",1,0.94355546555463,0.124268610085329,11376,0.0434705524197487,0.0434748999097397
"img_0283","Conforme",1,0.947847902096019,0.120422313838314,10500,0.0432608486605725,0.0432651751780904
"img_0284","Conforme",1,0.948031108919031,0.120150846182007,10478,0.0432505584051083,0.0432548838934976
"img_0285","No conforme",2,0.901541330512552,0.180973948845064,19731,0.216733372671878,0.216755048176696
"img_0286","No conforme",1,0.949530987638586,0.12835225245939,9556,0.105143985172606,0.105154500622668
"img_0287","Conforme",1,0.9454899668615,0.122627606836984,10971,0.0432627836736864,0.0432671103847249
"img_0288","Conforme",1,0.953335670417337,0.115020367527528,9394,0.0435075446741524,0.0435118958637387
"img_0289","Conforme",1,0.94269088730756,0.125114218325067,11534,0.0432871031894418,0.0432914323326751
"img_0290","No conforme",0,0.905030876016056,0.173992505844011,19561,0.207363827817159,0.207384566273787
"img_0291","No conforme",1,0.940847032093721,0.135737957246933,11290,0.0984334542840221,0.0984432986138835
"img_0292","Conforme",1,0.949220277961282,0.119194145748469,10212,0.0433214889876236,0.0433258215697806
"img_0293","Conforme",1,0.947557535436294,0.120720884907166,10557,0.0435335768569399,0.0435379306500049
"img_0294","Conforme",1,0.943418389515596,0.124472138642499,11390,0.0434162496876488,0.0434205917468235
"img_0295","Conforme",1,0.947517746887207,0.120795911011239,10560,0.0436170398596677,0.0436214019998677
"img_0296","Conforme",1,0.945949240399529,0.122217054514689,10880,0.0435524056576513,0.0435567613337847
"img_0297","No conforme",1,0.938034131254308,0.141075484709439,11651,0.111262612910943,0.111273740284972
"img_0298","Conforme",1,0.949726938763787,0.118554055635451,10132,0.043275357588355,0.0432796855569107
"img_0299","Conforme",1,0.940049765301873,0.127185264476717,12089,0.0428800887271442,0.0428843771648607
"img_0300","Conforme",1,0.942915617819393,0.125016427744292,11473,0.0432433775696039,0.0432477023398379
"img_0301","Conforme",1,0.949916308324477,0.118479381834617,10080,0.0435848751092395,0.0435892340326428
"img_0302","No conforme",1,0.949565869930492,0.120336148346695,9949,0.0462908893771752,0.0462955189290681
"img_0303","Conforme",1,0.94712333167581,0.121080455207663,10650,0.0433597358461955,0.0433640722534209
"img_0304","Conforme",1,0.94034234576057,0.127085749470908,12012,0.0433892425078004,0.0433935818659869
"img_0305","No conforme",1,0.934922666715734,0.143915434393903,12259,0.112387036903975,0.112398276731648
"img_0306","Conforme",1,0.953061338842055,0.115318060003735,9447,0.0434891348392114,0.0434934841876302
"img_0307","Conforme",1,0.944065117977367,0.123975871650669,11247,0.0432857425508259,0.0432900715579817
"img_0308","Conforme",1,0.945039668184168,0.123073915872173,11055,0.0432040701907211,0.0432083910298241
"img_0309","Conforme",1,0.9511218714456,0.117558801711981,9798,0.0436383579493749,0.043642722221597
"img_0310","Conforme",1,0.939467476339901,0.127790653042421,12191,0.0433472618552941,0.0433515970149956
"img_0311","No conforme",1,0.945608315357881,0.126938857512901,10550,0.0682858040968017,0.0682926333601377
"img_0312","Conforme",1,0.944232888039982,0.123613302539944,11247,0.0433214016994257,0.043325734272853
"img_0313","Conforme",1,0.945333864117791,0.122724035306281,11011,0.0434358281568656,0.043440172174083
"img_0314","No conforme",2,0.917174580526913,0.185278663938718,11004,0.0496380539372844,0.0496430182391083
"img_0315","Conforme",1,0.946857974961225,0.121380281413082,10695,0.0433270384217076,0.0433313715588634
"img_0316","Conforme",1,0.934074063720703,0.132071643439655,13272,0.0432882193543569,0.0432925486092178
"img_0317","Conforme",1,0.941489991113999,0.126081241712325,11786,0.0432942064968932,0.0432985363505282
"img_0318","Conforme",1,0.952414849709903,0.115981388621088,9576,0.043361066561343,0.0433654031016532
"img_0319","Conforme",1,0.948254762447581,0.119918547208436,10437,0.0433607810086796,0.0433651175204317
"img_0320","Conforme",1,0.941663205925437,0.125874881731164,11760,0.0432427659012752,0.0432470906103363
"img_0321","Conforme",1,0.941418252060834,0.126343476149358,11766,0.0430488072487814,0.0430531125600374
"img_0322","No conforme",2,0.91153501739502,0.1690489911485,18828,0.211322935951444,0.21134407035848
"img_0323","Conforme",1,0.938419392107795,0.128651895534338,12403,0.0435285039508948,0.0435328572366184
"img_0324","No conforme",1,0.944218408598058,0.136254401431927,10392,0.115436837781865,0.115448382620127
"img_0325","No conforme",0,0.915381642689424,0.166884917950556,18179,0.215305700619198,0.215327233342533
"img_0326","No conforme",2,0.884249705738741,0.198013091671903,21393,0.218759633729487,0.218781511880675
"img_0327","No conforme",1,0.943888373054055,0.125961313786704,11036,0.0470540089939161,0.0470587148654026
"img_0328","Conforme",1,0.945687593294031,0.122539021150719,10920,0.043574584656713,0.0435789425509681
"img_0329","No conforme",1,0.950812777243221,0.118896401859857,9728,0.0459148317786222,0.0459194237209943
"img_0330","Conforme",1,0.935011996495864,0.131298854215398,13090,0.0430212625727215,0.0430255651292344
"img_0331","Conforme",1,0.94267670702766,0.125165351368862,11534,0.0436270797009113,0.0436314428451958
"img_0332","Conforme",1,0.952460202672622,0.115825025352801,9581,0.0431084696533951,0.0431127809314883
"img_0333","Conforme",1,0.954680104549632,0.113763571445282,9100,0.0433038858160752,0.043308216637739
"img_0334","Conforme",1,0.94233446567311,0.125498351956707,11592,0.0431095610342773,0.0431138724215194
"img_0335","No conforme",1,0.936618496560489,0.138779135590314,12170,0.0956617464097171,0.0956713135410712
"img_0336","No conforme",2,0.904576688232422,0.193506993485093,12934,0.0498225102857702,0.0498274930350737
"img_0337","No conforme",1,0.934254458420697,0.134591569670097,12848,0.0475152194761758,0.0475199714733231
"img_0338","No conforme",1,0.939154313534007,0.136965307360757,11643,0.0972132000397297,0.0972229223319629
"img_0339","Conforme",1,0.953518697743135,0.114980846019654,9333,0.043203814626002,0.0432081354395459
"img_0340","No conforme",0,0.905487277598661,0.19902983801284,12168,0.052777532365453,0.0527828106465176
"img_0341","Conforme",1,0.948784997217515,0.119661131967863,10293,0.0434039449705475,0.0434082857991274
"img_0342","Conforme",1,0.932503582763672,0.13317910122815,13600,0.0433667369616412,0.0433710740690481
"img_0343","Conforme",1,0.946402052037856,0.121804223785731,10787,0.0433943545251555,0.043398694394595
"img_0344","No conforme",0,0.907263342698041,0.179356787006881,18615,0.225455809277067,0.225478357112778
"img_0345","No conforme",1,0.939629741821289,0.140758687152603,11262,0.115868318341912,0.115879906332546
"img_0346","Conforme",1,0.945366412945916,0.122831498865111,10988,0.0439534986357749,0.0439578944252174
"img_0347","Conforme",1,0.941302356693043,0.126229785034495,11826,0.0433447448339924,0.0433490797419666
"img_0348","Conforme",1,0.948945946386001,0.119272298907225,10296,0.0434036585166918,0.0434079993166235
"img_0349","Conforme",1,0.937541112240062,0.129335230223021,12580,0.0431877385112183,0.04319205771699
"img_0350","No conforme",1,0.936105732852711,0.133920959333058,12640,0.0684494335020326,0.0684562791299456
"img_0351","No conforme",0,0.908256799944709,0.176931944397377,18839,0.222443881251319,0.222466127864105
"img_0352","No conforme",2,0.912849595157399,0.188656591391518,11636,0.0524921983141411,0.052497448058947
"img_0353","No conforme",1,0.934177394283519,0.132862035544457,13124,0.0447978991634559,0.0448023794013961
"img_0354","Conforme",1,0.944162943958956,0.123756630406195,11248,0.0432825861011773,0.0432869147926566
"img_0355","No conforme",1,0.948364136083266,0.133813958914782,9498,0.124214160737151,0.124226583395491
"img_0356","No conforme",1,0.931554401496438,0.142210454425073,13218,0.0927466482391364,0.0927559238315195
"img_0357","Conforme",1,0.939891329094382,0.127533158153672,12090,0.0432729298377443,0.0432772575635006
"img_0358","Conforme",1,0.951249194802677,0.117116213282427,9815,0.0431484015450565,0.0431527168167382
"img_0359","Conforme",1,0.936819772769704,0.12996383997027,12719,0.0434662891698103,0.0434706362334337
"img_0360","Conforme",1,0.952785391791849,0.115530429430008,9514,0.0436161788123465,0.0436205408664332
"img_0361","No conforme",1,0.935365845336914,0.133741841716575,12632,0.0480310310169981,0.0480358346004582
"img_0362","No conforme",1,0.935323543826832,0.143931897907483,12123,0.112544821062994,0.112556076670661
"img_0363","No conforme",1,0.945220900537827,0.132122703253221,10420,0.101620105338575,0.101630268365412
"img_0364","No conforme",1,0.950774364839442,0.122561425147682,9600,0.0809338851867588,0.0809419793846973
"img_0365","No conforme",2,0.910156059965246,0.173063957504014,18637,0.217261298154059,0.217283026456704
"img_0366","Conforme",1,0.953437923996869,0.114912001260902,9372,0.0432831780174765,0.0432875067681533
"img_0367","No conforme",0,0.884072721485811,0.192033314471859,21975,0.205373299880209,0.205393839264136
"img_0368","Conforme",1,0.939862489875345,0.127419620821284,12118,0.0432789221953122,0.0432832505203642
"img_0369","No conforme",1,0.942007122587316,0.134634260580912,11090,0.0993941595426981,0.0994040999526934
"img_0370","No conforme",1,0.938444581550149,0.129822506230788,12226,0.0454587672746321,0.0454633136059927
"img_0371","Conforme",1,0.939991129545324,0.127365021363103,12087,0.0436040889511843,0.0436084497961639
"img_0372","Conforme",1,0.93608263754452,0.130471814120355,12877,0.0432774755380736,0.0432818037184455
"img_0373","Conforme",1,0.95360964299819,0.114697819876794,9344,0.0434587216470261,0.0434630679538215
"img_0374","No conforme",2,0.90018624621223,0.1880338471997,19360,0.229981407964163,0.230004408405004
"img_0375","Conforme",1,0.934460401557473,0.131851088599562,13182,0.043270679539812,0.043275007040516
"img_0376","Conforme",1,0.944403948884852,0.123670834406588,11178,0.0431323743232935,0.0431366879920927
"img_0377","No conforme",1,0.947634599573472,0.123933300852987,10256,0.0637266185754911,0.0637329918746786
"img_0378","Conforme",1,0.955174978368422,0.113081581314013,9024,0.0434874603602814,0.0434918095412355
"img_0379","Conforme",1,0.940356226878447,0.127084003706371,12008,0.0434266095304209,0.0434309526256834
"img_0380","Conforme",1,0.934798873470531,0.13153867189577,13120,0.0430042113603048,0.0430085122115259
"img_0381","Conforme",1,0.950373846722771,0.118042653085873,9984,0.0433305858299975,0.0433349193219297
"img_0382","Conforme",1,0.951153403122846,0.117458884525797,9798,0.0431769259863787,0.0431812441107898
"img_0383","Conforme",1,0.945667250276453,0.122484406448918,10934,0.0434216235603958,0.0434259661570115
"img_0384","Conforme",1,0.941208898476993,0.12643314530893,11826,0.0434467017033677,0.0434510468080485
"img_0385","Conforme",1,0.940382672801298,0.127090434371199,11999,0.0435163543491841,0.0435207064198261
"img_0386","Conforme",1,0.943367711468865,0.124586711368481,11390,0.0435028603817242,0.0435072111028345
"img_0387","Conforme",1,0.942715837420295,0.125333249698988,11492,0.0433866795961235,0.0433910186979933
"img_0388","Conforme",1,0.95011537073472,0.11822738184581,10048,0.0435265668044802,0.0435309198964699
"img_0389","Conforme",1,0.949959327823414,0.118411828117735,10074,0.0434475613234394,0.0434519065140908
"img_0390","Conforme",1,0.940420666378246,0.126947050474714,12008,0.0433888706544887,0.0433932099754862
"img_0391","No conforme",2,0.886386081578872,0.197444830791436,21078,0.221775801056285,0.22179798085437
"img_0392","No conforme",1,0.934516165358599,0.132889219841551,13013,0.0451285336081345,0.0451330469128257
"img_0393","Conforme",1,0.939725234339097,0.127719044943226,12118,0.0435070087806687,0.0435113599166604
"img_0394","Conforme",1,0.940375911739574,0.127034906018084,12008,0.0432989527597379,0.0433032830880467
"img_0395","No conforme",2,0.896310961196002,0.186967622204445,20214,0.219026769417001,0.219048674284429
"img_0396","Conforme",1,0.950200751576143,0.118456518533754,9983,0.0433847959796478,0.0433891348931371
"img_0397","No conforme",1,0.940241707655963,0.128400688196805,11860,0.0457442729799367,0.0457488478647232
"img_0398","Conforme",1,0.954447296663172,0.113810543684444,9176,0.0433723344373674,0.0433766721045779
"img_0399","Conforme",1,0.948936313368853,0.119291665452105,10296,0.0433561626797437,0.0433604987296166
"img_0400","No conforme",2,0.886486061527028,0.196702064829257,21204,0.221057776954701,0.221079884943195
"img_0401","Conforme",1,0.950402805606618,0.117886447355355,9996,0.0431839269434001,0.0431882457679769
"img_0402","Conforme",1,0.940639712811638,0.126704045156844,11972,0.0432438882563419,0.0432482130776497
"img_0403","No conforme",1,0.943676087682387,0.132859691936715,10553,0.0856582439782363,0.0856668106593022
"img_0404","Conforme",1,0.944884522758933,0.12314855405026,11100,0.0436004743168987,0.0436048348003788
"img_0405","No conforme",2,0.911919320930032,0.174250937159429,18253,0.224709850828474,0.22473232406088
"img_0406","No conforme",2,0.893123928330365,0.193112771722216,20266,0.226236124251251,0.226258750126263
"img_0407","Conforme",1,0.938648789547191,0.128585365180744,12337,0.0434889912373285,0.0434933405713856
"img_0408","Conforme",1,0.951586529900046,0.116779536800219,9750,0.043527783405159,0.0435321366188209
"img_0409","Conforme",1,0.947374747440114,0.120961826963724,10582,0.0434012917695474,0.0434056323327807
"img_0410","No conforme",1,0.929757993379481,0.136840769835218,13904,0.0463237912244482,0.0463284240668549
"img_0411","Conforme",1,0.954893347239775,0.113529800109463,9060,0.0435477612606704,0.0435521164723177
"img_0412","Conforme",1,0.950194947832893,0.1180613521714,10044,0.043390563838499,0.0433949033288318
"img_0413","No conforme",1,0.941918929622874,0.128893308837481,11260,0.048762382027861,0.0487672587537364
"img_0414","Conforme",1,0.948888626942354,0.119437613356256,10292,0.0435341808292809,0.0435385346827492
"img_0415","Conforme",1,0.952046341929716,0.116442063826845,9636,0.0431742474738051,0.0431785653303381
"img_0416","No conforme",1,0.930550413746553,0.137874633109528,13750,0.0653457723175408,0.0653523075482956
"img_0417","No conforme",0,0.907517809914982,0.175989972873511,18975,0.218259104677704,0.218280932770981
"img_0418","No conforme",2,0.909671058493221,0.174668096927504,18521,0.22001991569976,0.220041919891749
"img_0419","No conforme",1,0.939123918672449,0.136978248636744,11653,0.0972955532442115,0.0973052837725888
"img_0420","Conforme",1,0.938829782571232,0.128294600197799,12320,0.0431161337128682,0.043120445757444
"img_0421","Conforme",1,0.951458668051327,0.117061754535664,9750,0.0431562666308404,0.0431605826891093
"img_0422","No conforme",1,0.939009040455538,0.136994323958581,11690,0.0973079326538739,0.0973176644203159
"img_0423","Conforme",1,0.952804897155762,0.115531146736704,9504,0.0432351235549999,0.0432394474997498
"img_0424","Conforme",1,0.950001629333496,0.118464677427816,10050,0.0432806602393086,0.0432849887381824
"img_0425","Conforme",1,0.939217017894072,0.128019809578553,12240,0.0435768318649616,0.04358118998396
"img_0426","Conforme",1,0.951751368174833,0.116499766475263,9729,0.0429580613475045,0.0429623575832628
"img_0427","No conforme",1,0.946161406106388,0.12302760208725,10702,0.0455718853912691,0.0455764430355727
"img_0428","Conforme",1,0.94707911552878,0.121184044328104,10647,0.0430949385891781,0.0430992485140295
"img_0429","Conforme",1,0.94342862085679,0.124298045553884,11410,0.0430023484287837,0.043006649093693
"img_0430","Conforme",1,0.944643876827464,0.123311703445091,11154,0.0433150150239414,0.0433193469586373
"img_0431","No conforme",0,0.883057245914235,0.202585112964618,21255,0.226631064029665,0.226653729402605
"img_0432","No conforme",0,0.904036640948127,0.176856014689602,19524,0.212193769215315,0.212214990714386
"img_0433","Conforme",1,0.936017240726246,0.130638186783172,12870,0.0431710310613113,0.0431753485961709
"img_0434","No conforme",2,0.901966978239172,0.186257274038302,19193,0.22986116539449,0.229884153809871
"img_0435","Conforme",1,0.945987174144072,0.122185299016197,10872,0.0435622464736854,0.0435666031339988
"img_0436","No conforme",1,0.937765364092658,0.137998822190109,11930,0.0965200995570751,0.0965297525323283
"img_0437","Conforme",1,0.951172549492331,0.117262184456037,9821,0.0432531032690534,0.0432574290119546
"img_0438","Conforme",1,0.942344158522662,0.125262006395303,11627,0.0431952432634737,0.0431995632197956
"img_0439","No conforme",2,0.911587789575913,0.167408299336909,18863,0.206946568598331,0.206967265324863
"img_0440","Conforme",1,0.949618163452148,0.11874845393755,10140,0.0432045498207581,0.0432088707078289
"img_0441","No conforme",1,0.944923114659926,0.135976866235506,10236,0.117620396569361,0.117632159785339
"img_0442","No conforme",1,0.938612710607192,0.129321358329461,12244,0.0448152847006111,0.0448197666772789
"img_0443","No conforme",1,0.943425629236558,0.131931922839238,10660,0.0779191388124038,0.0779269315055544
"img_0444","Conforme",1,0.944335321116728,0.123560880483597,11218,0.0430754786711532,0.0430797866498182
"img_0445","No conforme",1,0.93934589689367,0.129433535688159,11996,0.0460001759058376,0.0460047763834759
"img_0446","Conforme",1,0.943947786631865,0.123970706801047,11288,0.0433189259938637,0.0433232583196957
"img_0447","No conforme",0,0.892808132898667,0.184690762610868,21018,0.205947728382978,0.2059683252155
"img_0448","Conforme",1,0.945261945567411,0.122848444474066,11016,0.0434071072724601,0.0434114484173018
"img_0449","No conforme",1,0.944539349616556,0.128146041830737,10865,0.0776510394467912,0.0776588053273239
"img_0450","Conforme",1,0.938386185123219,0.128709290078738,12400,0.0430722040253834,0.043076511676551
"img_0451","Conforme",1,0.94908374041389,0.119258356599771,10251,0.0434810295386419,0.0434853780764495
"img_0452","Conforme",1,0.946082965823903,0.122004479422426,10863,0.0431118030208848,0.043116114632348
"img_0453","No conforme",1,0.946924089768354,0.122494919935442,10525,0.0457644906386842,0.0457690675454387
"img_0454","Conforme",1,0.937591850119198,0.129365138810801,12558,0.043161053874154,0.0431653704111951
"img_0455","No conforme",0,0.891804803305233,0.19110964239948,20652,0.218752128263302,0.218774005663868
"img_0456","No conforme",1,0.943548465163287,0.128835619542718,11088,0.0770748714137031,0.0770825796716703
"img_0457","Conforme",1,0.943519566111845,0.124446317176714,11360,0.0434440408754222,0.0434483857139936
"img_0458","No conforme",1,0.942425051933737,0.132648733640322,10873,0.0771740002529378,0.0771817184247802
"img_0459","No conforme",1,0.932709466068043,0.141610261991757,12953,0.0934572884767873,0.0934666351403013
"img_0460","No conforme",1,0.927459531555176,0.151957205357817,13066,0.100596613713681,0.100606674381119
"img_0461","No conforme",1,0.939588158300063,0.132100502053249,11884,0.0753030613809585,0.0753105924402026
"img_0462","No conforme",1,0.942548546016917,0.129735154795004,11281,0.0766743342080129,0.0766820024082538
"img_0463","No conforme",1,0.927923531853171,0.138455700329729,14216,0.0464301373029933,0.0464347807810714
"img_0464","Conforme",1,0.943744416288488,0.124193122862643,11323,0.0434000271106846,0.0434043675474393
"img_0465","Conforme",1,0.942192303879682,0.125496567775419,11644,0.043492855792304,0.0434972055128553
"img_0466","Conforme",1,0.941503991896685,0.126214426585113,11760,0.0432865353808475,0.0432908644672942
"img_0467","No conforme",1,0.947458213644589,0.125531109297749,10285,0.0791901715939124,0.0791980914030527
"img_0468","Conforme",1,0.944072956022375,0.123945069712583,11248,0.0431626813146367,0.0431669980144381
"img_0469","Conforme",1,0.938122443883559,0.128772341136178,12480,0.0433110012768139,0.0433153328100949
"img_0470","Conforme",1,0.93454105563893,0.13158979324314,13200,0.0433572237830311,0.043361559939025
"img_0471","No conforme",1,0.932788983333812,0.138121025752854,12870,0.0573801253674664,0.0573858639538618
"img_0472","No conforme",1,0.922945774949018,0.147335919606969,14653,0.0715131770610416,0.071520329093951
"img_0473","Conforme",1,0.951401647769703,0.11708814792843,9768,0.0434024340777646,0.0434067747552401
"img_0474","No conforme",2,0.901217338041418,0.183629729953821,19514,0.221711477520988,0.221733650886076
"img_0475","No conforme",1,0.938128367291619,0.131528320697723,12146,0.0533099522024003,0.0533152837307733
"img_0476","Conforme",1,0.940383809616986,0.127058129486809,12000,0.0431367198831495,0.0431410339865481
"img_0477","No conforme",1,0.937860377951229,0.142157742642875,11600,0.114303667131473,0.114315098641337
"img_0478","Conforme",1,0.947470898114373,0.120791767855981,10575,0.0434175043918514,0.0434218465765091
"img_0479","Conforme",1,0.946200177504596,0.12208360513236,10812,0.0432609158938088,0.0432652424180506
"img_0480","No conforme",2,0.900893465235093,0.182984420104953,19634,0.219350079195997,0.219372016397637
"img_0481","No conforme",1,0.934092432268928,0.143587583668765,12455,0.106630270190228,0.106640934283657
"img_0482","No conforme",2,0.89734953207577,0.201028880430095,13666,0.0487582623694157,0.0487631386832841
"img_0483","No conforme",1,0.940561212696749,0.128373986486179,11763,0.0462209457809151,0.0462255683377489
"img_0484","Conforme",1,0.944114120716768,0.123859828480718,11247,0.0431267924488501,0.043131105559406
"img_0485","No conforme",1,0.954330802971335,0.119070202542789,8883,0.0830107617803711,0.0830190636867398
"img_0486","Conforme",1,0.957292267671473,0.110741503547668,8601,0.0433133030976684,0.0433176348611545
"img_0487","Conforme",1,0.939540651370778,0.12777756346225,12168,0.0432832973380765,0.0432876261006866
"img_0488","No conforme",1,0.935413711260627,0.1396975780031,12410,0.0951169920651534,0.0951265047156249
"img_0489","No conforme",1,0.939989214908375,0.136115891747704,11488,0.0967452359008639,0.0967549113920031
"img_0490","No conforme",1,0.935853539267147,0.135154443301807,12605,0.0735898723689733,0.0735972320921825
"img_0491","No conforme",1,0.946933782617906,0.135144729886582,9767,0.122741958164868,0.122754233588226
"img_0492","Conforme",1,0.948759269283519,0.119678344052584,10296,0.0430183748780428,0.0430226771457574
"img_0493","No conforme",1,0.944240666252585,0.124352139531048,11144,0.044887393568076,0.0448918827563516
"img_0494","Conforme",1,0.950605158799115,0.117790659928241,9940,0.0432097102909084,0.0432140316940778
"img_0495","Conforme",1,0.943234464703728,0.124644256204559,11424,0.0432809487932259,0.043285277320958
"img_0496","Conforme",1,0.953702921717027,0.114611364566222,9324,0.0435011776263878,0.0435055281792057
"img_0497","Conforme",1,0.95275433877384,0.115607334768284,9514,0.0436587878605755,0.0436631541759931
"img_0498","Conforme",1,0.946811305685604,0.121370442981645,10710,0.0430416693281656,0.0430459739255582
"img_0499","Conforme",1,0.948343493903665,0.119946220421335,10404,0.0435772440485025,0.0435816022087234
"img_0500","Conforme",1,0.936683414719525,0.130041430658623,12750,0.0433378571002356,0.0433421913193676
"img_0501","Conforme",1,0.941796632187787,0.125989812154686,11700,0.0435757310221036,0.0435800890310067
"img_0502","Conforme",1,0.944635320793601,0.123259202845263,11165,0.0433021102292643,0.0433064408733516
"img_0503","Conforme",1,0.932782940260943,0.133093980387464,13520,0.043068708434258,0.0430730157358316
"img_0504","Conforme",1,0.945899938498104,0.122315140392024,10880,0.0433617080169273,0.0433660446213894
"img_0505","No conforme",1,0.931931884137322,0.143889259017896,12654,0.0850900155088008,0.085098525361337
"img_0506","No conforme",0,0.893820377520393,0.205380558456331,13936,0.0492206583450707,0.0492255809031611
"img_0507","No conforme",1,0.942381194781135,0.133957039858206,11025,0.0971128773375021,0.0971225895964617
"img_0508","Conforme",1,0.944828100801356,0.123190767122218,11109,0.0432051404435187,0.0432094613896576
"img_0509","Conforme",1,0.950165689787023,0.118377463710122,10004,0.0430330066854102,0.0430373104164519
"img_0510","Conforme",1,0.952904458277085,0.115665217983025,9450,0.0432943930243785,0.0432987228966681
"img_0511","Conforme",1,0.951380526930865,0.116921445416559,9800,0.0433982671305673,0.0434026073913065
"img_0512","No conforme",1,0.946199758677763,0.130591427128226,10080,0.0879212786154975,0.0879300716226598
"img_0513","No conforme",2,0.901122384015252,0.19939220292581,13050,0.0508447695063589,0.0508498544918081
"img_0514","Conforme",1,0.94067698839973,0.126981195770988,11914,0.0431327282690581,0.0431370419732555
"img_0515","Conforme",1,0.950220137275247,0.118209094500645,10010,0.0430128531076455,0.0430171548231278
"img_0516","No conforme",2,0.887877344432158,0.196002153955959,20981,0.221949296968447,0.221971494117858
"img_0517","Conforme",1,0.948535077263327,0.119724146410344,10368,0.0431839061172225,0.0431882249397165
"img_0518","Conforme",1,0.948307175634047,0.120012467560102,10404,0.0432904063699712,0.0432947358435555
"img_0519","No conforme",0,0.907885898868336,0.177560163167164,18853,0.223653392988866,0.223675760564922
"img_0520","No conforme",0,0.912254861055262,0.192461085626911,11378,0.052408550686214,0.0524137920654206
"img_0521","No conforme",0,0.900742508078182,0.187632405109297,19319,0.230206409635958,0.230229432579216
"img_0522","Conforme",1,0.942451318359375,0.125281751416165,11592,0.043645551422035,0.0436499164136764
"img_0523","Conforme",1,0.949376560202206,0.119135135570641,10168,0.0434695697188436,0.0434739171105547
"img_0524","No conforme",1,0.943112945089901,0.132107224465853,10804,0.0822695279976462,0.0822777557732235
"img_0525","Conforme",1,0.944544076376522,0.123423300980473,11174,0.0436767937442131,0.0436811618603991
"img_0526","No conforme",1,0.949827277706371,0.12008813810783,9900,0.0467801269364621,0.0467848054170037
"img_0527","Conforme",1,0.954094644470215,0.114255508080876,9240,0.0438414545694043,0.0438458391533196
"img_0528","Conforme",1,0.94887839560116,0.11952829977844,10281,0.0434351971130394,0.0434395410671461
"img_0529","Conforme",1,0.947915572545669,0.120225160034832,10508,0.0434098415535687,0.0434141829718659
"img_0530","No conforme",1,0.933380665983312,0.136976005427668,12948,0.0632698422184455,0.0632761698354291
"img_0531","No conforme",1,0.928406499023437,0.148440725369752,13535,0.107731431086942,0.107742205307473
"img_0532","Conforme",1,0.942629618925207,0.125141554324792,11550,0.0432451765900062,0.0432495015401602
"img_0533","Conforme",1,0.941547131060432,0.12601951792019,11775,0.043132775481777,0.0431370891906961
"img_0534","Conforme",1,0.948892635713465,0.119488247596427,10281,0.0433055215558027,0.0433098525410568
"img_0535","No conforme",1,0.923194139260685,0.143069201366647,14932,0.0481652659768558,0.0481700829851543
"img_0536","No conforme",1,0.950930886409984,0.126969947258226,9293,0.106499007038903,0.106509658004704
"img_0537","No conforme",1,0.932112278837316,0.145911093161744,12480,0.0959857010457974,0.095995300575855
"img_0538","No conforme",1,0.925413502646053,0.14144115179235,14519,0.0479738187975855,0.0479786166592514
"img_0539","Conforme",1,0.938624916417739,0.128395065638787,12375,0.0434056890246228,0.0434100300276255
"img_0540","Conforme",1,0.945552013065114,0.122643911697384,10950,0.0435607713916737,0.0435651279044642
"img_0541","No conforme",0,0.900715463831284,0.186770965431836,19439,0.228306316813108,0.22832914972808
"img_0542","No conforme",1,0.94410370987836,0.125385200347514,11043,0.046135542670638,0.0461401566863067
"img_0543","Conforme",1,0.937568455648983,0.129402568479023,12561,0.043290310170656,0.0432946396346194
"img_0544","Conforme",1,0.938064346618652,0.128897485482578,12480,0.043414821294212,0.043419163210533
"img_0545","No conforme",1,0.945985139842314,0.135800022279518,9977,0.121690228330354,0.121702398570211
"img_0546","Conforme",1,0.951229809103573,0.117137328528131,9821,0.0434357564405303,0.0434401004505753
"img_0547","Conforme",1,0.944031432333553,0.124061222283275,11248,0.043593941996224,0.0435983018264066
"img_0548","No conforme",1,0.938840492571662,0.132846146303366,12013,0.0752120890271619,0.0752196109882607
"img_0549","Conforme",1,0.946175945380716,0.121990055509083,10833,0.0430721539279742,0.0430764615741316
"img_0550","No conforme",1,0.943748604556813,0.12997206471775,10748,0.0707200239567463,0.070727096666413
"img_0551","No conforme",1,0.926143398150276,0.139759445087688,14556,0.0464686520938282,0.0464732994237706
"img_0552","Conforme",1,0.952555755022834,0.115923882072599,9536,0.0434837142880055,0.0434880630943149
"img_0553","Conforme",1,0.940546194763183,0.126815940633598,11988,0.0434972665918602,0.0435016167535355
"img_0554","No conforme",0,0.902171425565832,0.179098344490906,19711,0.212953336420436,0.212974633883825
"img_0555","Conforme",1,0.950469399072984,0.117829857509644,9982,0.043274753374267,0.0432790812823952
"img_0556","No conforme",1,0.943010512013155,0.133470225031541,10626,0.0819883553362407,0.0819965549917399
"img_0557","Conforme",1,0.940793063264735,0.126748427475827,11914,0.0433083248393029,0.0433126561049134
"img_0558","No conforme",0,0.901659978170956,0.186428287018204,19153,0.229186195825818,0.229209116737491
"img_0559","Conforme",1,0.955942807617187,0.112414880938256,8845,0.0432541417432725,0.0432584675900315
"img_0560","Conforme",1,0.946690743390251,0.121528948451688,10731,0.043479738811259,0.043484087219981
"img_0561","Conforme",1,0.949130290024701,0.119218989987578,10240,0.0433875032299678,0.0433918424142093
"img_0562","No conforme",2,0.917900886086856,0.187867570098599,10580,0.0477317417696967,0.0477365154212388
"img_0563","Conforme",1,0.956296656458237,0.111975669276175,8784,0.0435930059699142,0.0435973657064848
"img_0564","Conforme",1,0.937661854032629,0.129236269007906,12560,0.0435592858781909,0.0435636422424151
"img_0565","No conforme",1,0.930870517111385,0.142674101911788,13358,0.0924674936507677,0.0924767413249002
"img_0566","Conforme",1,0.950499973431755,0.117736172879786,9983,0.042995051037365,0.0429993509724623
"img_0567","Conforme",1,0.951418341010599,0.116734956136742,9815,0.0434657987355309,0.0434701457501059
"img_0568","No conforme",1,0.931247461260627,0.145643050403144,13024,0.105418799166961,0.105429342101172
"img_0569","No conforme",0,0.886859176402372,0.19828368507331,20929,0.225031255055796,0.225053760431839
"img_0570","Conforme",1,0.958035027142693,0.10985171730357,8460,0.0433591161034227,0.0433634524486676
"img_0571","Conforme",1,0.951128213680492,0.117323332849896,9828,0.0433245226122227,0.0433288554977725
"img_0572","No conforme",1,0.932301468900793,0.137795052631161,13319,0.0726394202722935,0.0726466849407876
"img_0573","No conforme",0,0.896463653492647,0.188599480942874,20031,0.222995939715805,0.223018241539959
"img_0574","No conforme",1,0.941302715687471,0.130814014487735,11521,0.0759424793257904,0.0759500743332237
"img_0575","Conforme",1,0.944896489239861,0.123043931430478,11109,0.0432547045828567,0.0432590304859053
"img_0576","Conforme",1,0.948438148767808,0.119972577601903,10366,0.0434277978314949,0.0434321410455995
"img_0577","Conforme",1,0.953125239850212,0.11518442159456,9438,0.0427238343146592,0.0427281071253718
"img_0578","Conforme",1,0.945183385620117,0.122992590316141,11020,0.0433569791319611,0.0433613152634874
"img_0579","No conforme",1,0.937015245235667,0.134283614253878,12376,0.0744148628136453,0.0744223050441497
"img_0580","Conforme",1,0.952244806015912,0.116218931380688,9600,0.0432651699665307,0.0432694969162223
"img_0581","Conforme",1,0.944152652785357,0.123771314165597,11248,0.0431543101087073,0.0431586259713044
"img_0582","No conforme",1,0.928124688397576,0.139962937922562,13926,0.048366337303034,0.048371174420476
"img_0583","Conforme",1,0.937376812456916,0.129534469632386,12600,0.0430043049138732,0.0430086057744506
"img_0584","Conforme",1,0.936848492323931,0.129989683201995,12705,0.0434420754174857,0.0434464200594917
"img_0585","Conforme",1,0.942636320154527,0.125131487505793,11550,0.043315194664158,0.0433195266168197
"img_0586","Conforme",1,0.945877381681554,0.12241814999121,10872,0.0433799832490381,0.0433843216812062
"img_0587","No conforme",1,0.948808571184944,0.128839830459195,9728,0.104614896506357,0.104625359042261
"img_0588","Conforme",1,0.943361548731187,0.124540586916395,11396,0.0431515750851951,0.0431558906742625
"img_0589","Conforme",1,0.944847067673627,0.123233599371238,11096,0.0432195227290554,0.0432238451135667
"img_0590","Conforme",1,0.953506910759421,0.11481574999699,9360,0.0430661945238946,0.043070501574052
"img_0591","Conforme",1,0.933786150189568,0.132172632395974,13351,0.0434326206962594,0.0434369643926987
"img_0592","Conforme",1,0.943087217155905,0.124689771140447,11466,0.0432033282761316,0.0432076490410357
"img_0593","No conforme",1,0.93008192601821,0.140461437169055,13530,0.0693377677815689,0.0693447022517941
"img_0594","Conforme",1,0.948843752638873,0.119543016581,10292,0.0435783282080476,0.0435826864766953
"img_0595","No conforme",2,0.915086250107709,0.165026806767328,18263,0.209711731763259,0.209732705033762
"img_0596","No conforme",1,0.945702551395192,0.131746623958821,10314,0.101775779998002,0.101785958593861
"img_0597","No conforme",1,0.945138152322208,0.129878080032557,10386,0.0771837486438467,0.0771914677906258
"img_0598","Conforme",1,0.936849389810001,0.129893381398891,12719,0.0433002173070419,0.0433045477618181
"img_0599","Conforme",1,0.949354422212488,0.119112284350957,10176,0.0431040615316494,0.0431083723688862
"img_0600","No conforme",1,0.933493988557703,0.14444407310123,12552,0.108378097632791,0.108388936526444
"img_0601","Conforme",1,0.942539571156221,0.125284732644776,11560,0.0434721850904127,0.0434765327436871
"img_0602","Conforme",1,0.947380790512983,0.120925807864328,10584,0.043240806881934,0.0432451313950735
"img_0603","No conforme",1,0.95122783463422,0.12082381641555,9479,0.0637891035608067,0.0637954831091176
"img_0604","No conforme",1,0.938288897633272,0.137507847801294,11841,0.0968566596685879,0.0968663463032182
"img_0605","Conforme",1,0.948567566259047,0.119649435498143,10368,0.0431743979372332,0.0431787158088141
"img_0606","Conforme",1,0.95508858037612,0.113090514451425,9052,0.0433104185798941,0.0433147500548996
"img_0607","Conforme",1,0.946699897748162,0.121502741362475,10730,0.0432701792206897,0.0432745066713568
"img_0608","No conforme",0,0.922645176948099,0.184185615138538,9890,0.0476905029899977,0.0476952725172494
"img_0609","Conforme",1,0.95319829521628,0.115165306194611,9420,0.0433502460186483,0.043354581476796
"img_0610","No conforme",1,0.947058652846392,0.130341999034404,10064,0.10202599636988,0.102036199989879
"img_0611","Conforme",1,0.942745215130974,0.125085794660265,11520,0.0432753808692037,0.0432797088400877
"img_0612","No conforme",1,0.948148679594152,0.124872547616923,10148,0.0793649022165517,0.0793728395005018
"img_0613","No conforme",1,0.936454316442153,0.142852817161923,11924,0.112634037527851,0.112645302058057
"img_0614","No conforme",2,0.905762207497989,0.197170188997486,12298,0.0522494879452184,0.05225471341656
"img_0615","Conforme",1,0.945033266116871,0.122954932081885,11076,0.0432384814501851,0.0432428057307582
"img_0616","Conforme",1,0.94063767850988,0.126999050750527,11925,0.0432014702749594,0.0432057908540448
"img_0617","Conforme",1,0.944870761305865,0.123256372146704,11084,0.0431776642684709,0.0431819824667176
"img_0618","Conforme",1,0.938678227090274,0.128374802586763,12358,0.0431627173085083,0.0431670340119095
"img_0619","No conforme",1,0.95182544069178,0.126279978990051,9090,0.107234733507031,0.107245458052837
"img_0620","No conforme",1,0.938399946576287,0.142954603581618,11060,0.103458563243292,0.103468910134306
"img_0621","Conforme",1,0.948723609170353,0.119688826116184,10309,0.0432827353845347,0.0432870640909438
"img_0622","No conforme",1,0.933655177055808,0.135701858258061,12893,0.0502475205495569,0.0502525458041373
"img_0623","No conforme",0,0.905368988934685,0.181961748429718,18723,0.227024948659863,0.227047653425206
"img_0624","Conforme",1,0.941288236245548,0.1262457383369,11830,0.0435254505531841,0.0435298035335374
"img_0625","Conforme",1,0.949668362839643,0.118676905872791,10132,0.0430492899802989,0.0430535953398329
"img_0626","No conforme",1,0.948159030600155,0.122951889435528,10086,0.0509096574493386,0.0509147489242311
"img_0627","No conforme",1,0.937652759507123,0.13852011472489,11700,0.0872366878858745,0.0872454124271172
"img_0628","Conforme",1,0.939113507834042,0.128220181128613,12240,0.0433671313160853,0.0433714684629316
"img_0629","Conforme",1,0.93630294045841,0.130503479301148,12800,0.0433616340759141,0.0433659706729814
"img_0630","Conforme",1,0.934794386040183,0.131561226299934,13120,0.043212778642521,0.0432171003525562
"img_0631","No conforme",0,0.904317853249943,0.179015460732906,19303,0.217718096163027,0.217739870150042
"img_0632","Conforme",1,0.949683979097254,0.118641710115026,10132,0.0430661960002939,0.043070503050599
"img_0633","No conforme",0,0.907663920647116,0.195982938202814,12000,0.0497937967296005,0.0497987766072613
"img_0634","No conforme",2,0.903154651471306,0.18379999044342,19038,0.226419595348728,0.226442239572685
"img_0635","No conforme",1,0.938521107195686,0.141673807515234,11472,0.115047088683562,0.115058594543016
"img_0636","Conforme",1,0.945895750229779,0.12236092340246,10878,0.0437598480661643,0.0437642244886131
"img_0637","Conforme",1,0.950671153941435,0.117658378086084,9940,0.0436063326063227,0.0436106936756902
"img_0638","No conforme",1,0.955606370005888,0.117921124429151,8605,0.0839386747915554,0.0839470694985052
"img_0639","Conforme",1,0.945299939144359,0.122693299808353,11026,0.043286735440053,0.0432910645465077
"img_0640","Conforme",1,0.956800864132152,0.111436728376329,8680,0.0435066581312323,0.0435110092321555
"img_0641","No conforme",0,0.910168923932244,0.165765218943011,19309,0.19952289794039,0.199542852225612
"img_0642","Conforme",1,0.943350838730756,0.124530634652619,11400,0.0430252278360314,0.0430295307891103
"img_0643","Conforme",1,0.943061190059886,0.1248352801315,11454,0.0434249193959902,0.0434292623222224
"img_0644","Conforme",1,0.945469145184685,0.122605134154816,10985,0.0436317373873622,0.0436361009974619
"img_0645","Conforme",1,0.944342201843262,0.123674137367182,11200,0.0432944474650546,0.0432987773427889
"img_0646","Conforme",1,0.940234408102596,0.127122599776824,12045,0.0436575095776175,0.043661875765194
"img_0647","Conforme",1,0.954823821985581,0.113499914526034,9088,0.0434355841797205,0.0434399281725377
"img_0648","Conforme",1,0.946323312593348,0.121893177309373,10800,0.0433596942588555,0.0433640306619217
"img_0649","Conforme",1,0.939337699854234,0.127832818431926,12225,0.0430949053682615,0.0430992152897905
"img_0650","Conforme",1,0.943592441980698,0.124284425294853,11360,0.043370763984509,0.0433751014946584
"img_0651","No conforme",1,0.937014527246812,0.134354404328028,12361,0.0742180958930721,0.0742255184449166
"img_0652","No conforme",1,0.933701367672191,0.136701776207897,12798,0.0567413664027346,0.0567470411068453
"img_0653","No conforme",1,0.941445954464183,0.126781868851392,11702,0.0445508491922832,0.0445553047227555
"img_0654","No conforme",1,0.942864102118997,0.128986062942067,11071,0.0612260633401503,0.0612321865588061
"img_0655","No conforme",1,0.941980676664465,0.139043069276934,10776,0.117901939037533,0.117913730410574
"img_0656","Conforme",1,0.949791318431181,0.118752856414691,10080,0.0432890955151675,0.0432934248576533
"img_0657","Conforme",1,0.948285157309139,0.120087836122041,10400,0.0432695618167289,0.0432738892056495
"img_0658","Conforme",1,0.943055266651827,0.124604589699475,11492,0.0433802236195249,0.0433845620757324
"img_0659","Conforme",1,0.937976153654211,0.129106231461352,12474,0.0432900985738365,0.0432944280166382
"img_0660","No conforme",1,0.942029799068675,0.126650531056614,11532,0.0450466001163833,0.0450511052269059
"img_0661","Conforme",1,0.944189090719784,0.123730897498398,11242,0.0431622610827205,0.0431665777404946
"img_0662","No conforme",2,0.908633026105095,0.17067824069057,19142,0.207647430930941,0.207668197750716
"img_0663","Conforme",1,0.953966543291877,0.114541165327044,9238,0.0430721110475352,0.0430764186894041
"img_0664","Conforme",1,0.942602634510713,0.125190188599118,11552,0.0433036703319761,0.0433080011320893
"img_0665","No conforme",1,0.938602060439166,0.141187464725733,11496,0.113781454045926,0.113792833329259
"img_0666","Conforme",1,0.93404618182014,0.132192601562839,13260,0.0432007829331489,0.0432051034434933
"img_0667","No conforme",0,0.907430095609777,0.17608749731255,19115,0.218997582760288,0.219019484708759
"img_0668","No conforme",1,0.949438845735438,0.126070585686621,9550,0.0814207230262457,0.081428865912837
"img_0669","No conforme",1,0.949163078182445,0.12406036426587,9925,0.079910830431962,0.0799188223141934
"img_0670","Conforme",1,0.946505502265481,0.121613706511836,10780,0.0433034562526506,0.0433077870313537
"img_0671","Conforme",1,0.94469886280733,0.123302129682477,11139,0.0435568873802218,0.0435612435045722
"img_0672","Conforme",1,0.945337394229664,0.122844886955557,10988,0.043102017007366,0.04310632764013
"img_0673","No conforme",0,0.904949743275362,0.181116929567044,19081,0.225083426581829,0.225105937175547
"img_0674","No conforme",2,0.905674253863166,0.174331769379699,19372,0.209982133912923,0.210003134226346
"img_0675","No conforme",1,0.941974095099954,0.127004660592461,11504,0.0459279765099373,0.045932569766914
"img_0676","Conforme",1,0.948963656777775,0.119251506594111,10292,0.0432875029020387,0.0432918320852473
"img_0677","Conforme",1,0.950233958560719,0.118146396642693,10017,0.0433074022878296,0.0433117334611757
"img_0678","Conforme",1,0.94775923047234,0.120442942983735,10530,0.0435497583867638,0.0435541137981437
"img_0679","No conforme",0,0.919361036089729,0.158112867431402,18152,0.203713776582512,0.203734149997511
"img_0680","Conforme",1,0.939740192440257,0.127573734611237,12136,0.0434666074908184,0.043470954586277
"img_0681","Conforme",1,0.949330608915441,0.11900429988115,10200,0.0430488081521582,0.0430531134635046
"img_0682","No conforme",2,0.888426845236385,0.196572439039665,20893,0.224585831931163,0.224608292760439
"img_0683","Conforme",1,0.940705648121553,0.126858064499962,11925,0.0432273491839795,0.0432316723512146
"img_0684","Conforme",1,0.940439334088494,0.126946427474112,12000,0.0432062864746852,0.0432106075354388
"img_0685","Conforme",1,0.948642955088896,0.119688637943674,10336,0.0431766563478496,0.0431809744452941
"img_0686","Conforme",1,0.944240965414608,0.123626997484764,11242,0.0433107001821172,0.0433150316852857
"img_0687","No conforme",2,0.909031569752413,0.177284551468356,18638,0.225594467971869,0.225617029674837
"img_0688","No conforme",1,0.947801472150017,0.122301126081467,10264,0.0466617485161684,0.0466664151576842
"img_0689","No conforme",0,0.904139433019301,0.176059244158861,19597,0.210447773288293,0.21046882017031
"img_0690","Conforme",1,0.951549254311954,0.116806964171611,9760,0.0436511385029268,0.0436555040533322
"img_0691","Conforme",1,0.943197667774874,0.124711123951974,11424,0.0430759298043144,0.0430802378280972
"img_0692","Conforme",1,0.950888884061925,0.117536310049389,9880,0.0433385074216862,0.0433428417058568
"img_0693","Conforme",1,0.944361288380342,0.123627520761811,11200,0.0432104962109227,0.043214817692692
"img_0694","No conforme",1,0.931306815006032,0.136084243529131,13541,0.046783351994166,0.0467880307972457
"img_0695","Conforme",1,0.951889162202723,0.116574189684233,9672,0.043229333081118,0.0432336564467627
"img_0696","No conforme",1,0.929243195369945,0.136541117902773,14106,0.045272664450241,0.045277192169458
"img_0697","Conforme",1,0.937435747375488,0.129566582293738,12580,0.0434602864589229,0.0434646329222151
"img_0698","Conforme",1,0.948105301100787,0.120101688658858,10458,0.0430388800634486,0.0430431843818868
"img_0699","No conforme",1,0.935310081535788,0.133916212433018,12739,0.057514327164954,0.0575200791728712
"img_0700","No conforme",1,0.948753525372673,0.123268445602548,10083,0.0724721453926935,0.0724793933320267
"img_0701","No conforme",1,0.944661587219238,0.128914851116429,10656,0.0745763529201346,0.0745838113012647
"img_0702","Conforme",1,0.938485806076947,0.12859788100245,12388,0.0433685054992695,0.0433728427835478
"img_0703","No conforme",2,0.905568171009737,0.173685256410705,19602,0.208166274288468,0.208187092997768
"img_0704","No conforme",0,0.898224640826057,0.186127963525168,19812,0.220667153778903,0.220689222701173
"img_0705","Conforme",1,0.94414301976821,0.123802927008268,11248,0.0433323262029374,0.0433366598689243
"img_0706","No conforme",2,0.904136680728688,0.179594080293385,19319,0.219100760774225,0.219122673041529
"img_0707","Conforme",1,0.955865204988367,0.112383222050006,8880,0.0436571909649116,0.0436615571206236
"img_0708","No conforme",1,0.947128178100586,0.13478931927877,9758,0.12291328826712,0.122925580825202
"img_0709","Conforme",1,0.954447595825195,0.113898003923501,9165,0.0435934313305261,0.043597791109637
"img_0710","No conforme",1,0.933789261474609,0.139057957610343,12577,0.0697303614736041,0.0697373352071248
"img_0711","Conforme",1,0.954735090529498,0.113522720296586,9114,0.0431580341940831,0.0431623504291261
"img_0712","No conforme",1,0.938112392039579,0.141951183091903,11557,0.114668636073894,0.114680104084303
"img_0713","Conforme",1,0.950649255281336,0.117715252647744,9940,0.043706360089305,0.0437107311624213
"img_0714","Conforme",1,0.950695386065315,0.117839852192616,9900,0.0430518607924666,0.0430561664091075
"img_0715","Conforme",1,0.943167691740148,0.124687851908758,11440,0.0433054353787438,0.0433097663553794
"img_0716","Conforme",1,0.946031809117934,0.122136018605248,10863,0.0434177611396872,0.0434221033500222
"img_0717","No conforme",1,0.945242799197926,0.136391647561661,10129,0.120952612043032,0.120964708513883
"img_0718","Conforme",1,0.949538227359547,0.118919591703293,10140,0.0429586629571359,0.0429629592530612
"img_0719","No conforme",1,0.939387121420468,0.129286776903826,12004,0.0458444417125887,0.0458490266152502
"img_0720","No conforme",1,0.939887021161248,0.130666633496503,11651,0.0484087222547968,0.0484135636111579
"img_0721","No conforme",2,0.90640971378102,0.193540753150992,12534,0.050986438585655,0.050991537739429
"img_0722","Conforme",1,0.9535195353968,0.114815904459423,9360,0.0436367796022701,0.0436411437166418
"img_0723","Conforme",1,0.94771166371065,0.120742118384538,10500,0.0434542379280007,0.0434585837863793
"img_0724","Conforme",1,0.944787055771771,0.123293490657749,11109,0.0434204835353751,0.0434248260179769
"img_0725","Conforme",1,0.943405226386575,0.124478480580963,11388,0.042838521265754,0.0428428055463087
"img_0726","No conforme",0,0.898618218383789,0.184841209611563,19843,0.218222408865417,0.218244233288746
"img_0727","Conforme",1,0.943966873168945,0.123809271225598,11310,0.043649723340454,0.0436540887493289
"img_0728","Conforme",1,0.940794618907255,0.126686035456313,11925,0.043462041782547,0.0434663884213891
"img_0729","Conforme",1,0.943312845153809,0.124655417555536,11396,0.0433138627002425,0.0433181945196945
"img_0730","Conforme",1,0.948562360839844,0.119649946339626,10370,0.0432061959523506,0.043210517004051
"img_0731","Conforme",1,0.942697169710047,0.125112429993356,11534,0.0434782000531017,0.0434825483079325
"img_0732","No conforme",1,0.941709157212201,0.127907871214369,11460,0.0467363192021318,0.0467409933014619
"img_0733","No conforme",1,0.938916479725557,0.132854836537143,11983,0.0750454858890725,0.0750529911881913
"img_0734","No conforme",2,0.882028427716423,0.199566105890063,21529,0.217276005192388,0.217297734965884
"img_0735","Conforme",1,0.941114722272087,0.126432846352424,11856,0.043272741279484,0.0432770689863827
"img_0736","No conforme",1,0.945444374569164,0.130992393974413,10457,0.0982256148179983,0.0982354383618344
"img_0737","No conforme",1,0.937681479061351,0.132689651209555,12056,0.0485743830514087,0.0485792409755063
"img_0738","Conforme",1,0.949964952069451,0.118381674112142,10074,0.0431434402212379,0.0431477549967376
"img_0739","Conforme",1,0.954848712265912,0.113451800239234,9089,0.0438154250508449,0.0438198070315481
"img_0740","No conforme",1,0.938451282779469,0.141715299801511,11487,0.114959737816335,0.114971234939829
"img_0741","No conforme",1,0.934513532732795,0.148252969011445,11592,0.108519628948357,0.108530481996557
"img_0742","No conforme",0,0.893336094037224,0.189063261498451,20452,0.216761780328183,0.216783458674051
"img_0743","No conforme",1,0.938594102729349,0.135616799194823,11626,0.0737116876938431,0.073719059599803
"img_0744","No conforme",1,0.925620462933709,0.140706326669231,14626,0.0515444549012577,0.051549609862244
"img_0745","Conforme",1,0.946472414945715,0.121694410887406,10780,0.0434214306062352,0.0434257731835535
"img_0746","No conforme",1,0.941236361550724,0.135452920824656,11210,0.098794281417505,0.0988041618336883
"img_0747","No conforme",1,0.940865400641946,0.13539231908236,11320,0.0974250647567767,0.0974348082376005
"img_0748","No conforme",1,0.936021129832548,0.13199645152527,12681,0.0463154426072991,0.0463200746147606
"img_0749","Conforme",1,0.945741442458209,0.122402090295975,10921,0.0433834381746212,0.0433877769523165
"img_0750","Conforme",1,0.950354221694049,0.118218271349145,9966,0.0434885554537955,0.0434929047442699
"img_0751","Conforme",1,0.941799803305233,0.125930162926939,11704,0.0431245862715275,0.0431288991614437
"img_0752","No conforme",1,0.935285251087862,0.146530203699057,11550,0.105355512319865,0.105366048924757
"img_0753","No conforme",1,0.953009284650017,0.120391418250902,9151,0.0823174353648498,0.082325667931643
"img_0754","No conforme",1,0.947816609748391,0.121162483408444,10410,0.0445458645396032,0.0445503195715604
"img_0755","Conforme",1,0.945153409585392,0.12282939159213,11055,0.0432938878909571,0.0432982177127283
"img_0756","Conforme",1,0.938267657129624,0.128764640584982,12432,0.043223306801338,0.0432276295642944
"img_0757","No conforme",1,0.9363646875,0.13114861528558,12694,0.0452035611970185,0.045208082005219
"img_0758","No conforme",1,0.935075299179975,0.135795540728039,12756,0.0735446926565153,0.0735520478613014
"img_0759","Conforme",1,0.950504819856531,0.118050761973574,9936,0.0431786938203276,0.0431830121215397
"img_0760","Conforme",1,0.948626860172047,0.11972230525567,10336,0.0431213357511342,0.0431256483159658
"img_0761","Conforme",1,0.954535549460018,0.113874566285341,9135,0.0432906912823531,0.0432950207844316
"img_0762","No conforme",1,0.935234812370749,0.139354460915109,12472,0.0924997658477598,0.0925090167494347
"img_0763","No conforme",2,0.899124520191866,0.199652615785781,13447,0.0503882244607463,0.050393263787125
"img_0764","Conforme",1,0.950922091046501,0.117386687478991,9891,0.0433814139038777,0.0433857524791256
"img_0765","Conforme",1,0.946826682613597,0.121475582315833,10692,0.0434231300667622,0.0434274728140436
"img_0766","Conforme",1,0.941143202496697,0.12634628955896,11857,0.0429430916693392,0.04294738640798
"img_0767","No conforme",2,0.902679283016429,0.174512177981397,20037,0.203465047001858,0.203485395541412
"img_0768","Conforme",1,0.947014616196576,0.121293173734369,10656,0.0434925295781475,0.0434968792660741
"img_0769","No conforme",1,0.933394906095617,0.133941706249005,13212,0.0458521682591981,0.0458567539345916
"img_0770","Conforme",1,0.94924899751551,0.119070809570385,10224,0.0437163089403094,0.0437206810084102
"img_0771","Conforme",1,0.945225507632985,0.122934319181316,11016,0.0435024745959468,0.0435068252784746
"img_0772","No conforme",1,0.945123014723834,0.124076623645436,10896,0.0457606770573901,0.0457652535827483
"img_0773","Conforme",1,0.945096209806554,0.122937453248992,11060,0.0435383906173021,0.0435427448917913
"img_0774","Conforme",1,0.952621809997559,0.115863176618405,9520,0.043267693872628,0.0432720210747355
"img_0775","No conforme",1,0.942734445298139,0.133921488781376,10940,0.0987064140460448,0.0987162856746123
"img_0776","Conforme",1,0.951080228091969,0.117252684064125,9856,0.0434189597644647,0.0434233020946741
"img_0777","No conforme",1,0.943583945779239,0.126194588242289,11099,0.046721775268625,0.0467264479134164
"img_0778","No conforme",0,0.892500055847168,0.191616135474873,20490,0.221606139585958,0.221628302416199
"img_0779","No conforme",1,0.943253072581572,0.126518733780962,11160,0.0467298760760358,0.0467345495309889
"img_0780","Conforme",1,0.945306161714442,0.122667593115472,11025,0.0429747890524496,0.0429790869611457
"img_0781","No conforme",1,0.943715397572237,0.137504188981258,10457,0.119546434313432,0.119558390152448
"img_0782","No conforme",1,0.93855467317469,0.141663785713023,11460,0.114959712758639,0.114971209879627
"img_0783","No conforme",1,0.945287135009766,0.124369114727125,10800,0.0461768083371026,0.0461814264797506
"img_0784","No conforme",2,0.914121452582864,0.171706035400594,17987,0.223863640585719,0.223886029188638
"img_0785","Conforme",1,0.952719576146743,0.115686689420754,9514,0.0435834442165265,0.0435878029968261
"img_0786","Conforme",1,0.952175280761719,0.116257789008054,9620,0.043434089486905,0.043438433330238
"img_0787","No conforme",1,0.942401178804285,0.134408854772745,10994,0.0995878535714325,0.0995978133527678
"img_0788","No conforme",0,0.886197190677418,0.209056227928734,15116,0.0501865012926335,0.050191520444678
"img_0789","Conforme",1,0.952131782603544,0.116240470886116,9638,0.0434609527120027,0.0434652992419269
"img_0790","Conforme",1,0.951110383623908,0.117288639674451,9840,0.0434024497430359,0.0434067904220782
"img_0791","No conforme",1,0.946065494761747,0.126757095415639,10567,0.0784035767667456,0.0784114179085365
"img_0792","Conforme",1,0.952720892459645,0.115629798509358,9520,0.0433507118512874,0.043355047356023
"img_0793","No conforme",0,0.898331860495175,0.184771042101903,19951,0.217609247803789,0.217631010904879
"img_0794","Conforme",1,0.948351451613482,0.119937897429051,10400,0.0432891759211386,0.0432935052716658
"img_0795","Conforme",1,0.937259181949391,0.129602634855728,12628,0.0430206567376865,0.0430249592336099
"img_0796","Conforme",1,0.94606681107465,0.121965812468898,10875,0.0431652999944095,0.0431696169561051
"img_0797","Conforme",1,0.951529569450827,0.116563967365621,9800,0.0432952562073451,0.0432995861659617
"img_0798","Conforme",1,0.951019677698472,0.117550027689608,9834,0.0435329183923818,0.0435372721195938
"img_0799","Conforme",1,0.938879443467084,0.128344539756427,12300,0.0435689526198075,0.0435733099508025
"img_0800","Conforme",1,0.942651936412138,0.125108533117802,11550,0.0434861126612472,0.043490461707418
"img_0801","No conforme",1,0.93081475331026,0.146881071595463,13050,0.109285003527822,0.109295933121134
"img_0802","No conforme",1,0.939883251719755,0.136260238387212,11491,0.0962862003232346,0.0962958299062252
"img_0803","Conforme",1,0.945594254742791,0.122489214505636,10956,0.0431780973078314,0.0431824155493864
"img_0804","No conforme",1,0.935137644545611,0.138963305337533,12531,0.0906057070118948,0.0906147684887437
"img_0805","Conforme",1,0.937336066589355,0.129650829628909,12600,0.0435300002876494,0.0435343537230217
"img_0806","Conforme",1,0.942768071109547,0.125163469083047,11502,0.0434816716880001,0.0434860202900291
"img_0807","Conforme",1,0.939174656551585,0.128125730943339,12236,0.0434782830436459,0.0434826313067766
"img_0808","No conforme",1,0.937129166134105,0.130444349511941,12554,0.0449274561791594,0.0449319493740968
"img_0809","No conforme",2,0.905303113457175,0.180016834148373,18933,0.221918562577525,0.22194075665319
"img_0810","Conforme",1,0.9503948478968,0.118117043622154,9966,0.0433761007535883,0.0433804387974681
"img_0811","Conforme",1,0.9495685623887,0.118854397377748,10143,0.0434034141817874,0.0434077549572831
"img_0812","Conforme",1,0.938549228425867,0.128533434141418,12375,0.0431412816001658,0.0431455961597818
"img_0813","Conforme",1,0.946792996969784,0.121296407892162,10730,0.0433022816816762,0.0433066123429105
"img_0814","No conforme",1,0.940203474749397,0.12785961841768,11950,0.044905107257823,0.0449095982176447
"img_0815","No conforme",1,0.947993952995749,0.121150875355288,10358,0.0453391483565794,0.0453436827248518
"img_0816","Conforme",1,0.952728910001867,0.115637794935406,9516,0.0433488268953298,0.043353162211551
"img_0817","No conforme",0,0.903756146635168,0.173664562077645,19942,0.204075838125809,0.204096247750584
"img_0818","Conforme",1,0.9494834807093,0.118862847842385,10168,0.0430198586022473,0.0430241610183491
"img_0819","Conforme",1,0.949389304504394,0.118902202579325,10200,0.0436342509549741,0.0436386148164557
"img_0820","Conforme",1,0.955943346108829,0.112156688897623,8880,0.0430616950946118,0.0430660016947813
"img_0821","Conforme",1,0.945040625502642,0.123028333000553,11060,0.0430131948671385,0.0430174966168002
"img_0822","Conforme",1,0.94376739193187,0.12424327704218,11304,0.043044902009333,0.043049206930026
"img_0823","No conforme",1,0.942470823723288,0.13860873574724,10689,0.11847034368719,0.11848219190638
"img_0824","No conforme",1,0.936216841628131,0.134792252811965,12551,0.0739732617863081,0.0739806598522933
"img_0825","No conforme",1,0.932295066833496,0.134125897553396,13524,0.0446872748645763,0.0446917440389802
"img_0826","No conforme",1,0.935940655248305,0.134986756162408,12607,0.0737570131642059,0.0737643896031662
"img_0827","Conforme",1,0.948547701900706,0.119790511287652,10354,0.043231893620162,0.0432362172418862
"img_0828","No conforme",1,0.935928389605354,0.133462048046962,12533,0.0513854941973382,0.0513906332606643
"img_0829","Conforme",1,0.947697902257583,0.120637395760942,10519,0.043265054634883,0.0432693815730403
"img_0830","Conforme",1,0.950121593304802,0.118230198425372,10044,0.0433588274931564,0.0433631638095374
"img_0831","Conforme",1,0.945164299083036,0.123062984987039,11016,0.0434002713978378,0.0434046118590237
"img_0832","Conforme",1,0.941966257054946,0.125596316044479,11704,0.043439315735207,0.0434436601012171
"img_0833","Conforme",1,0.945949419896743,0.122244245173696,10875,0.0434712428557498,0.0434755904147912
"img_0834","No conforme",1,0.9346695756441,0.132724422900137,12996,0.0456618413767296,0.0456664080175314
"img_0835","No conforme",2,0.907787175400678,0.172738208130976,19210,0.211277324206573,0.211298454051978
"img_0836","No conforme",0,0.898227093954647,0.183238216752265,20152,0.214371869675898,0.214393309006798
"img_0837","Conforme",1,0.938947772073185,0.128406000824844,12264,0.0432481075607069,0.0432524328039873
"img_0838","Conforme",1,0.949940121621525,0.118417844202599,10080,0.0434740256932853,0.0434783735306383
"img_0839","Conforme",1,0.950520974605785,0.117902439989972,9954,0.0433691039887482,0.0433734413328815
"img_0840","No conforme",0,0.905009456015194,0.181715728060854,18992,0.226309392813796,0.226332026016397
"img_0841","Conforme",1,0.937430960783117,0.129548207974539,12580,0.0430218182801542,0.0430261208922434
"img_0842","No conforme",1,0.936450307671042,0.142726928966232,11912,0.111203302680602,0.111214424123014
"img_0843","Conforme",1,0.949870476702522,0.11861318843254,10074,0.0433594705016071,0.0433638068822953
"img_0844","No conforme",1,0.947913478411506,0.125265699641057,10168,0.0792664462523568,0.0792743736897258
"img_0845","Conforme",1,0.941532950780532,0.126178467392556,11760,0.0436957342585834,0.0437001042690103
"img_0846","No conforme",1,0.948444072175867,0.124587300737332,9982,0.0718457036810771,0.0718528889699741
"img_0847","No conforme",0,0.914567144165039,0.16394552326374,18502,0.205691107494644,0.20571167866251
"img_0848","Conforme",1,0.938788498212029,0.128452536870625,12312,0.0434898060985337,0.0434941555140851
"img_0849","No conforme",0,0.90787189808565,0.174144745785933,18952,0.214497765088049,0.21451921700975
"img_0850","Conforme",1,0.944893916446461,0.123272995061785,11076,0.0434455176563547,0.043449862642619
"img_0851","No conforme",1,0.94877823615579,0.133418397027178,9421,0.124657216623412,0.124669683591771
"img_0852","No conforme",1,0.940700203372731,0.128641382868556,11680,0.0467037343131239,0.0467084051536393
"img_0853","Conforme",1,0.94059190672033,0.126799166908948,11972,0.0431648677949369,0.0431691847134082
"img_0854","Conforme",1,0.941851319005629,0.125872195570531,11700,0.0435503421769295,0.0435546976466942
"img_0855","Conforme",1,0.948814494593003,0.119600424181941,10290,0.0431756457596514,0.043179963756027
"img_0856","No conforme",1,0.940353474587833,0.132526104440433,11499,0.0716326592973288,0.0716398232796568
"img_0857","Conforme",1,0.941477007482192,0.126226753016085,11766,0.0431721831736545,0.0431765008237369
"img_0858","No conforme",1,0.944619046379538,0.132623846645443,10542,0.101185667349946,0.101195786928639
"img_0859","Conforme",1,0.948571036538517,0.11975766629645,10350,0.0431271112009212,0.0431314243433556
"img_0860","Conforme",1,0.939141449567009,0.127888671385865,12284,0.0433316031328851,0.0433359367265577
"img_0861","Conforme",1,0.946955980440027,0.121182809211435,10692,0.0433716195609596,0.0433759571566752
"img_0862","Conforme",1,0.95054760002585,0.117918658422704,9943,0.0434509650841886,0.0434553106152501
"img_0863","Conforme",1,0.943093260228774,0.124770362086236,11454,0.0434910896999815,0.0434954392439059
"img_0864","Conforme",1,0.950532881254308,0.117688905159355,9983,0.043523119341723,0.0435274720889319
"img_0865","Conforme",1,0.948614594529096,0.119545591533054,10370,0.0434654496987128,0.0434697966783807
"img_0866","Conforme",1,0.943573235778808,0.124340428035208,11356,0.0431890320903659,0.0431933514255084
"img_0867","No conforme",1,0.943978181493422,0.133005830340802,10696,0.100747049575565,0.100757125288094
"img_0868","Conforme",1,0.950388505661908,0.118013663923362,9984,0.0434240327996751,0.0434283756372388
"img_0869","Conforme",1,0.946142319569307,0.121939799612464,10854,0.0432625257974522,0.0432668524827004
"img_0870","No conforme",1,0.934766683636834,0.14303371563053,11993,0.0910897519090105,0.09109886179519
"img_0871","Conforme",1,0.942757241444307,0.125050788195347,11523,0.043435400689848,0.0434397446643144
"img_0872","Conforme",1,0.949338147798426,0.119100649168793,10184,0.0431774202359377,0.0431817384097787
"img_0873","Conforme",1,0.951137009043974,0.11748020358194,9800,0.0431074516951679,0.0431117628714551
"img_0874","Conforme",1,0.946727959145939,0.121371165770061,10744,0.043648609938509,0.0436529752360326
"img_0875","No conforme",1,0.94139808854047,0.128607181544438,11556,0.0559840841649055,0.0559896831332188
"img_0876","No conforme",1,0.943521361083984,0.137762215502733,10475,0.119187056620121,0.119198976517773
"img_0877","Conforme",1,0.950282003981646,0.118070282538304,10010,0.0431100866386973,0.0431143980785051
"img_0878","No conforme",2,0.901861673207003,0.180114491360429,19660,0.214973486752596,0.214994986251222
"img_0879","No conforme",2,0.915855874328613,0.164502332994803,18281,0.210483944952545,0.21050499545209
"img_0880","Conforme",1,0.952623784466912,0.115612125614815,9555,0.0431364490107778,0.0431407630870865
"img_0881","Conforme",1,0.955459720782112,0.112918181747463,8946,0.0434255574200919,0.0434299004101329
"img_0882","No conforme",1,0.936853518245921,0.131084375315784,12550,0.0457639177373255,0.0457684945867841
"img_0883","No conforme",2,0.890086237146714,0.205191117193342,14740,0.0492550515792444,0.0492599775770021
"img_0884","Conforme",1,0.943162067494112,0.124786113409712,11424,0.0430479652728767,0.0430522704999267
"img_0885","Conforme",1,0.940601180743049,0.127029421906381,11935,0.0434655762148243,0.043469923207145
"img_0886","Conforme",1,0.956112193154728,0.112172791053286,8820,0.0433688496335992,0.0433731869522945
"img_0887","No conforme",1,0.941634366706399,0.130557991710425,11453,0.0761727690420915,0.0761803870807996
"img_0888","No conforme",2,0.912393133742389,0.168882394956424,18578,0.21289782780204,0.212919119714011
"img_0889","Conforme",1,0.946336834716797,0.121864376462645,10800,0.0433822366254002,0.0433865752829285
"img_0890","No conforme",1,0.936744264275046,0.14291181267464,11835,0.113473505220154,0.113484853705524
"img_0891","No conforme",1,0.93095488080193,0.151989480753383,12168,0.110142641911396,0.110153657277124
"img_0892","Conforme",1,0.948418703236299,0.119962121331445,10370,0.0429290445860006,0.0429333379197925
"img_0893","Conforme",1,0.944709512975356,0.123186351184113,11152,0.0434026703099082,0.0434070110110093
"img_0894","No conforme",1,0.944101855073816,0.133026409583909,10650,0.100778924704935,0.100789003605296
"img_0895","Conforme",1,0.932408449240292,0.133365527754728,13600,0.0434048189246617,0.0434091598406458
"img_0896","No conforme",1,0.942128702033548,0.126133275566192,11580,0.0450429732514955,0.0450474779992954
"img_0897","No conforme",0,0.895533259600471,0.188365426151115,20184,0.22002518295847,0.220047187677237
"img_0898","No conforme",1,0.938886084863999,0.137094402289537,11713,0.0971941989488235,0.0972039193407575
"img_0899","Conforme",1,0.93599576089298,0.130642496556556,12880,0.0435088579612294,0.0435132092821576
"img_0900","No conforme",1,0.935484552827723,0.143728263208844,12102,0.112498242545481,0.11250949349483
"img_0901","Conforme",1,0.942454788638844,0.125125733387915,11613,0.0433805896153462,0.043384928108157
"img_0902","No conforme",1,0.937895080745921,0.129809626348347,12400,0.0445508729247384,0.0445553284575842
"img_0903","No conforme",1,0.947351053807876,0.12556494888051,10317,0.0791729777987228,0.0791808958883116
"img_0904","Conforme",1,0.948454243684656,0.120000434320906,10354,0.0431684690891008,0.0431727863677376
"img_0905","No conforme",1,0.934341753899069,0.144547468415297,12330,0.11170825194863,0.111719423891019
"img_0906","No conforme",1,0.934395244068819,0.140435903518848,12614,0.0945244322080951,0.0945338855966547
"img_0907","Conforme",1,0.940431974702723,0.126978485659262,12000,0.0434731710436986,0.0434775187955782
"img_0908","Conforme",1,0.943522737229291,0.124241354468492,11388,0.0431123578951284,0.0431166695620846
"img_0909","Conforme",1,0.945205344112621,0.122964747396593,11016,0.0432671407046612,0.0432714678514463
"img_0910","No conforme",1,0.940798867007985,0.139964350489857,11010,0.116788856518924,0.116800536572581
"img_0911","No conforme",1,0.947054344913258,0.130426069676381,10061,0.102486824246648,0.102497073954044
"img_0912","No conforme",1,0.948214016580021,0.129445449022115,9835,0.104097332787764,0.10410774356212
"img_0913","Conforme",1,0.941209975460277,0.126217808144162,11856,0.04303802635705,0.0430423305901091
"img_0914","Conforme",1,0.944492560676126,0.123625643138933,11154,0.0430346558898028,0.0430389597857814
"img_0915","No conforme",1,0.936025377933278,0.139206501300321,12295,0.0954944915819668,0.0955040419861654
"img_0916","Conforme",1,0.947023052565631,0.121246987536346,10656,0.0430228385878285,0.0430271413019587
"img_0917","Conforme",1,0.941094020260081,0.12646783924423,11858,0.0433362061966779,0.0433405402507029
"img_0918","No conforme",2,0.900936424901626,0.182133436263634,19642,0.217317677721269,0.217339411662435
"img_0919","Conforme",1,0.947099817540786,0.121161208418915,10647,0.0435028633010496,0.0435072140224518
"img_0920","No conforme",2,0.903325712316176,0.197392310663755,12800,0.0524647997029539,0.0524700467076247
"img_0921","Conforme",1,0.937704813699161,0.129111975894976,12561,0.0430783462252274,0.0430826544906764
"img_0922","Conforme",1,0.94288695809757,0.12489186930537,11502,0.0432080127553333,0.0432123339887321
"img_0923","Conforme",1,0.946123113367417,0.121968460467794,10857,0.0433548540173343,0.043359189936328
"img_0924","No conforme",1,0.940886401815975,0.127891708424524,11728,0.045953274016994,0.0459578698039744
"img_0925","Conforme",1,0.943769127071605,0.124116029624409,11325,0.0432199728884157,0.0432242953179475
"img_0926","Conforme",1,0.945236636460248,0.122608156124568,11060,0.0431871039073103,0.0431914230496153
"img_0927","Conforme",1,0.947370260009766,0.120954252240447,10585,0.0434352755041936,0.0434396194661402
"img_0928","No conforme",1,0.940903394218893,0.139997096665968,10975,0.117082908570979,0.117094618032782
"img_0929","No conforme",1,0.940705827618767,0.131270983161945,11645,0.0756253092058419,0.0756328724930912
"img_0930","Conforme",1,0.944881471306296,0.123213984305044,11088,0.0432929053251721,0.0432972350486769
"img_0931","No conforme",1,0.928594133444393,0.138031159661309,14078,0.04664333271783,0.0466479975175818
"img_0932","Conforme",1,0.948211084792193,0.120046362188966,10434,0.0435130619199199,0.043517413661286
"img_0933","Conforme",1,0.941908638449276,0.125850087655403,11680,0.0431206576026678,0.0431249700996778
"img_0934","Conforme",1,0.957305131638471,0.110859578738922,8580,0.0433296846847894,0.0433340180865981
"img_0935","No conforme",0,0.892541639368394,0.191932795194856,20387,0.221740343892429,0.221762520144444
"img_0936","Conforme",1,0.940813406282313,0.126620259652804,11929,0.0434392741987536,0.0434436185606096
"img_0937","Conforme",1,0.940344260397518,0.127145719881536,12000,0.0432161713107321,0.0432204933600681
"img_0938","Conforme",1,0.952380326412425,0.116068280514583,9577,0.0435642744886664,0.0435686313518016
"img_0939","Conforme",1,0.940564682976218,0.126875411683643,11972,0.0434738635575973,0.0434782113787352
"img_0940","No conforme",1,0.935822007589901,0.143497506193861,12033,0.112764113378634,0.112775390917726
"img_0941","Conforme",1,0.950318681245692,0.117983250319264,10010,0.0430826039368052,0.043086912628068
"img_0942","Conforme",1,0.95481155634263,0.113439384904184,9100,0.0433011623958893,0.0433054929451838
"img_0943","Conforme",1,0.946141182753619,0.121876270547305,10863,0.0431294942583937,0.0431338076391576
"img_0944","No conforme",2,0.888925189334645,0.19257427260082,21002,0.216188041478249,0.216209662444494
"img_0945","Conforme",1,0.95593227711397,0.112298595915615,8866,0.0433618849643586,0.0433662215865173
"img_0946","Conforme",1,0.952491435187845,0.115830045254784,9570,0.0431961132705648,0.0432004333138962
"img_0947","No conforme",1,0.944125847868078,0.12467831725743,11134,0.045061176603945,0.0450656831722622
"img_0948","No conforme",1,0.944254248208439,0.132821790916879,10630,0.100790486156285,0.100800566212907
"img_0949","No conforme",1,0.942567213727166,0.129707331995015,11279,0.0766694630841867,0.0766771307972664
"img_0950","Conforme",1,0.948798399676155,0.119512637254223,10309,0.0431971035838949,0.0432014237262676
"img_0951","No conforme",2,0.902007783939137,0.185404637210794,19269,0.228082905315569,0.228105715887158
"img_0952","No conforme",1,0.951752325493308,0.117608619216107,9584,0.0451275085917254,0.0451320217939048
"img_0953","Conforme",1,0.939998548763499,0.127317682793336,12090,0.0433931670199282,0.0433975067706052
"img_0954","No conforme",1,0.947387013083065,0.13017616278111,9998,0.103284625568043,0.10329495506355
"img_0955","No conforme",2,0.900245001633588,0.201115877697775,13090,0.0573660057793789,0.0573717429536743
"img_0956","No conforme",2,0.908426544476677,0.178371644378078,18479,0.225975615210216,0.225998215031719
"img_0957","Conforme",1,0.947722014716653,0.120520696027909,10530,0.0434392253857019,0.0434435697426762
"img_0958","No conforme",1,0.937203777142693,0.131045390631832,12444,0.0460087448102401,0.0460133461448546
"img_0959","No conforme",1,0.937123601720473,0.138600870697753,12037,0.0960550108632555,0.096064617324988
"img_0960","Conforme",1,0.942556025067498,0.1252473873915,11560,0.0434367165802144,0.043441060686283
"img_0961","Conforme",1,0.951976697010713,0.116404601791701,9664,0.0429412102118966,0.0429455047623729
"img_0962","No conforme",1,0.94648318477855,0.128228084173707,10200,0.0786413794192752,0.0786492443437096
"img_0963","Conforme",1,0.94912873438218,0.119280215603085,10230,0.04323290011979,0.0432372238421742
"img_0964","Conforme",1,0.949983320617676,0.118408209035385,10065,0.0433048014693361,0.0433091323825743
"img_0965","No conforme",1,0.941195795180377,0.129842241088514,11492,0.0609895055150203,0.0609956050755278
"img_0966","Conforme",1,0.954369694034352,0.113852743140631,9198,0.0434561797565953,0.0434605258091762
"img_0967","No conforme",0,0.914368021922392,0.164326714690658,18490,0.206351793367681,0.206372430610742
"img_0968","Conforme",1,0.9388809392772,0.128181853112266,12324,0.0433852115230179,0.0433895504780657
"img_0969","Conforme",1,0.945233405510397,0.12284046350667,11025,0.0431911695727931,0.0431954891217053
"img_0970","Conforme",1,0.944024611439424,0.124065835893885,11247,0.0433175365205753,0.0433218687074461
"img_0971","No conforme",1,0.935317081927131,0.139817463571725,12418,0.0949282546181276,0.094937748392967
"img_0972","No conforme",1,0.935245582203584,0.143976233326441,12140,0.112466438736611,0.112477686505262
"img_0973","Conforme",1,0.951052106861788,0.117392570575792,9840,0.0427984947153083,0.0428027749928076
"img_0974","No conforme",1,0.934168299758014,0.145862025401379,11925,0.100866106361049,0.100876193980447
"img_0975","No conforme",0,0.911219521125345,0.171276959640054,18668,0.215879597932308,0.215901188051113
"img_0976","Conforme",1,0.948891439065372,0.119490324650344,10281,0.0432937623399424,0.0432980921491573
"img_0977","Conforme",1,0.946157098173254,0.121884552348105,10857,0.0432113263261502,0.0432156478909393
"img_0978","Conforme",1,0.941470485750086,0.126298361927931,11760,0.0434981269929399,0.043502477240664
"img_0979","No conforme",0,0.906541883562873,0.179449045917383,18865,0.224230028563569,0.22425245380895
"img_0980","Conforme",1,0.943023615309771,0.12483083132054,11466,0.0432759407489108,0.0432802687757884
"img_0981","No conforme",0,0.899792070330451,0.202002036981587,13066,0.0529913459804234,0.0529966456449879
"img_0982","No conforme",1,0.946748421828326,0.122549022033465,10572,0.0452548103984,0.0452593363320332
"img_0983","No conforme",1,0.938689176420324,0.130364634427734,12076,0.0470509283843601,0.0470556339477548
"img_0984","Conforme",1,0.943177803416533,0.124611210831301,11448,0.0432372802226206,0.0432416043830589
"img_0985","Conforme",1,0.948665452073041,0.119654062250972,10336,0.0434722169903436,0.0434765646468083
"img_0986","Conforme",1,0.954988720092773,0.11328773566713,9060,0.0434274581962566,0.0434318013763942
"img_0987","Conforme",1,0.94576375994514,0.122356620302556,10921,0.0434496188495762,0.0434539642460008
"img_0988","Conforme",1,0.938197952378217,0.128717325520693,12464,0.0433271461634976,0.0433314793114287
"img_0989","Conforme",1,0.9425096549539,0.125145206382938,11592,0.0434496031395786,0.043453948534432
"img_0990","Conforme",1,0.949298478914149,0.119043234362218,10206,0.0431333990193052,0.0431377127905842
"img_0991","Conforme",1,0.938523141497444,0.128581683175798,12375,0.0430584498830347,0.0430627561586505
"img_0992","Conforme",1,0.944464738607968,0.123705987535542,11152,0.0431474598942847,0.0431517750717919
"img_0993","No conforme",1,0.941283868480009,0.130869830144043,11521,0.0761014410348491,0.0761090519400431
"img_0994","No conforme",1,0.949480070262236,0.132862153606376,9274,0.125530520165928,0.125543074473375
"img_0995","Conforme",1,0.93528638790355,0.131075136016939,13040,0.0433088302285754,0.0433131615447299
"img_0996","No conforme",1,0.944662963364545,0.136808091970415,10253,0.120324183083764,0.120336216705435
"img_0997","Conforme",1,0.940980937015309,0.126433572497141,11900,0.0431822724381401,0.0431865910972498
"img_0998","Conforme",1,0.940952875617532,0.126604990545304,11880,0.0429786643696475,0.042982962665914
"img_0999","Conforme",1,0.952670872569365,0.115732604670429,9520,0.043031829554046,0.0430361331673628
"img_1000","No conforme",1,0.943728859863281,0.128936544777875,11009,0.077037370133868,0.0770450746413321
"img_1001","Conforme",1,0.956351522773294,0.111986960200923,8760,0.0431923979079017,0.0431967175796597
"img_1002","No conforme",1,0.935652023728314,0.132459315296833,12724,0.0460909791019574,0.0460955886608235
"img_1003","Conforme",1,0.94277172088623,0.125015119270883,11523,0.0433591366840178,0.0433634730313209
"img_1004","No conforme",1,0.954755014720243,0.114097477256679,9040,0.0451371756982648,0.0451416898672515
"img_1005","No conforme",1,0.933978152376063,0.138401345026431,12668,0.0725930585634241,0.0726003185952837
"img_1006","Conforme",1,0.94492676443661,0.123132101227762,11088,0.0435849538121067,0.043589312743381
"img_1007","Conforme",1,0.945417808981503,0.122692885763031,10985,0.0432029406680397,0.0432072613941791
"img_1008","Conforme",1,0.941210394287109,0.12624154177262,11856,0.0434352970629744,0.0434396410270771
"img_1009","Conforme",1,0.95063190388399,0.11773091310465,9940,0.0432609940891819,0.043265320621244
"img_1010","Conforme",1,0.9484277379294,0.120010778202066,10360,0.0429838187445857,0.0429881175563414
"img_1011","No conforme",1,0.935473244503246,0.132062160721044,12836,0.045104199316986,0.0451087101880048
"img_1012","No conforme",1,0.946450217123592,0.124411478444856,10528,0.058568550254845,0.0585744076956145
"img_1013","No conforme",1,0.936886545733283,0.131549876534556,12472,0.046484480084647,0.0464891289975468
"img_1014","Conforme",1,0.945223652828441,0.122890210715107,11023,0.0434508756007605,0.0434552211228728
"img_1015","No conforme",1,0.941298826581169,0.139736441989078,10884,0.117233255190423,0.117244979688392
"img_1016","Conforme",1,0.949859706869686,0.118705561043836,10064,0.0433661225168,0.0433704595627563
"img_1017","Conforme",1,0.943738313383215,0.124223721432731,11319,0.0432652505817156,0.0432695775394695
"img_1018","Conforme",1,0.952266166184369,0.116032722579575,9620,0.0432844188019684,0.0432887476767361
"img_1019","Conforme",1,0.948576241957721,0.119748541037143,10350,0.043175805457306,0.043180123469653
"img_1020","Conforme",1,0.953885231053969,0.11452985559827,9272,0.0435588148282668,0.0435631711453814
"img_1021","Conforme",1,0.950061461738138,0.118391152494811,10044,0.0437327012527091,0.0437370749602051
"img_1022","No conforme",1,0.941202316912483,0.132663375055644,11280,0.0772517163487946,0.0772594422930239
"img_1023","Conforme",1,0.941504291058709,0.12607982042873,11781,0.0432527157573511,0.0432570414614973
"img_1024","No conforme",1,0.947116211619658,0.121745777081655,10564,0.0448076455875824,0.0448121268002625
"img_1025","Conforme",1,0.946402530697093,0.12178370465771,10790,0.0433950567712107,0.0433993967108818
"img_1026","No conforme",0,0.888780454747817,0.190273713224181,21274,0.210854408091715,0.210875495641279
"img_1027","Conforme",1,0.950211162414551,0.117994023249877,10048,0.0433386087781426,0.0433429430724499
"img_1028","Conforme",1,0.941415021110983,0.126276582372311,11781,0.0433840246770399,0.0433883635133912
"img_1029","Conforme",1,0.956975814083324,0.111105922903692,8662,0.043207713414916,0.0432120346183779
"img_1030","Conforme",1,0.940304172686408,0.127226074892604,12000,0.0431611671160664,0.0431654836644328
"img_1031","No conforme",0,0.900843146182789,0.176509434413611,20272,0.204679318267781,0.204699788246606
"img_1032","No conforme",1,0.939215821245979,0.132624266244599,11920,0.075064605364937,0.0750721125761947
"img_1033","Conforme",1,0.95050505918615,0.11785371406512,9966,0.0432729000266427,0.0432772277494176
"img_1034","No conforme",1,0.938600205634622,0.13739706787351,11755,0.0969490952969733,0.0969587911760909
"img_1035","Conforme",1,0.944319226199879,0.123726887302677,11200,0.043339175372886,0.0433435097238584
"img_1036","No conforme",1,0.946522913495232,0.133751132525166,9702,0.100420884330994,0.100430927423736
"img_1037","Conforme",1,0.942700101497874,0.124984658964779,11550,0.0431445746536755,0.0431488895426298
"img_1038","No conforme",1,0.947399398390826,0.125562671704912,10300,0.0791463682242323,0.0791542836525976
"img_1039","No conforme",1,0.942888274410472,0.125507823764431,11420,0.04479245676669,0.044796936460336
"img_1040","No conforme",1,0.937340673684513,0.132972729761571,12121,0.0484802062171479,0.0484850547226201
"img_1041","Conforme",1,0.956323581040326,0.111897429282879,8784,0.0433914034666547,0.0433957430409588
"img_1042","Conforme",1,0.93776512476304,0.129052085700405,12551,0.0431024090406679,0.0431067197126392
"img_1043","Conforme",1,0.945158375674977,0.12279512005788,11055,0.0428991901901143,0.0429034805381681
"img_1044","Conforme",1,0.951608129398121,0.116885411321019,9729,0.0437938873335314,0.0437982671602474
"img_1045","Conforme",1,0.932331504767923,0.133514487148402,13600,0.0434085932366604,0.0434129345301134
"img_1046","No conforme",1,0.94700151289996,0.134254041638758,9828,0.120092067060622,0.120104077468369
"img_1047","No conforme",1,0.939959538035673,0.140652191726081,11172,0.116148929469597,0.11616054552415
"img_1048","Conforme",1,0.951806054992676,0.116574938128971,9702,0.0433580424721089,0.0433623787099799
"img_1049","Conforme",1,0.945023633099724,0.122984097669593,11076,0.043373408008743,0.0433777457833214
"img_1050","Conforme",1,0.945804565645106,0.122265502431908,10920,0.0433263621767837,0.0433306952463083
"img_1051","Conforme",1,0.940235425253475,0.127324462485292,12008,0.0432364377986439,0.0432407618748314
"img_1052","Conforme",1,0.942635781662885,0.124966395041031,11573,0.0429701453668002,0.0429744428110813
"img_1053","No conforme",2,0.9018461766142,0.18668518965308,19095,0.230152871134549,0.230175888723422
"img_1054","No conforme",0,0.894234357928108,0.18208373902188,21114,0.204257762891972,0.204278190711043
"img_1055","Conforme",1,0.952062915505802,0.116395761493778,9636,0.0430495688450806,0.0430538742325038
"img_1056","No conforme",1,0.945241004225787,0.133454169089662,10065,0.0935599567852202,0.0935693137165918
"img_1057","No conforme",1,0.941512667595358,0.132736835649447,11160,0.0769558247768085,0.0769635211289214
"img_1058","Conforme",1,0.947809489692239,0.120510177797052,10500,0.0432753427701205,0.0432796707371942
"img_1059","Conforme",1,0.944467670395795,0.123704849995542,11154,0.0434517615978203,0.0434561072085411
"img_1060","Conforme",1,0.943382131078383,0.124423218289461,11410,0.0434154328397163,0.043419774817198
"img_1061","Conforme",1,0.952686070000143,0.115849083277113,9504,0.0438287221138436,0.0438331054243861
"img_1062","Conforme",1,0.943579099354463,0.124324597271494,11356,0.0431365395518974,0.0431408536372611
"img_1063","No conforme",2,0.906768409046846,0.196679586417705,12136,0.0528789143955525,0.0528842028158341
"img_1064","No conforme",0,0.888857459052591,0.195933751969884,20746,0.223559755414744,0.223582113626107
"img_1065","No conforme",1,0.945326803894043,0.136355530000278,10105,0.120950828445261,0.120962924737735
"img_1066","Conforme",1,0.952099054278205,0.116309683814821,9638,0.0433006371832497,0.0433049676800177
"img_1067","No conforme",1,0.946343296616498,0.131171096056425,10192,0.102388960680263,0.102399200600323
"img_1068","No conforme",1,0.935617201268813,0.139589839009624,12355,0.0949085155773095,0.0949180073780473
"img_1069","Conforme",1,0.939223120799345,0.127983469049392,12243,0.0434947671202444,0.0434991170319476
"img_1070","No conforme",1,0.937490075198903,0.132544607107031,12136,0.0481502978048087,0.0481551133161403
"img_1071","Conforme",1,0.94565779675652,0.1224963614653,10934,0.0432700382770779,0.0432743657136492
"img_1072","No conforme",1,0.935634313336541,0.131843904406401,12819,0.0451080697326755,0.0451125809907746
"img_1073","No conforme",1,0.938089177066578,0.139535034758788,11458,0.0906905606663781,0.090699630629441
"img_1074","Conforme",1,0.943312366494571,0.124566965006956,11410,0.0433067587796683,0.0433110898886572
"img_1075","Conforme",1,0.934438263567756,0.131800561699532,13200,0.0434828357904177,0.0434871845088686
"img_1076","Conforme",1,0.94848613435633,0.119930829490824,10354,0.0432257777017432,0.0432301007118144
"img_1077","No conforme",1,0.93246965779024,0.140921743943954,12738,0.0721706371589262,0.0721778549444207
"img_1078","No conforme",0,0.911298021240234,0.170298559688112,18791,0.213706074310665,0.213727447055371
"img_1079","Conforme",1,0.9528260179946,0.115416979907826,9513,0.0432000085442374,0.0432043289771351
"img_1080","Conforme",1,0.94520546377743,0.122816044910257,11040,0.0433713262292091,0.0433756637955887
"img_1081","Conforme",1,0.949969738661822,0.118675772403796,10032,0.0435685439592009,0.0435729012493259
"img_1082","Conforme",1,0.943386139849494,0.124485348029737,11400,0.0435351035683137,0.0435394575140651
"img_1083","Conforme",1,0.948828435543285,0.119531470377085,10296,0.043224819575699,0.043229142489948
"img_1084","No conforme",1,0.941799863137638,0.130223360113607,11455,0.0764303946664167,0.0764380384702637
"img_1085","Conforme",1,0.948767585987764,0.119438247176411,10332,0.0433212694526219,0.0433256020128232
"img_1086","Conforme",1,0.949890759887695,0.118542053731494,10080,0.0436444827676351,0.0436488476524003
"img_1087","Conforme",1,0.953002643253102,0.115458533510832,9447,0.043469309804381,0.043473657170098
"img_1088","No conforme",2,0.883121266587201,0.198859285789058,21395,0.217749274301389,0.21777105140653
"img_1089","No conforme",0,0.884776649726419,0.214472144900247,14806,0.0509895789306577,0.0509946783984975
"img_1090","Conforme",1,0.938214047295065,0.128782130650071,12450,0.0435117790406296,0.043516130653695
"img_1091","No conforme",1,0.932661719809139,0.134743366356793,13324,0.0464892165823479,0.0464938659689448
"img_1092","Conforme",1,0.95099245395436,0.117427997497192,9858,0.0431001687292467,0.0431044791771645
"img_1093","Conforme",1,0.939569969249052,0.12746189211434,12210,0.0433563487793133,0.0433606848477981
"img_1094","No conforme",1,0.946638749030618,0.123096700203157,10539,0.0465971264645157,0.04660178664318
"img_1095","No conforme",1,0.949196524496639,0.123920236124273,9940,0.0802573546199464,0.0802653811580622
"img_1096","No conforme",1,0.949291179360782,0.132055887010484,9374,0.1209830854753,0.120995184993799
"img_1097","Conforme",1,0.953620293166217,0.114819962730398,9324,0.0436456650437847,0.0436500300467894
"img_1098","Conforme",1,0.939996215299718,0.127389936972118,12080,0.0434776268454789,0.0434819750429832
"img_1099","Conforme",1,0.938817995587517,0.128312549881511,12324,0.0434059482211385,0.0434102892500635
"img_1100","Conforme",1,0.950969298813764,0.117492077585598,9860,0.0435168889192626,0.043521241043367
"img_1101","No conforme",1,0.934223285737879,0.136995575114616,12782,0.0703454537483674,0.0703524889972672
"img_1102","Conforme",1,0.950052367212632,0.118132238095639,10080,0.0430286483635614,0.0430329516587273
"img_1103","Conforme",1,0.950024904138902,0.118457261304651,10044,0.0433970009345189,0.0434013410686258
"img_1104","No conforme",2,0.908141502900965,0.174822050294901,19019,0.21719174128628,0.217213462632543
"img_1105","Conforme",1,0.936339438225241,0.130421398467893,12800,0.0432258699950425,0.043230193014344
"img_1106","No conforme",1,0.928975804353602,0.139612738562055,13720,0.0485696815174155,0.0485745389713126
"img_1107","Conforme",1,0.942218749802533,0.125582099327376,11620,0.0433378769990202,0.0433422112201422
"img_1108","No conforme",1,0.933117104240866,0.145038989303248,12589,0.108908457921751,0.108919349856737
"img_1109","Conforme",1,0.953098674262552,0.115271207153724,9438,0.0431463224259934,0.0431506374897423
"img_1110","Conforme",1,0.943720782488655,0.12414556145955,11340,0.0435577835537429,0.0435621397677197
"img_1111","Conforme",1,0.942854828096278,0.12487181300078,11520,0.0436164502824945,0.0436208123637308
"img_1112","No conforme",2,0.912182104851218,0.191469925680767,11515,0.0566005261637599,0.0566061867824381
"img_1113","No conforme",1,0.926342340895709,0.140967834680271,14316,0.0484640192616108,0.0484688661482256
"img_1114","Conforme",1,0.948556138269761,0.119778602459809,10354,0.0433608809356769,0.0433652174574227
"img_1115","No conforme",2,0.91146477415197,0.191490959252072,11664,0.0554252407767804,0.0554307838551659
"img_1116","No conforme",1,0.936702740586225,0.131929357085324,12471,0.0464637700521714,0.0464684168938607
"img_1117","No conforme",2,0.912858689682904,0.193161670233006,11172,0.0510606925394585,0.0510657991193704
"img_1118","No conforme",1,0.941964641580021,0.134582026772802,11088,0.098152521460043,0.0981623376938124
"img_1119","Conforme",1,0.950067265481388,0.118303170116217,10050,0.043122235517127,0.0431265481719441
"img_1120","Conforme",1,0.936046977431353,0.130532267695594,12880,0.0433894986583822,0.0433938380421864
"img_1121","No conforme",0,0.90299047135297,0.173880338248513,20125,0.20357337934201,0.203593738715882
"img_1122","Conforme",1,0.944103650045956,0.123892062995453,11248,0.0433915372614691,0.043395876849154
"img_1123","No conforme",0,0.906239370925006,0.176248683665877,19135,0.215718876245667,0.215740450290696
"img_1124","Conforme",1,0.952389779932359,0.116057954022854,9570,0.0429114120370796,0.0429157036074404
"img_1125","Conforme",1,0.953009105152803,0.11538082956454,9455,0.0433364858217252,0.0433408199037156
"img_1126","No conforme",1,0.943731073662253,0.136874303347072,10475,0.116000275629733,0.116011876817415
"img_1127","Conforme",1,0.947883981036018,0.120295388880548,10508,0.0433872515832259,0.0433915907423001
"img_1128","Conforme",1,0.940036542340447,0.127305775992607,12080,0.0434737462807342,0.0434780940901433
"img_1129","Conforme",1,0.942387537016027,0.125294135991341,11613,0.0437867280977108,0.0437911072084316
"img_1130","No conforme",2,0.907096829115924,0.195241267983052,12224,0.0546760553977666,0.0546815235501217
"img_1131","No conforme",2,0.898205973115809,0.189348418587753,19531,0.228103360269492,0.228126172886781
"img_1132","No conforme",0,0.88795291275922,0.212112051380971,14427,0.0519696322102772,0.0519748296932465
"img_1133","Conforme",1,0.937866899683335,0.129118052206282,12506,0.0430631237580782,0.0430674305011283
"img_1134","No conforme",1,0.93973648283117,0.135836388536889,11376,0.083785577003815,0.0837939563994549
"img_1135","No conforme",0,0.909430951053395,0.173630396578121,18839,0.217413897732994,0.217435641297124
"img_1136","Conforme",1,0.945223533163632,0.122863401498394,11025,0.0432117158833394,0.0432160374870881
"img_1137","No conforme",2,0.912839483481014,0.163914184271522,18925,0.202001928030332,0.202022130243356
"img_1138","Conforme",1,0.948025185510972,0.120305200407062,10458,0.0434146050151319,0.0434189469098228
"img_1139","Conforme",1,0.938442248086368,0.128588094213222,12403,0.0432621400582792,0.0432664667049497
"img_1140","No conforme",1,0.932555936117733,0.141891073771455,12650,0.0779351370879425,0.0779429313810806
"img_1141","No conforme",1,0.936911854840447,0.141658011235909,11881,0.108887858314879,0.108898748189698
"img_1142","No conforme",0,0.905701357942469,0.179554376497392,19014,0.222700294969613,0.222722567226336
"img_1143","Conforme",1,0.953147497504739,0.115273265510497,9420,0.0430763366971805,0.0430806447616567
"img_1144","Conforme",1,0.956652659265855,0.111655089080827,8700,0.0432266262240669,0.0432309493189987
"img_1145","Conforme",1,0.950959426466998,0.117383965608772,9880,0.0435778411209207,0.0435821993408547
"img_1146","Conforme",1,0.951137547535616,0.117379324706921,9815,0.0431448041838904,0.0431491190958
"img_1147","No conforme",1,0.938569870605469,0.141570205709664,11472,0.115018660998405,0.115030164014807
"img_1148","Conforme",1,0.948008133275649,0.120072020353562,10500,0.0434807366030198,0.0434850851115309
"img_1149","Conforme",1,0.953832817867503,0.114410682943084,9306,0.0433358338271159,0.0433401678439003
"img_1150","Conforme",1,0.942678501999799,0.125142062445981,11534,0.0433089206623403,0.0433132519875391
"img_1151","Conforme",1,0.946400376730526,0.121846461429318,10780,0.0432744437205835,0.0432787715977432
"img_1152","Conforme",1,0.947497583366843,0.120819667780075,10560,0.0432412040668892,0.0432455286197512
"img_1153","Conforme",1,0.952613792455337,0.115684343367262,9548,0.0431462214345521,0.0431505364882009
"img_1154","Conforme",1,0.949846304411047,0.11827959865609,10132,0.0433067452560014,0.0433110763636377
"img_1155","Conforme",1,0.945052472318761,0.12306585893051,11055,0.0435416699125082,0.0435460245149596
"img_1156","Conforme",1,0.939638597017176,0.127619016982822,12160,0.043201414453902,0.0432057350274048
"img_1157","No conforme",1,0.947827738575655,0.127481060679524,9882,0.0806333545681358,0.0806414187100069
"img_1158","Conforme",1,0.943268030682732,0.124717761028097,11400,0.0431675231635159,0.0431718403475507
"img_1159","No conforme",1,0.942009515883502,0.130051497428153,11410,0.0763728912020079,0.0763805292549334
"img_1160","Conforme",1,0.943797308134191,0.124298023332078,11288,0.0433340915335288,0.0433384253760664
"img_1161","No conforme",1,0.938031438796099,0.132472593190823,11976,0.0485160880775581,0.0485209401715753
"img_1162","Conforme",1,0.945598921670353,0.122536141098072,10948,0.0432724311291692,0.0432767588050497
"img_1163","Conforme",1,0.942969048156738,0.124952160724617,11466,0.0433432861534235,0.0433476209155151
"img_1164","Conforme",1,0.944278540164723,0.123528727601152,11247,0.0435643345728347,0.0435686914419789
"img_1165","Conforme",1,0.955704315652286,0.112768295348593,8880,0.0433287820099916,0.0433331153215238
"img_1166","No conforme",1,0.937092309372846,0.130434456982899,12566,0.044763575020177,0.0447680518253595
"img_1167","Conforme",1,0.942122718793084,0.125521675364958,11661,0.0432342265261052,0.0432385503811433
"img_1168","Conforme",1,0.954474520407284,0.113811238599349,9165,0.0432056023460042,0.043209923338338
"img_1169","No conforme",0,0.905268829489315,0.181256391548535,18908,0.225338126195768,0.225360662261994
"img_1170","No conforme",1,0.932838943391688,0.13470891358578,13270,0.046262983594527,0.0462676103555625
"img_1171","Conforme",1,0.944067212111529,0.124021338413736,11242,0.0435856214935442,0.0435899804915934
"img_1172","No conforme",1,0.925312505547018,0.149867946293396,14185,0.103543826699753,0.103554182117964
"img_1173","Conforme",1,0.953776216412712,0.114586449695984,9300,0.0432728412041372,0.0432771689210293
"img_1174","No conforme",1,0.947419202916762,0.125609315292143,10285,0.0790956498255455,0.0791035601815637
"img_1175","Conforme",1,0.943428441359576,0.124398171639804,11396,0.0431823272845687,0.0431866459491636
"img_1176","No conforme",2,0.906772178488339,0.176718576671478,19036,0.218495967911975,0.218517819693945
"img_1177","No conforme",1,0.931858948436064,0.13663431253191,13284,0.0475566113008315,0.0475613674375753
"img_1178","Conforme",1,0.944700059455423,0.123283919768192,11139,0.0432963968548619,0.0433007269275546
"img_1179","Conforme",1,0.942969407151166,0.124870700503909,11480,0.0434769508365868,0.0434812989664835
"img_1180","No conforme",1,0.931692554518756,0.13503959453134,13576,0.0455430163629233,0.0455475711200353
"img_1181","No conforme",1,0.930835634819479,0.146948085593427,13029,0.109204673426479,0.109215594985978
"img_1182","Conforme",1,0.94916804427203,0.119194298278121,10230,0.0433130448422045,0.0433173765798625
"img_1183","Conforme",1,0.934184035680434,0.131823468058835,13280,0.043520849410112,0.043525201930305
"img_1184","Conforme",1,0.939623279921588,0.127598499042607,12168,0.0431580999914314,0.0431624162330547
"img_1185","No conforme",1,0.943095773189769,0.125486176852437,11350,0.0444312731887658,0.0444357167604418
"img_1186","No conforme",0,0.891139766127642,0.189968822667149,20852,0.214289126810617,0.214310557866404
"img_1187","Conforme",1,0.946012782413258,0.122211078923255,10854,0.0429812479171667,0.0429855464718139
"img_1188","Conforme",1,0.936724280251896,0.130138830536081,12720,0.0432903025415515,0.0432946320047519
"img_1189","No conforme",0,0.892112820524328,0.193853440957515,20384,0.225672410852304,0.225694980350339
"img_1190","Conforme",1,0.936011436982996,0.130618444666102,12880,0.0436201815983318,0.0436245440527371
"img_1191","Conforme",1,0.95518293607824,0.113168306927605,9009,0.0435152480041969,0.0435195999641933
"img_1192","Conforme",1,0.936527431640625,0.130238949265337,12768,0.0432338842304173,0.0432382080512224
"img_1193","Conforme",1,0.9528118377147,0.115538500137897,9504,0.0436757521596336,0.0436801201716508
"img_1194","Conforme",1,0.950371214096967,0.118042359415819,9984,0.0432152660558716,0.0432195880146731
"img_1195","No conforme",2,0.887025809649299,0.194504399644227,21180,0.21619385251243,0.216215474059836
"img_1196","Conforme",1,0.952974043363683,0.11529420975268,9480,0.0433399390593305,0.0433442734866792
"img_1197","No conforme",1,0.951147719044405,0.118206879747958,9711,0.0456960412941759,0.0457006113553115
"img_1198","Conforme",1,0.944949500750373,0.123063516632184,11088,0.0432710617767757,0.0432753893157073
"img_1199","No conforme",1,0.938948789224064,0.136867930835531,11721,0.0967944778321247,0.0968041582479495
"img_1200","Conforme",1,0.936948651769301,0.129949767556898,12675,0.0431185967565424,0.0431229090474471
"img_1201","Conforme",1,0.948493792904124,0.119839445098707,10366,0.0433212416258148,0.0433255741832331
"img_1202","Conforme",1,0.942664860211541,0.125065347046707,11550,0.0432316754590113,0.0432359990589172
"img_1203","Conforme",1,0.943484384657916,0.12441687085715,11376,0.0433850279567498,0.0433893668934391
"img_1204","No conforme",0,0.915494725934197,0.163167804208101,18322,0.206081775345003,0.206102385583561
"img_1205","Conforme",1,0.945189368860581,0.122797304847338,11050,0.0435418301265214,0.0435461847449959
"img_1206","No conforme",1,0.947690602704216,0.129991025273523,9924,0.103516244560815,0.103526597220537
"img_1207","Conforme",1,0.955114607472139,0.113201300105567,9028,0.0434530061708393,0.0434573519060299
"img_1208","Conforme",1,0.945379037583295,0.122752997775128,10990,0.0433196162738832,0.0433239486687501
"img_1209","Conforme",1,0.949292136679257,0.118900918610246,10230,0.0431749002591836,0.0431792181810017
"img_1210","No conforme",0,0.877462557085823,0.205280083456556,21981,0.221885820440297,0.221908011241421
"img_1211","Conforme",1,0.951806832813936,0.11656395885107,9702,0.043191857271616,0.0431961768893049
"img_1212","Conforme",1,0.949919599106732,0.118462151683969,10080,0.0434150191403104,0.0434193610764181
"img_1213","Conforme",1,0.946580711598116,0.121585477057176,10758,0.0432461887971048,0.0432505138484897
"img_1214","No conforme",1,0.926917031142291,0.141056892468565,14120,0.0482228319816483,0.048227654747123
"img_1215","No conforme",1,0.938734768712661,0.130713572785599,12014,0.0478052041957183,0.0478099851942377
"img_1216","Conforme",1,0.949508191492417,0.11894501897828,10150,0.0433628734541133,0.0433672101751308
"img_1217","No conforme",1,0.943733347293629,0.126390503919357,11024,0.0472077335439452,0.0472124547894241
"img_1218","Conforme",1,0.947261125703699,0.120944342870723,10624,0.0434262165343725,0.0434305595903315
"img_1219","No conforme",0,0.890979295618394,0.186838395099099,21276,0.208093129540529,0.208113940934623
"img_1220","No conforme",1,0.948148918923771,0.121385065998694,10276,0.0460180531331212,0.046022655398661
"img_1221","Conforme",1,0.949247262375775,0.119218879469782,10200,0.0434461223426407,0.0434504673893796
"img_1222","No conforme",1,0.932573407179888,0.141916074633264,12751,0.0840768439776281,0.0840852525028784
"img_1223","No conforme",1,0.948794151575425,0.129111985931496,9690,0.10458555171652,0.104596011317652
"img_1224","No conforme",1,0.944050399205825,0.128507740884125,10969,0.0771892243924351,0.0771969440868438
"img_1225","Conforme",1,0.943145194756003,0.124648487321631,11455,0.0434272331122265,0.0434315762698535
"img_1226","Conforme",1,0.939065761575138,0.128181327650069,12264,0.0435418576716982,0.0435462122929275
"img_1227","Conforme",1,0.944992280919692,0.123056413777746,11076,0.043432610471699,0.0434369541671157
"img_1228","Conforme",1,0.949966986371209,0.118389300042519,10074,0.043363357158887,0.0433676939282799
"img_1229","No conforme",0,0.902187041823443,0.186192612301298,19048,0.229561917384695,0.229584875872282
"img_1230","Conforme",1,0.94449854391659,0.12350334133218,11172,0.043140570110287,0.0431448845987468
"img_1231","Conforme",1,0.943179478723863,0.124733302860482,11431,0.0435303599547455,0.0435347134260881
"img_1232","No conforme",1,0.943576825723087,0.128932640205041,11062,0.0770359327110873,0.0770436370747948
"img_1233","Conforme",1,0.94723007268569,0.120979283242708,10626,0.0430491602147831,0.0430534655613392
"img_1234","Conforme",1,0.945663899661793,0.122419769476125,10944,0.0432957920398275,0.0433001220520327
"img_1235","Conforme",1,0.936139238999311,0.130477817112961,12859,0.0434331358620391,0.0434374796100001
"img_1236","Conforme",1,0.940719888233858,0.126822391890112,11929,0.0435356715180524,0.0435400255206045
"img_1237","Conforme",1,0.942933507708381,0.124970190755516,11475,0.0433239704469318,0.0433283032772596
"img_1238","Conforme",1,0.954445501691033,0.113806988098948,9176,0.0432229074372492,0.0432272301602652
"img_1239","No conforme",1,0.930852687054802,0.147004242592641,13015,0.109268068323349,0.109278996222972
"img_1240","No conforme",1,0.932052506265079,0.14361081569612,12720,0.088206680654452,0.0882155022046725
"img_1241","Conforme",1,0.952491973679486,0.115762016784262,9581,0.0433464197045482,0.0433507547800262
"img_1242","Conforme",1,0.939519889526367,0.127819466673794,12168,0.0432656000319615,0.043269927024664
"img_1243","Conforme",1,0.939310117115694,0.128101114956933,12191,0.043105437961958,0.0431097489368516
"img_1244","Conforme",1,0.942511390093635,0.125390216663084,11550,0.0431752196218077,0.0431795375755652
"img_1245","Conforme",1,0.952342691829906,0.116193000390451,9570,0.043323207142161,0.0433275398961506
"img_1246","Conforme",1,0.946015295374253,0.122218836800684,10855,0.0433203971845533,0.043324729657519
"img_1247","Conforme",1,0.950530906784955,0.117945550224267,9945,0.0434738368683776,0.0434781846868463
"img_1248","No conforme",1,0.938026712036133,0.137647289899631,11902,0.0966123478191428,0.0966220100201448
"img_1249","No conforme",0,0.900772962772145,0.180508171091476,19910,0.213603137395951,0.213624499845936
"img_1250","No conforme",1,0.948199417473288,0.124896313465008,10126,0.0793320824250062,0.0793400164266488
"img_1251","Conforme",1,0.950778792437385,0.117547884709521,9916,0.0432574097442874,0.0432617359178792
"img_1252","Conforme",1,0.944451635311351,0.123671072534602,11165,0.0434825809042826,0.0434869295972424
"img_1253","No conforme",1,0.940580478731043,0.135901936527053,11354,0.0983927928775385,0.0984026331408525
"img_1254","No conforme",0,0.889146090572582,0.194173105066545,20829,0.22013381368093,0.220155829263856
"img_1255","Conforme",1,0.949583939316693,0.118766283054492,10150,0.0432987458188903,0.0433030761265029
"img_1256","No conforme",0,0.89344869862276,0.192593646032767,20333,0.226523422442953,0.226546077050658
"img_1257","No conforme",1,0.938059380529067,0.137857908467823,11856,0.0966434876704314,0.0966531529857299
"img_1258","No conforme",1,0.941963624429142,0.12707055564257,11494,0.0455996155603993,0.0456041759779971
"img_1259","No conforme",0,0.910834080774644,0.192375312745601,11680,0.0491310366405729,0.0491359502355965
"img_1260","Conforme",1,0.945612264296588,0.122609493851217,10934,0.0434808943477924,0.0434852428720796
"img_1261","Conforme",1,0.94874407185274,0.119471034485875,10332,0.0429522957953152,0.0429565914544606
"img_1262","Conforme",1,0.951975919189453,0.116451331786861,9660,0.0432649608960404,0.0432692878248228
"img_1263","No conforme",2,0.905403691729377,0.18245081782437,18697,0.228228731405725,0.228251556561381
"img_1264","No conforme",1,0.943330735042796,0.137881400597146,10522,0.119158833872575,0.11917075094767
"img_1265","Conforme",1,0.939294022198845,0.12780693222359,12245,0.0432126193799345,0.0432169410740419
"img_1266","No conforme",1,0.933898216283462,0.151724501097016,11400,0.115819843880888,0.11583142702359
"img_1267","Conforme",1,0.945740365474925,0.122420603742094,10920,0.0435467853325731,0.0435511404466177
"img_1268","Conforme",1,0.939964504125258,0.127425799576075,12084,0.0433937879797964,0.0433981277925757
"img_1269","Conforme",1,0.952230506071203,0.116178293753467,9610,0.0431444261738762,0.043148741047981
"img_1270","No conforme",1,0.948170279092228,0.124932177432481,10133,0.0794852181228231,0.0794931674395671
"img_1271","Conforme",1,0.943798923609116,0.124116938630938,11316,0.0433540746075805,0.0433584104486253
"img_1272","No conforme",1,0.947383901798024,0.130187121386053,9997,0.10326533922003,0.103275666786709
"img_1273","Conforme",1,0.949278554723403,0.119015038717754,10220,0.0434664743090071,0.0434708213911462
"img_1274","Conforme",1,0.945122536064597,0.123110582281249,11023,0.0434150843156893,0.0434194262583152
"img_1275","Conforme",1,0.941255328422995,0.126311898366946,11830,0.0434739570636353,0.0434783048941247
"img_1276","No conforme",1,0.950309467055377,0.12291726648,9709,0.0808307989640079,0.0808388828522931
"img_1277","Conforme",1,0.94606669140984,0.122091010216478,10855,0.0430869805647738,0.0430912896937432
"img_1278","Conforme",1,0.946001892915613,0.121930675650975,10902,0.0430863165489638,0.043090625611525
"img_1279","Conforme",1,0.951285692569508,0.117185555551192,9792,0.0431474598974238,0.0431517750749313
"img_1280","No conforme",0,0.896416984217027,0.182875037072256,20541,0.209757962584679,0.209778940478727
"img_1281","Conforme",1,0.941103653277229,0.126557116251382,11840,0.0432842321596336,0.0432885610157352
"img_1282","No conforme",1,0.941934127053653,0.130307250315797,11394,0.0763531775813137,0.07636081366268
"img_1283","No conforme",1,0.935820810941808,0.139498707186917,12310,0.0952900585882916,0.0952995885471463
"img_1284","No conforme",1,0.939152398897059,0.132735781539368,11925,0.0751753444047034,0.0751828626909724
"img_1285","Conforme",1,0.945091542878992,0.122924366090202,11060,0.0431461750475454,0.043150490096555
"img_1286","Conforme",1,0.944785500129251,0.123284271755953,11109,0.0432084541589859,0.0432127754365296
"img_1287","Conforme",1,0.946698820764878,0.121550598102312,10725,0.0434906348116402,0.0434949843100712
"img_1288","Conforme",1,0.953751685126809,0.114470157576349,9324,0.0430790248418627,0.0430833331751802
"img_1289","Conforme",1,0.952543549212287,0.115940220963186,9536,0.043245996240427,0.0432503212725542
"img_1290","Conforme",1,0.944177483233283,0.123745907602863,11248,0.043629046593129,0.0436334099341225
"img_1291","No conforme",1,0.936001923630658,0.132934918885763,12544,0.0470111079659303,0.047015809546885
"img_1292","No conforme",1,0.940185285698386,0.136066503702447,11454,0.0979613267138865,0.0979711238262691
"img_1293","No conforme",1,0.94816567199707,0.128645907467441,9916,0.100794649223208,0.100804729696178
"img_1294","Conforme",1,0.947997483107623,0.120303319738565,10465,0.0430885977469507,0.0430929070376545
"img_1295","No conforme",1,0.944254188376034,0.124455221943801,11125,0.0450496966638367,0.0450542020840451
"img_1296","No conforme",2,0.903793781217687,0.179079277749892,19377,0.216992820122709,0.217014521574867
"img_1297","No conforme",1,0.942486918640137,0.138728734961348,10663,0.118445791001691,0.118457636765368
"img_1298","No conforme",1,0.944431950450224,0.124655252858978,11034,0.0450347889892632,0.045039292918555
"img_1299","No conforme",1,0.931606575353286,0.136542941128454,13382,0.0478043859555148,0.047809166872202
"img_1300","No conforme",1,0.939383651140998,0.136804209334507,11599,0.0975836518061754,0.0975934111472901
"img_1301","No conforme",1,0.937720669286391,0.132083798948512,12132,0.0480228122765885,0.0480276150380923
"img_1302","No conforme",1,0.938489216524012,0.129440398801523,12264,0.0446454693700845,0.0446499343635208
"img_1303","Conforme",1,0.935715266580021,0.130700043329878,12960,0.0432313467679788,0.0432356703350123
"img_1304","Conforme",1,0.948667306877585,0.119643092167555,10335,0.0432387972071872,0.0432431215193391
"img_1305","Conforme",1,0.946467508688534,0.121661214658325,10787,0.0434438558097229,0.0434482006297859
"img_1306","Conforme",1,0.952266525178797,0.116103702816996,9610,0.0433534634659999,0.0433577992459245
"img_1307","No conforme",1,0.935317560586368,0.135525724300296,12720,0.0735038855746222,0.073511236698292
"img_1308","Conforme",1,0.93581387038287,0.130670351078441,12936,0.0435642381580927,0.0435685950175944
"img_1309","No conforme",1,0.945256201656566,0.132191723996962,10394,0.101488965082552,0.101499114994052
"img_1310","Conforme",1,0.952502264853085,0.116031694574062,9536,0.0431064361947158,0.0431107472694427
"img_1311","Conforme",1,0.953588043500115,0.114739113226311,9344,0.0432520917457069,0.0432564173874457
"img_1312","Conforme",1,0.936481600018669,0.13020823788247,12792,0.0435898439698671,0.0435942033902061
"img_1313","Conforme",1,0.954638521028406,0.113528719229956,9150,0.0435081981531498,0.0435125494080906
"img_1314","Conforme",1,0.952738543019014,0.115710893436883,9504,0.043607667711563,0.0436120289144545
"img_1315","Conforme",1,0.940024037367877,0.127087158201108,12118,0.0433276841177613,0.0433320173194932
"img_1316","Conforme",1,0.945734681396484,0.122234809762845,10948,0.0432493460999199,0.0432536714670666
"img_1317","Conforme",1,0.95104414915197,0.117261006134324,9867,0.0433746039669885,0.0433789418611746
"img_1318","No conforme",1,0.941029221765855,0.129186884412602,11500,0.047990609146082,0.0479954086869507
"img_1319","Conforme",1,0.954065087262322,0.114302010012301,9240,0.04336361207641,0.0433679488712972
"img_1320","No conforme",0,0.896326158626781,0.204886729572026,13468,0.0495584665325905,0.049563422874878
"img_1321","Conforme",1,0.955398272902545,0.112981984326661,8960,0.0436026216478039,0.0436069823460385
"img_1322","No conforme",1,0.936441272977941,0.143192446721117,11875,0.112826528249598,0.112837812030801
"img_1323","No conforme",1,0.947644412087833,0.121411419874714,10438,0.0452803755475377,0.0452849040379415
"img_1324","Conforme",1,0.937520470060461,0.129506143357266,12560,0.0432896938660652,0.043294023268392
"img_1325","No conforme",1,0.934029608244054,0.142846992542868,12120,0.0832708638656148,0.0832791917847933
"img_1326","Conforme",1,0.953059304540298,0.115254351444283,9455,0.043235495747106,0.0432398197290789
"img_1327","Conforme",1,0.954765844385484,0.113449435025946,9114,0.0432045305489427,0.0432088514340861
"img_1328","No conforme",1,0.945295092719583,0.123841018807251,10872,0.0455729123597559,0.0455774701067666
"img_1329","Conforme",1,0.942974133911133,0.124900493035898,11475,0.0436119751179896,0.0436163367516647
"img_1330","Conforme",1,0.945867389669979,0.122386965182769,10880,0.0433555244976891,0.0433598604837375
"img_1331","No conforme",1,0.938283632381663,0.137454237250392,11850,0.0967706202368417,0.0967802982666684
"img_1332","Conforme",1,0.94581389950023,0.122445101670811,10890,0.0434300557367999,0.0434343991767176
"img_1333","No conforme",1,0.939413387846105,0.141003392281272,11292,0.11570432288821,0.115715894477658
"img_1334","No conforme",1,0.946569582770852,0.130898297385084,10163,0.102775661824218,0.10278594041826
"img_1335","No conforme",1,0.947982584838867,0.134062145387752,9585,0.123715575040472,0.123727947835256
"img_1336","Conforme",1,0.937288499827665,0.12948111522715,12640,0.0431937366479654,0.0431980564536107
"img_1337","No conforme",1,0.935191912536621,0.132586362244041,12852,0.0459825156343661,0.0459871143458006
"img_1338","Conforme",1,0.9522768761848,0.116023756162265,9620,0.0435863087526341,0.0435906678194161
"img_1339","Conforme",1,0.943196231797162,0.124524208049035,11454,0.043082923614304,0.0430872323375378
"img_1340","Conforme",1,0.944132010605756,0.123836007659364,11247,0.0433782628903724,0.0433826011504874
