"anio","semestre","puntaje_final","horas_estudio","promedio_previo","genero","carrera","acceso_internet","trabaja","modalidad"
2021,"0",141.587834507185,15.0786404016509,8.86417071586378,"1","negocios","0","0","0"
2021,"0",103.770948940228,9.3667448052153,6.53309571211631,"0","datos","1","1","1"
2021,"0",118.246638863047,8.51582452234155,5.97665374091412,"1","negocios","0","0","1"
2021,"0",148.043632667616,17.578135953489,9.12620283723216,"0","negocios","0","1","1"
2021,"0",174.853494758364,15.0786404016509,10.9234926318509,"1","ingenieria","0","1","1"
2021,"0",151.228789469558,19.0046900982853,9.8546908844799,"1","ingenieria","1","1","1"
2021,"0",149.007171128793,16.4468466220934,8.26195025975779,"1","datos","1","1","1"
2021,"0",143.444287884182,14.1201746068508,8.24721761359644,"1","negocios","0","0","0"
2021,"0",152.382891838309,25.7313965736982,5.9262724763713,"1","ingenieria","1","1","0"
2021,"0",122.112062613285,12.8776284209267,7.89383222483135,"0","ingenieria","0","1","1"
2021,"0",119.696534528112,11.1240366197348,7.18231863033474,"0","negocios","0","0","0"
2021,"0",140.80214896467,13.5702064187742,7.68092281463006,"0","negocios","0","0","1"
2021,"0",131.426990931328,15.0786404016509,8.031837625307,"0","negocios","0","0","0"
2021,"0",143.607534321128,13.8118424097354,7.92462328315894,"1","negocios","0","0","0"
2021,"0",142.815402320925,17.9282999493253,9.57921036335444,"0","negocios","1","0","1"
2021,"0",139.233562717426,17.0391869130928,8.93714914415274,"0","negocios","1","1","0"
2021,"0",131.955631925171,15.0786404016509,7.36582655414495,"0","datos","1","1","1"
2021,"0",128.085807932524,9.6158908290913,6.50956334936558,"1","ciencias de la computacion","0","1","1"
2021,"0",119.560136183416,13.8874107917477,8.26195025975779,"1","negocios","1","1","1"
2021,"0",137.974687294639,17.7574130186666,8.58544890315508,"1","ciencias de la computacion","1","0","0"
2021,"0",160.871705282574,14.9937460188806,8.17353809453284,"1","negocios","1","0","1"
2021,"0",145.514801129814,12.2046996243335,7.22549752294561,"0","datos","0","0","1"
2021,"0",139.294879142148,14.4963094032378,7.70498217358028,"1","negocios","0","1","0"
2021,"0",136.192377188508,18.0432692336751,8.8992080866725,"0","datos","0","1","0"
2021,"0",137.543466607484,14.8552246060741,8.4973485846679,"1","datos","1","1","1"
2021,"0",124.63505035636,13.437119867011,7.57495768352416,"0","negocios","1","0","1"
2021,"0",129.904994527899,13.1848183841141,8.02606435374758,"1","ingenieria","1","1","1"
2021,"0",164.265976323912,18.983759621613,9.67687505379186,"1","negocios","1","1","1"
2021,"0",163.818287387901,16.7246842938318,8.78182623033734,"1","negocios","1","1","1"
2021,"0",102.77895431527,11.2760133254072,6.56354711248241,"0","datos","0","1","0"
2021,"0",149.115659351486,17.3613732944066,8.8972796990986,"0","ciencias de la computacion","0","1","1"
2021,"0",141.826796634272,11.5937202481127,6.93040106682479,"1","datos","1","0","0"
2021,"0",161.65713670566,21.9945693769259,10.6328169485514,"0","ciencias de la computacion","1","1","1"
2021,"0",149.375980330754,17.3851869674462,9.24775941831099,"0","datos","1","1","0"
2021,"0",118.231209858907,15.0786404016509,5.14658964550842,"0","negocios","1","0","1"
2021,"0",136.246697895364,17.7054880214456,9.0638040297169,"0","datos","0","0","0"
2021,"0",138.006377163222,15.6635367253852,8.34975099130023,"1","ciencias de la computacion","1","1","1"
2021,"0",131.053722961395,14.2603106686932,8.26333499689321,"1","datos","1","0","1"
2021,"0",168.274735059522,20.4308034588424,10.0476889940357,"1","ingenieria","1","0","1"
2021,"0",127.7848411242,15.803399991388,8.66859833559289,"1","ciencias de la computacion","0","0","0"
2021,"0",146.337603873611,15.1109352629994,8.38225428357018,"1","negocios","1","0","0"
2021,"0",127.919198079701,9.00062310508863,8.26195025975779,"0","negocios","1","1","1"
2021,"0",185.042230867284,24.123469664427,12.0819509186664,"1","negocios","1","1","1"
2021,"0",69.5665521245443,15.0786404016509,2.40187682040534,"0","negocios","0","1","1"
2021,"0",154.035873085857,15.0786404016509,8.95374784681904,"1","negocios","1","0","1"
2021,"0",139.199019877795,12.6181639227548,6.9411556877469,"1","ciencias de la computacion","0","0","0"
2021,"0",150.357475597023,16.1743832243568,8.42340799545934,"1","negocios","1","1","1"
2021,"0",153.701698391426,20.0930813619916,9.73896701934624,"0","datos","0","0","1"
2021,"0",114.450996422823,12.4685611872324,7.26719519021688,"0","ciencias de la computacion","1","0","0"
2021,"0",137.903626124701,12.188689501715,7.35445865736356,"0","ingenieria","0","0","0"
2021,"0",145.028903552075,15.3252286921347,8.71459040634797,"1","negocios","1","0","1"
2021,"0",196.239645486342,29.1279173512649,12.7992332353981,"0","negocios","0","0","1"
2021,"0",111.31247608215,12.1011195346251,6.91150325095828,"0","negocios","0","1","0"
2021,"0",109.558535962837,10.7454280132362,6.64798254568685,"1","negocios","0","1","0"
2021,"0",105.771725282135,8.54641982476537,6.39953952669567,"0","negocios","0","0","0"
2021,"0",108.148477491438,6.31329061943861,4.9445892233174,"0","ingenieria","0","1","0"
2021,"0",161.332844751802,15.0786404016509,12.3422007019957,"1","negocios","1","0","1"
2021,"0",136.334953598926,15.1599307361537,8.26195025975779,"1","ciencias de la computacion","0","1","1"
2021,"0",144.162195927376,15.7743044884183,8.26195025975779,"0","ingenieria","0","1","1"
2021,"0",116.142239231142,11.4244698906664,6.78290035023528,"0","ingenieria","1","0","1"
2021,"0",109.765530426581,5.66027506682851,4.47962948181389,"1","ingenieria","1","1","1"
2021,"0",110.768596514698,9.49343332212841,6.05324771797144,"1","negocios","0","1","0"
2021,"0",161.615701877548,22.6282312766273,11.37702308497,"0","negocios","0","1","1"
2021,"0",130.759347725634,10.5889253289505,6.11058847401343,"0","negocios","1","0","1"
2021,"0",143.600205008894,18.9835197403669,9.68023296123726,"1","negocios","0","1","0"
2021,"0",148.947381822474,19.4876238291506,9.83013502524651,"0","ingenieria","1","1","0"
2021,"0",150.182461522069,15.2000530768608,8.30820641035303,"1","ingenieria","1","1","1"
2021,"0",153.839901409926,21.2044254836575,10.4556506305825,"1","ciencias de la computacion","1","0","1"
2021,"0",104.385729766219,12.1071141690839,7.74504501839408,"0","ingenieria","0","1","1"
2021,"0",162.831404602792,15.0786404016509,9.28222461290973,"1","negocios","0","0","0"
2021,"0",113.093189285675,8.53367250331896,6.08041490132336,"1","negocios","1","1","1"
2021,"0",132.442497570749,12.6666870271852,6.94898916402404,"0","ciencias de la computacion","1","0","1"
2021,"0",136.208445858707,14.4313186073364,7.88943716017105,"0","negocios","0","0","1"
2021,"0",156.260897106568,19.383976862219,9.67727595611307,"1","ciencias de la computacion","1","1","0"
2021,"0",192.494323972206,46.9373971656671,8.78177130883609,"0","ingenieria","1","0","1"
2021,"0",160.339433685732,15.0786404016509,10.5754542079442,"1","ingenieria","0","1","1"
2021,"0",145.083831478251,19.084538959231,9.25414453160588,"0","datos","1","1","1"
2021,"0",152.997034444498,14.2345920119236,8.35447599929515,"0","datos","0","1","0"
2021,"0",143.060110698941,17.1135565368335,9.55904621825582,"0","negocios","1","1","1"
2021,"0",158.177181324394,24.2650283364207,11.4937234221488,"1","negocios","1","1","0"
2021,"0",117.678844131766,7.50753979567828,5.43775477266076,"0","datos","1","1","1"
2021,"0",155.101146582553,18.4617397060204,9.6228317606679,"1","datos","1","0","1"
2021,"0",153.355979383739,12.6784417482219,8.10811766603387,"0","ingenieria","1","0","1"
2021,"0",105.632734723622,6.73349116784705,5.14546595275055,"1","negocios","0","0","1"
2021,"0",107.876752558102,6.78030216150262,5.49817310082073,"0","ciencias de la computacion","0","1","1"
2021,"0",127.695716463223,8.60501309777544,6.04143729442229,"1","ciencias de la computacion","0","0","1"
2021,"0",99.7415366501118,11.5313960626416,6.70767569672999,"1","ingenieria","0","0","0"
2021,"0",152.950547698298,17.4830293288249,9.1696904965973,"1","ciencias de la computacion","0","0","1"
2021,"0",128.361168864834,12.3482462441224,7.13232159729519,"1","ciencias de la computacion","1","1","1"
2021,"0",178.258675107819,23.1281172926261,11.0421045956893,"1","ingenieria","1","1","1"
2021,"0",170.765361621018,51.1098182887534,8.78556581096141,"1","negocios","0","1","0"
2021,"1",136.421403879668,14.3531903445217,8.18814622529111,"1","negocios","1","0","0"
2021,"1",114.566929633186,11.5788229921855,6.65621500138588,"0","negocios","0","1","0"
2021,"1",141.566960268925,11.1145494361993,7.04603796043804,"0","ciencias de la computacion","0","1","0"
2021,"1",141.009655240444,20.7094976256874,11.0086798237927,"0","negocios","1","1","0"
2021,"1",173.731128619568,20.6351574597911,10.3078206708287,"1","datos","0","1","1"
2021,"1",124.749848417521,12.7329780014818,7.86606988933339,"1","datos","0","0","1"
2021,"1",160.08915146387,17.8008973341224,8.99537217180624,"0","negocios","0","1","1"
2021,"1",183.300520582002,25.9956907270401,12.1448317361327,"0","negocios","0","0","1"
2021,"1",129.464774046598,13.4374972136388,7.30665324307821,"1","ingenieria","1","0","0"
2021,"1",117.20821627492,15.0786404016509,7.87624776463471,"1","datos","1","0","0"
2021,"1",98.9361565925295,4.4724920244412,4.61574595620862,"0","ingenieria","0","1","1"
2021,"1",119.517616632459,15.0786404016509,8.34970252400321,"1","ingenieria","0","0","1"
2021,"1",118.317153502862,11.9682748206951,8.26195025975779,"0","negocios","1","1","1"
2021,"1",140.769558097485,21.1533455100259,9.96002166763761,"0","ciencias de la computacion","1","1","0"
2021,"1",113.564283552517,12.2607992940692,7.50419213143559,"1","negocios","0","1","0"
2021,"1",157.367504114123,15.0786404016509,10.6552703543062,"1","ingenieria","1","1","0"
2021,"1",156.603354044439,20.438435609286,10.0147617260875,"1","negocios","0","0","1"
2021,"1",113.798238420945,12.0142025893068,6.84899074043035,"1","negocios","0","1","0"
2021,"1",139.829336530648,15.0786404016509,8.26195025975779,"0","datos","1","1","0"
2021,"1",161.657243668493,23.1165275712017,11.4057342749012,"1","negocios","1","1","0"
2021,"1",149.33502609966,18.9146192831384,9.49414924655615,"0","negocios","0","0","0"
2021,"1",165.300440498734,24.3781714423566,11.2078719678515,"1","negocios","0","1","0"
2021,"1",175.108154177355,21.2225111386007,10.4592886460459,"1","ingenieria","0","0","1"
2021,"1",145.992000260365,16.1706616532847,8.7285708241128,"1","negocios","0","1","1"
2021,"1",108.73665039133,4.25861950964934,5.07114724151584,"0","datos","1","1","0"
2021,"1",111.397126548356,9.33827710725475,5.67638084959759,"1","negocios","0","0","1"
2021,"1",120.93546237499,11.8355218864161,8.26195025975779,"0","ingenieria","0","1","1"
2021,"1",134.229772936716,10.2003239522926,6.88658193808024,"0","negocios","1","1","1"
2021,"1",162.914495863282,15.0786404016509,10.7921680583157,"1","datos","1","0","0"
2021,"1",150.154116267556,19.342151324762,9.22805398149097,"1","negocios","0","0","1"
2021,"1",125.994454972983,12.6173785681574,6.97766734712568,"0","ciencias de la computacion","1","1","1"
2021,"1",161.214099336045,17.7985718492994,9.1019893346679,"0","ciencias de la computacion","0","1","1"
2021,"1",144.059279890946,19.3945825392614,9.77017673186528,"1","negocios","0","0","0"
2021,"1",152.994750636826,18.8997078674539,9.66188598943775,"0","ingenieria","0","0","1"
2021,"1",136.066429663037,15.4372478166382,8.86057259246937,"1","negocios","0","0","1"
2021,"1",151.398420234923,16.3208739605261,8.69450373796922,"0","negocios","1","0","1"
2021,"1",194.943756493728,26.6502450226381,11.9190269123369,"0","ciencias de la computacion","0","1","1"
2021,"1",164.450607517899,15.0786404016509,8.98507176207541,"1","datos","0","0","1"
2021,"1",128.907537186148,10.3177733351152,6.22347177192175,"1","ciencias de la computacion","1","0","1"
2021,"1",151.831756821591,23.7745349854534,8.26195025975779,"0","ingenieria","0","1","0"
2021,"1",145.912462415518,15.0786404016509,7.55798520414919,"0","ingenieria","0","0","1"
2021,"1",123.477000397011,7.91878866825115,8.26195025975779,"1","datos","1","0","1"
2021,"1",154.082376182451,16.4138482927161,8.2065606191612,"0","negocios","0","1","0"
2021,"1",142.687028267305,20.7501532025526,10.5476665785164,"1","negocios","1","1","0"
2021,"1",127.713408078467,15.0786404016509,8.48727124358946,"1","ingenieria","0","0","0"
2021,"1",143.826955459674,16.3079038928023,8.57499667093859,"0","ingenieria","1","1","1"
2021,"1",129.370026507051,12.9968633295972,7.61811233192327,"0","negocios","1","1","1"
2021,"1",139.530350324286,15.9743617260175,8.46850209015081,"0","datos","1","0","0"
2021,"1",120.767316250423,13.229072051629,7.10352371615856,"0","ingenieria","0","0","0"
2021,"1",145.526564653194,16.2326620526735,9.15294396375038,"0","negocios","1","0","1"
2021,"1",128.598690555063,17.3267557900201,8.96934724082088,"0","negocios","0","0","0"
2021,"1",153.938518532241,18.8482070719296,9.7268721769634,"1","ciencias de la computacion","1","1","0"
2021,"1",154.477419367322,13.5137365322355,7.52862377946067,"1","ingenieria","1","1","1"
2021,"1",136.828938569683,14.2641386987284,8.26195025975779,"1","datos","0","0","1"
2021,"1",115.487326870873,10.3035189740519,6.22813402597041,"1","negocios","0","0","1"
2021,"1",144.993396580662,16.7665392321832,9.30522068698824,"0","ingenieria","0","0","0"
2021,"1",122.512585925599,12.4206851467625,7.26217382384825,"0","datos","1","1","1"
2021,"1",128.438002923686,13.0093278915608,7.51580975779404,"0","datos","1","0","1"
2021,"1",124.884319867116,15.7157381203016,8.32223286305395,"1","negocios","1","1","0"
2021,"1",100.282350659344,5.9608972282814,4.78458500380771,"1","negocios","0","0","1"
2021,"1",175.714567833687,15.0786404016509,10.416931097067,"0","ciencias de la computacion","1","1","1"
2021,"1",105.850833805393,9.24539448143975,6.13896526543345,"0","negocios","0","1","0"
2021,"1",154.60551962096,18.8012124186306,9.77760861272589,"0","ingenieria","0","1","0"
2021,"1",109.673033089136,12.922218234738,7.43921704491093,"0","ingenieria","0","0","0"
2021,"1",176.679759854427,21.6635524497844,10.4504328909149,"1","datos","0","0","1"
2021,"1",133.312712661749,17.4114229161816,9.19103823863812,"1","negocios","1","0","0"
2021,"1",127.329083755745,14.8690371559708,7.65805890540133,"1","negocios","0","0","1"
2021,"1",140.976111579835,14.7865583650923,8.75089226429743,"0","ciencias de la computacion","0","1","1"
2021,"1",129.215173453252,13.7860812574758,7.71563666404043,"1","ciencias de la computacion","0","1","1"
2021,"1",170.709023290152,25.4614161200489,11.6671964950656,"0","ingenieria","0","1","0"
2021,"1",203.246584073928,67.8839318910638,10.6819055995423,"0","ingenieria","0","0","1"
2021,"1",155.186090098654,14.7227527724651,7.82628224997408,"1","datos","0","0","1"
2021,"1",137.457506283881,12.8395142356449,7.65517429616245,"0","negocios","0","1","1"
2021,"1",139.868061219347,12.4774341587816,7.18763086606719,"1","negocios","1","1","1"
2021,"1",128.246840704837,9.17706697004008,6.27748927011647,"1","negocios","1","1","1"
2021,"1",138.005233452418,13.7827448624668,7.73248532038711,"1","negocios","0","0","1"
2021,"1",144.546440712024,15.126007161094,8.02849440025639,"0","negocios","0","1","1"
2021,"1",123.698456012897,15.8903742047015,8.93106317104287,"0","ingenieria","0","0","1"
2021,"1",114.500746300599,4.71067908651251,4.91907331538471,"0","negocios","0","0","1"
2021,"1",185.407343789636,49.6142563003559,8.59977867961891,"1","datos","0","1","0"
2021,"1",121.715549405399,14.4995664710802,8.02718624131407,"1","ciencias de la computacion","1","1","1"
2021,"1",108.194974702541,8.06515989636708,5.95994045941368,"0","negocios","1","1","1"
2021,"1",124.366168609775,10.4845483519972,6.1625086573198,"1","ciencias de la computacion","0","0","0"
2021,"1",157.39386224161,15.1387463603257,8.22758280748569,"0","negocios","1","0","1"
2021,"1",135.768510907725,16.4851148197266,8.96413297428418,"0","negocios","0","1","1"
2021,"1",153.817432962878,28.0873710570723,6.2631202207469,"0","negocios","1","1","1"
2021,"1",110.782461572451,9.27695381107139,5.68589212917,"1","negocios","1","0","1"
2021,"1",171.257580474796,20.0216735830621,10.4019859242037,"0","ingenieria","1","1","1"
2021,"1",133.792955786183,13.5715646507368,7.75200941050104,"1","ingenieria","1","0","1"
2021,"1",165.527394990606,20.8095544712761,10.044005245802,"0","ingenieria","1","1","1"
2021,"1",158.114457158703,19.5116151046303,9.34328971616156,"1","datos","0","0","1"
2021,"1",150.066020390409,14.7123398914614,8.37886447828653,"0","negocios","0","0","0"
2021,"1",91.726873139855,7.38650165085622,5.64809776269751,"0","negocios","1","0","0"
2021,"1",136.513290117171,15.6370273192266,8.47663083177824,"1","negocios","1","1","0"
2021,"1",129.271039007125,13.4805549294647,8.02270073944589,"0","negocios","0","1","0"
2021,"1",144.524522930189,14.805119695716,8.49739763749139,"1","ciencias de la computacion","1","0","0"
2021,"1",155.561666450981,15.0786404016509,9.4589846255058,"0","datos","0","0","1"
2021,"1",115.323641925485,12.3762236873752,7.4281806145498,"0","datos","0","1","0"
2022,"0",131.712799170149,15.5311310874085,8.94227655803625,"1","ingenieria","0","0","0"
2022,"0",140.062081629611,15.0786404016509,8.74492163266992,"0","ciencias de la computacion","0","0","0"
2022,"0",138.476361724377,17.8567327492795,8.81769590807214,"0","ciencias de la computacion","0","0","0"
2022,"0",162.377979284416,22.5168563711949,8.26195025975779,"1","datos","1","1","0"
2022,"0",153.256777948173,15.0786404016509,9.49369581129212,"1","ingenieria","1","1","1"
2022,"0",132.513592428687,12.8728439905393,8.26195025975779,"0","negocios","1","1","1"
2022,"0",143.974616246605,15.0786404016509,8.97244601241361,"0","datos","1","0","1"
2022,"0",116.736042191437,10.2294125340514,6.0625030150183,"0","negocios","1","1","0"
2022,"0",130.031918059667,13.6234850045101,7.57004155964006,"1","negocios","0","1","0"
2022,"0",139.570694352281,18.7642882231388,9.28455864133963,"0","negocios","1","0","0"
2022,"0",148.058834831734,13.2819670776579,7.67418243022851,"1","datos","1","0","1"
2022,"0",130.286018513234,15.0786404016509,8.51376169903866,"1","ingenieria","0","0","1"
2022,"0",174.458914828164,21.3756268369693,10.533737624759,"0","negocios","1","1","1"
2022,"0",172.596628299454,40.0586213714715,8.26195025975779,"1","ingenieria","0","0","1"
2022,"0",155.264081534603,15.0786404016509,11.3896650802644,"1","ingenieria","0","0","0"
2022,"0",153.445505779468,22.5165365702091,10.7484878723383,"1","negocios","1","1","1"
2022,"0",136.931838971397,16.5506170158958,8.78968232095294,"1","negocios","1","0","1"
2022,"0",135.447300753998,14.4121265101513,8.07808609869302,"1","negocios","0","0","1"
2022,"0",129.584283430635,12.5514159461577,8.26195025975779,"0","ciencias de la computacion","1","0","1"
2022,"0",131.287331256307,14.4510505509998,8.40360656728465,"0","datos","0","1","0"
2022,"0",165.143914989401,22.1205972110374,10.7363585897359,"1","negocios","0","0","1"
2022,"0",180.366463573096,25.1071609145694,11.7328544417592,"0","ingenieria","0","0","0"
2022,"0",141.414886054654,13.6197088318356,8.24407434619808,"1","negocios","1","1","1"
2022,"0",116.19285521154,11.0878085031033,7.18800218121314,"1","ciencias de la computacion","1","1","0"
2022,"0",142.432031702949,15.8203206914618,8.48204108063142,"0","datos","0","0","0"
2022,"0",168.854123315129,17.9599594907822,9.29165387754148,"1","negocios","0","0","1"
2022,"0",95.9269765799179,8.07806998543844,5.27051420534303,"0","negocios","1","1","1"
2022,"0",104.460211622258,9.18535167969086,6.0743420712529,"1","datos","0","1","1"
2022,"0",122.326042878978,14.3937739871536,7.97333638285954,"1","negocios","0","1","1"
2022,"0",142.880795314158,19.6615040467522,10.3899239907349,"1","ciencias de la computacion","0","1","0"
2022,"0",159.829779980428,17.407621376967,9.16643031313617,"0","ingenieria","1","0","1"
2022,"0",154.178097118713,17.0687654434377,8.80288905345092,"1","negocios","1","1","1"
2022,"0",148.877099799679,16.9189204529238,8.53579493077572,"0","negocios","1","0","1"
2022,"0",142.674726307749,15.0786404016509,7.59731065740797,"1","negocios","0","1","1"
2022,"0",160.401161958349,24.1543263187732,11.2503175459385,"0","ingenieria","0","0","1"
2022,"0",159.184811776225,15.0786404016509,9.73954076214384,"1","negocios","1","0","1"
2022,"0",174.842065497867,25.116993236449,11.7563591346156,"1","ciencias de la computacion","1","0","0"
2022,"0",145.257315514345,15.0786404016509,8.24756222118136,"0","ingenieria","0","1","1"
2022,"0",135.725276767115,16.9202605065407,9.35591982729792,"0","ingenieria","0","0","0"
2022,"0",147.327464044062,15.5001978820766,8.2191107520469,"0","ciencias de la computacion","0","1","1"
2022,"0",113.827039318027,8.35791438857965,5.82766148875671,"0","ciencias de la computacion","1","0","0"
2022,"0",131.619226999408,12.4236298330859,7.1564819058417,"0","negocios","1","0","1"
2022,"0",178.176552477204,27.2623231958575,12.3718549802101,"1","negocios","0","1","0"
2022,"0",142.725549756039,19.4144864462137,9.58672442218545,"1","negocios","1","0","1"
2022,"0",120.050885750113,10.8346411412939,6.8372530835725,"1","negocios","1","0","0"
2022,"0",135.31376720442,17.319613202005,9.39068997291044,"0","negocios","0","1","0"
2022,"0",139.962451459974,14.8412155180412,8.51122568826416,"1","datos","0","0","1"
2022,"0",129.812080023358,5.33720811993675,4.64948951735659,"0","datos","1","1","1"
2022,"0",91.7551256363629,4.30007078552821,4.34174519369714,"0","ingenieria","1","0","1"
2022,"0",148.435308745785,17.2797487145131,9.09529195716091,"0","negocios","1","1","0"
2022,"0",193.591635417803,21.9808742417548,10.699131992287,"1","ciencias de la computacion","1","0","1"
2022,"0",194.121682026901,23.4245705399696,11.3340588574962,"0","datos","0","1","1"
2022,"0",143.090482497373,23.1614963993786,10.7552444774173,"0","negocios","1","1","0"
2022,"0",118.12524119671,9.98180225314452,5.90426072120055,"1","datos","0","0","1"
2022,"0",116.290569448465,13.7159581628108,7.83687085776473,"1","datos","1","0","1"
2022,"0",125.851674148867,12.0416270982653,7.29829182932874,"0","ingenieria","1","1","0"
2022,"0",134.521130564408,15.1640139740579,8.59114430946324,"1","negocios","0","1","0"
2022,"0",135.388496117784,16.4192302855122,8.54951048857485,"0","ingenieria","1","1","1"
2022,"0",175.478222755387,22.1034240132459,11.0334909405448,"1","ciencias de la computacion","0","1","1"
2022,"0",88.3472647329287,8.01722659118919,5.90086177016607,"0","negocios","1","1","0"
2022,"0",161.322336628246,15.0786404016509,10.8420772516835,"0","datos","0","0","0"
2022,"0",135.452831480714,13.8420558193173,8.02463706499583,"0","negocios","0","1","1"
2022,"0",167.421701986239,21.1915385981823,10.3553319463451,"1","datos","0","0","1"
2022,"0",132.498917765445,14.1418350433477,7.86259430309621,"1","ingenieria","1","1","0"
2022,"0",125.929866749485,11.0655817514489,6.64645143717184,"1","ingenieria","0","1","0"
2022,"0",149.745371944926,19.9083574930587,9.72455323798538,"1","negocios","1","1","1"
2022,"0",120.340156295764,10.4375011185261,6.46063775369644,"0","ingenieria","1","1","0"
2022,"0",147.345051751522,15.0786404016509,8.13668837124936,"1","datos","1","0","1"
2022,"0",132.198607832755,12.4999249619542,7.00740930977337,"1","datos","0","1","0"
2022,"0",150.117645332011,18.0334380787941,10.0000675895808,"1","negocios","0","1","1"
2022,"0",124.507774872239,13.3365149618786,8.26195025975779,"1","negocios","1","0","1"
2022,"0",134.955624619817,18.1520113843051,5.23164440996504,"1","negocios","1","1","1"
2022,"0",158.401671148242,12.5779747234471,6.87415333785608,"1","negocios","1","0","1"
2022,"0",138.840749471459,11.0466322318673,7.03220009868837,"1","negocios","1","1","0"
2022,"0",167.096132940908,29.0971315599586,6.63802298887726,"1","ciencias de la computacion","1","0","0"
2022,"0",130.475928052343,14.2417842270262,7.77210118090586,"1","negocios","1","1","1"
2022,"0",151.655443712078,21.3437771383484,10.2563084040525,"0","ingenieria","1","1","1"
2022,"0",90.5742257723033,5.95718414918577,4.76065155313004,"0","negocios","0","1","0"
2022,"0",147.480801351501,16.8297070501948,8.97739459877521,"1","ingenieria","1","0","0"
2022,"0",168.326782811915,20.4819205324147,10.5482477266329,"1","negocios","1","1","1"
2022,"0",187.716323651863,24.7171305610679,11.7956476982061,"1","ciencias de la computacion","1","1","0"
2022,"0",144.363470173714,15.0935693869951,8.26056552262237,"1","negocios","1","0","1"
2022,"0",163.397821109392,19.923217898138,9.91909809130415,"1","negocios","1","0","1"
2022,"0",140.733162305959,11.9860203249343,6.78740261440011,"1","datos","1","1","1"
2022,"0",143.29971044037,19.3934882686516,9.69111455829032,"1","datos","1","1","0"
2022,"0",182.617813403737,18.7073488344661,9.76555358001685,"0","negocios","0","1","1"
2022,"0",160.200566626708,19.2588327903573,9.55213464616355,"1","negocios","0","0","0"
2022,"0",134.591657676279,18.0855047053858,9.33606434003814,"1","ciencias de la computacion","0","1","0"
2022,"0",150.559187085657,18.8239074028081,9.46683540383156,"1","negocios","0","1","0"
2022,"0",124.908309521708,12.0470787624134,7.36268642173757,"1","negocios","1","1","1"
2022,"0",190.73231955481,44.8414183133638,8.49621009703642,"0","negocios","0","1","1"
2022,"0",151.393707134882,18.8340907071101,9.70451657160677,"0","ciencias de la computacion","1","1","1"
2022,"0",128.609803963962,15.0786404016509,7.38279828629839,"1","negocios","1","1","0"
2022,"0",147.875082904609,19.2390527469208,9.65079567515992,"1","ingenieria","1","0","1"
2022,"0",132.971636267928,12.9818606031234,7.40050045391116,"1","negocios","0","1","0"
2022,"0",128.078561324365,13.4652704638456,7.36385381787719,"0","ingenieria","1","1","1"
2022,"0",147.593856312256,14.2094875311882,8.26527365110901,"0","ingenieria","1","0","1"
2022,"0",147.78022495029,17.9176610519463,9.16602362077061,"0","ingenieria","0","0","1"
2022,"0",143.050931040606,15.7053563958722,8.68200017104638,"1","negocios","1","1","1"
2022,"0",114.6633695468,15.0786404016509,6.86538884910413,"0","negocios","0","1","0"
2022,"0",118.313509151229,12.1002998510724,7.48775538049829,"0","datos","0","0","0"
2022,"0",113.100520404134,9.11190546912617,6.27250468568295,"1","ciencias de la computacion","0","0","1"
2022,"0",117.81001352042,12.2785010449735,7.42284934242452,"1","negocios","0","0","1"
2022,"0",115.510543533519,7.81356567566165,5.71983174010755,"0","negocios","0","0","1"
2022,"0",150.021920593104,19.8539946808661,9.85699546847921,"1","ciencias de la computacion","1","1","0"
2022,"0",139.380218529745,17.7105385800045,9.0379617113309,"0","negocios","1","0","0"
2022,"0",112.806242617593,10.2646978023883,5.98631242882245,"0","ciencias de la computacion","1","0","1"
2022,"0",131.026100480629,14.4402473452514,8.26195025975779,"0","ciencias de la computacion","1","0","0"
2022,"0",170.221431539081,12.4185463063194,7.56056302680024,"1","negocios","0","1","1"
2022,"0",173.152855098287,22.7762053124083,11.006557352735,"1","negocios","1","1","1"
2022,"0",133.9531659693,12.4231373477438,8.26195025975779,"1","datos","0","0","1"
2022,"0",107.275665220619,10.2796667321352,6.34339382359804,"0","negocios","0","0","1"
2022,"0",93.7263336917758,5.06161409334524,4.83470912235344,"1","ciencias de la computacion","0","1","0"
2022,"0",107.259940231631,15.0786404016509,5.76860014793345,"1","ingenieria","0","0","0"
2022,"0",158.283740225397,18.5892590733663,9.54974589684093,"1","ciencias de la computacion","0","1","1"
2022,"0",149.668982627223,15.0586094246283,8.2046406830849,"1","negocios","0","1","1"
2022,"0",121.355093375114,16.5918977021768,8.26195025975779,"1","ingenieria","0","0","0"
2022,"0",116.937628205231,12.4279496553891,7.76798871865878,"1","negocios","0","0","0"
2022,"0",155.765441578213,16.5354443026935,8.58179002833302,"1","negocios","0","1","0"
2022,"0",155.551667243132,20.1790326069317,10.1099669344779,"0","negocios","1","0","1"
2022,"0",123.593918264109,11.7917906099347,7.41390770771705,"0","datos","1","0","0"
2022,"0",140.185216331659,13.723484049949,7.5005659573767,"0","negocios","0","0","1"
2022,"0",128.285794616716,12.5662109947879,7.1876801284439,"1","negocios","1","1","1"
2022,"0",136.255694978821,11.1180726923969,7.32772257791818,"0","ingenieria","0","0","1"
2022,"0",167.660751454802,23.9783468336485,11.3276819505823,"0","negocios","1","1","0"
2022,"0",131.371477113316,13.6135374958247,7.89183640196121,"1","negocios","1","1","1"
2022,"0",138.869739300927,21.4562462979191,10.1642406620826,"1","ingenieria","1","1","0"
2022,"0",140.178982729924,17.0338499975817,8.69774309607011,"0","negocios","1","1","0"
2022,"0",104.615634682636,5.10515660217497,4.74545571393114,"0","ingenieria","0","0","0"
2022,"1",153.775375635726,20.1147895274474,9.54855194903556,"1","datos","1","1","0"
2022,"1",176.30316624703,18.5836909704323,8.78964148983315,"0","negocios","1","1","1"
2022,"1",161.446548998321,17.7243459995462,9.61017683625025,"0","ciencias de la computacion","0","0","0"
2022,"1",192.827326481672,25.1144002101502,11.8218303011102,"1","datos","1","0","0"
2022,"1",131.508112472266,16.626429267888,8.9295847611567,"0","negocios","1","0","0"
2022,"1",146.844018932806,16.2530331235491,8.41770578563214,"0","datos","0","0","1"
2022,"1",143.842525033177,17.3062490085118,8.26195025975779,"1","negocios","1","1","1"
2022,"1",160.555972853237,20.3592646740597,10.1539588985019,"1","negocios","0","1","1"
2022,"1",157.722775788883,20.4480342047703,9.90217145283052,"1","ingenieria","1","0","0"
2022,"1",164.248113423392,13.6085063615188,7.74662785968037,"0","ciencias de la computacion","0","0","1"
2022,"1",165.431951616932,23.2200486132363,11.1384514162237,"1","ingenieria","0","1","1"
2022,"1",129.793025127713,11.6146846279314,7.06547903778035,"1","datos","0","1","1"
2022,"1",139.04519027113,15.3991508032645,8.50416640968386,"1","ingenieria","1","1","0"
2022,"1",117.039265315059,8.27735057787264,5.84984342811577,"1","negocios","0","1","1"
2022,"1",163.487005844392,37.5323038323248,6.69008316233454,"1","ingenieria","1","1","1"
2022,"1",124.374374331369,15.0786404016509,7.44512961663606,"1","negocios","0","1","0"
2022,"1",137.694574257523,11.7264821874682,7.44353409508365,"0","datos","1","0","1"
2022,"1",113.326100333351,12.7362573879798,7.14130376605319,"0","ingenieria","1","1","1"
2022,"1",164.962111842831,19.4746038338311,9.66171640565048,"1","ingenieria","1","1","1"
2022,"1",121.800418549413,9.19972751722017,6.08644538494617,"0","ingenieria","0","1","0"
2022,"1",116.153307310389,12.1917154448253,8.26195025975779,"0","negocios","1","1","0"
2022,"1",163.607511762083,18.460179848352,9.08451034009056,"0","negocios","0","1","1"
2022,"1",102.553585447781,6.43861503326442,5.19638891747495,"1","ciencias de la computacion","1","0","0"
2022,"1",160.381026319285,18.7950898014779,9.7681042280487,"0","negocios","1","1","1"
2022,"1",137.313895726175,12.584877131557,7.58902669495163,"0","ingenieria","0","0","1"
2022,"1",171.076274158167,19.2926919059473,10.2247817785787,"0","negocios","1","1","1"
2022,"1",101.224408543259,9.08814896614643,6.07015417482011,"1","ciencias de la computacion","0","1","0"
2022,"1",139.255157840879,15.0786404016509,7.12563877598043,"0","ciencias de la computacion","0","0","0"
2022,"1",148.6670585143,14.7611845098841,8.16103001492672,"1","negocios","1","0","0"
2022,"1",116.97668035638,13.6281768856778,7.63387014515178,"0","datos","1","0","0"
2022,"1",120.812234807364,10.3875878882807,6.60543666611714,"0","negocios","1","1","1"
2022,"1",144.544693472833,16.9799433767351,8.5306832725127,"1","ingenieria","1","1","0"
2022,"1",146.437208270708,17.6986920007783,9.37705763270339,"0","datos","0","1","1"
2022,"1",167.995731281159,22.0957985444116,10.8265562874176,"0","ingenieria","0","0","1"
2022,"1",169.004751661756,20.5088018655445,9.92894865342582,"1","ciencias de la computacion","1","0","1"
2022,"1",140.430302474078,11.5766910199709,6.75508551943085,"0","ingenieria","0","0","1"
2022,"1",131.361539064201,14.5952132055632,8.18814633790772,"1","ciencias de la computacion","0","0","0"
2022,"1",160.110965439542,20.4394974165917,9.98838183444435,"1","ciencias de la computacion","1","1","0"
2022,"1",116.391227980836,8.84961500661282,8.26195025975779,"0","negocios","1","1","0"
2022,"1",143.496956918897,22.069191609737,5.46426094879148,"1","ciencias de la computacion","1","0","1"
2022,"1",144.492655557934,17.0223016204048,8.81466704767673,"0","ingenieria","1","0","1"
2022,"1",149.701293639214,10.9889891978267,7.15113048879015,"1","datos","0","0","1"
2022,"1",158.1450884204,17.4555957442243,8.94877639059593,"0","ciencias de la computacion","0","0","1"
2022,"1",177.391854587275,27.430551040136,12.5625317901534,"0","negocios","1","0","0"
2022,"1",152.642511508025,19.9008763428538,9.56425173211153,"1","negocios","0","1","1"
2022,"1",151.287470815134,15.0786404016509,9.7011755365606,"1","ciencias de la computacion","0","0","1"
2022,"1",120.105955802911,13.6544924316287,7.82976264718436,"0","ciencias de la computacion","1","0","0"
2022,"1",155.640868964082,23.0882722387911,10.5316792341057,"1","ingenieria","1","0","0"
2022,"1",99.2688613772729,8.42542875205079,5.82156348359092,"0","ciencias de la computacion","0","0","0"
2022,"1",159.407897465106,20.2816272722779,10.4844208750178,"0","ingenieria","0","1","0"
2022,"1",166.61538200042,20.9025671530267,10.5889020697349,"0","ciencias de la computacion","1","0","1"
2022,"1",111.128823072722,7.7987738278891,5.87095480574351,"1","datos","0","0","0"
2022,"1",131.22650313125,15.0786404016509,6.70376905004364,"0","negocios","1","0","0"
2022,"1",129.658492082467,8.87603564085306,6.12628437761936,"0","ciencias de la computacion","1","1","1"
2022,"1",152.615531313216,17.4420922675611,9.17030418798964,"1","negocios","0","1","1"
2022,"1",143.59331277434,19.5392499008956,9.50017518862903,"1","negocios","1","1","0"
2022,"1",124.697839345059,11.3764389473535,7.43116017428792,"0","ingenieria","0","0","0"
2022,"1",162.524132945092,21.1297571439377,10.6164739713326,"0","datos","1","1","0"
2022,"1",136.787072295052,11.4869162563477,6.82594719159347,"0","negocios","1","1","1"
2022,"1",97.7067433891643,6.65664702259765,5.23591042459644,"1","ingenieria","1","1","0"
2022,"1",131.699774108407,10.4523904649996,6.69644969701971,"0","ciencias de la computacion","0","1","1"
2022,"1",155.172150275882,19.7417815945465,9.73630463395223,"1","ingenieria","1","0","1"
2022,"1",125.174565319827,15.571573146357,7.85363109044878,"1","negocios","1","1","0"
2022,"1",134.634776586759,15.2233691641333,8.22311569959582,"0","ingenieria","0","1","1"
2022,"1",188.01087886874,52.3316810839846,9.20307232326495,"1","negocios","1","1","1"
2022,"1",104.181673882464,11.5419835606688,6.84972106547773,"1","ingenieria","0","0","1"
2022,"1",150.073987058363,20.4815562103922,9.82000029465024,"0","datos","0","0","1"
2022,"1",134.022463075515,12.0124103869657,7.30666942398089,"1","negocios","0","1","1"
2022,"1",117.952368780161,12.6039082107948,8.26195025975779,"1","negocios","1","1","0"
2022,"1",133.931789476542,10.341315040638,6.07104721423175,"1","negocios","0","1","1"
2022,"1",122.045378130951,12.3899925917597,7.18074618364491,"0","negocios","1","0","1"
2022,"1",140.794307823942,20.4840785690974,9.52204565825144,"0","negocios","0","1","0"
2022,"1",150.742397264079,19.4423020258068,9.93015263217869,"1","negocios","1","1","0"
2022,"1",123.034209629937,14.5207206384351,7.43670841529049,"0","ciencias de la computacion","0","1","0"
2022,"1",124.07121891597,11.5091602736606,8.26195025975779,"0","negocios","1","1","0"
2022,"1",146.925433305263,14.6055362111522,8.23958530170643,"0","negocios","1","0","1"
2022,"1",115.762534050376,10.174155277315,6.52858902012322,"0","negocios","0","1","0"
2022,"1",152.033298666926,13.3294798574327,7.95487761707591,"1","negocios","0","0","1"
2022,"1",124.414011684818,11.4617467451929,7.3716963430743,"1","negocios","1","0","1"
2022,"1",149.864100298109,14.0163175570162,8.0857708040379,"0","negocios","1","1","1"
2022,"1",139.667239004526,12.6649237095631,7.69789111232507,"1","negocios","1","1","0"
2022,"1",123.903413991937,13.9474705666959,7.63670240507512,"1","negocios","0","1","1"
2022,"1",149.228726506681,17.5999919840781,9.48945543682841,"1","negocios","1","1","0"
2022,"1",138.147498971681,15.0786404016509,8.69722890802538,"1","ciencias de la computacion","0","0","1"
2022,"1",127.479530038265,12.7879375353082,7.75885045387826,"0","negocios","0","0","1"
2022,"1",140.675280396844,15.0786404016509,9.48786406439387,"0","negocios","1","1","0"
2022,"1",91.0978342338952,5.44592980905064,5.35164184317875,"1","ciencias de la computacion","0","1","0"
2022,"1",142.343687047164,21.486085927285,8.26195025975779,"1","negocios","0","1","1"
2022,"1",165.169458519695,15.0786404016509,10.4448524034755,"1","datos","1","1","1"
2022,"1",139.660132648795,18.6336487324404,9.65354886372758,"0","negocios","0","0","0"
2022,"1",134.647563321756,15.0786404016509,9.14832647271815,"0","negocios","0","1","0"
2022,"1",111.183708054315,10.425938181075,6.26397966213176,"0","ingenieria","0","1","0"
2022,"1",106.796634126715,7.4901004517144,6.14615186752926,"0","negocios","0","1","0"
2022,"1",155.742757723533,20.0470143619937,9.91375658420928,"0","negocios","1","0","1"
2022,"1",148.213427428956,15.0786404016509,8.42026316514321,"0","negocios","1","0","1"
2022,"1",171.268281553586,23.7603584396822,10.7682247847505,"0","ingenieria","0","1","0"
2022,"1",108.25764369525,11.371973274179,6.89954140201703,"0","negocios","0","0","1"
2022,"1",116.335778692052,9.64703491242095,8.26195025975779,"1","datos","1","0","0"
2022,"1",134.431738444713,11.3434387829908,7.27715336512301,"1","negocios","0","1","1"
2022,"1",141.857169365184,14.1505549987694,7.80890161861953,"0","negocios","1","1","1"
2022,"1",115.541871326266,8.84342581346299,6.38891805124867,"0","ciencias de la computacion","0","0","1"
2022,"1",183.144910984846,25.1395543134918,8.26195025975779,"0","negocios","1","0","0"
2022,"1",121.911061577756,7.52625149655737,5.31454104119681,"1","datos","0","1","1"
2022,"1",104.019463535835,7.13525419335026,6.0354247301424,"1","negocios","0","1","0"
2022,"1",132.579277144091,13.4989385884545,7.26250399063574,"0","ingenieria","1","1","1"
2022,"1",128.346288029737,11.178132557091,6.43097158603424,"0","ingenieria","1","1","1"
2022,"1",124.949128877857,9.41921439119248,7.03626283478772,"0","ciencias de la computacion","1","1","1"
2022,"1",175.206817304483,27.9327323004759,12.4493829808375,"0","ciencias de la computacion","1","0","1"
2022,"1",149.415505300259,30.8667215600029,6.48943492378086,"0","datos","0","0","0"
2022,"1",173.063372374954,15.0786404016509,10.1635265187034,"0","negocios","1","1","1"
2022,"1",168.041085484768,22.1358299097834,10.6670985254535,"0","ciencias de la computacion","1","1","1"
2022,"1",140.989641835068,12.6062894433487,7.32147401825275,"0","ciencias de la computacion","0","0","1"
2022,"1",165.485450178658,18.2098050800718,9.60011880185525,"0","negocios","0","1","1"
2022,"1",105.722066471566,6.49475782569651,5.28328192112749,"0","negocios","0","1","1"
2022,"1",132.27897541024,12.9806693442811,7.53954135496207,"0","datos","0","0","0"
2022,"1",123.722128906757,12.2387038554148,7.25468603279945,"1","ingenieria","0","1","1"
2022,"1",145.857010709054,15.0786404016509,9.1082788915749,"0","ingenieria","1","0","0"
2022,"1",167.876463869947,22.0563307286068,10.6866713674481,"1","ciencias de la computacion","1","1","0"
2022,"1",129.128383315854,8.15076147274192,6.05007634165639,"1","negocios","0","0","1"
2022,"1",167.269685115539,22.4112634524904,10.8184112766505,"1","negocios","1","1","1"
2022,"1",188.744940978728,24.0278105751255,11.6192534940579,"1","ciencias de la computacion","0","0","0"
2022,"1",127.074653466362,15.0786404016509,7.69472461861867,"0","negocios","1","1","1"
2022,"1",117.15761163373,7.16191011585154,5.75561098558025,"0","negocios","1","1","1"
2022,"1",162.270280446212,17.7255240503181,9.41663482291466,"0","ciencias de la computacion","0","1","1"
2022,"1",149.057000099058,15.5137458949404,8.14165721337262,"1","negocios","1","1","1"
2022,"1",134.355807975152,11.0459214418944,6.52343664443347,"0","negocios","0","0","1"
2022,"1",185.383815309077,24.4529786571289,8.26195025975779,"1","ciencias de la computacion","1","1","1"
2022,"1",123.292107558527,11.3887766593658,6.63484822458522,"0","ingenieria","0","1","0"
2022,"1",148.89341922753,15.0786404016509,7.73397229919916,"1","ciencias de la computacion","0","1","1"
2022,"1",155.241431464697,15.0786404016509,9.50544002368473,"1","ingenieria","0","0","0"
2022,"1",104.503281902177,15.0786404016509,5.90101539679479,"0","ciencias de la computacion","1","1","1"
2022,"1",136.337745500969,22.3116003357336,10.5548132037962,"0","negocios","1","0","0"
2022,"1",167.319035049267,24.2712179789965,11.3367685214736,"0","datos","0","0","0"
2022,"1",137.454827149085,17.7678444297602,9.78005719636484,"0","ingenieria","1","0","1"
2022,"1",143.226486145035,20.8747053640814,9.82938248652177,"1","ciencias de la computacion","1","1","0"
2022,"1",128.998622099301,15.0786404016509,7.21016401643045,"1","negocios","0","1","0"
2022,"1",133.326039798782,13.5055657216878,7.31241445775342,"0","datos","1","0","1"
2022,"1",135.497739618151,17.7854038794008,9.35530213003435,"0","negocios","1","0","0"
2022,"1",141.609491482694,16.5849952472273,9.26607323941593,"1","ingenieria","1","0","1"
2022,"1",129.715508701041,10.9333905733591,7.04224831597495,"0","negocios","1","1","1"
2022,"1",153.752090054699,15.340376067547,8.26195025975779,"1","datos","0","1","1"
2022,"1",152.669860749688,21.1904145357757,10.1696519752909,"0","negocios","0","0","0"
2022,"1",126.404909155637,11.3816543871425,7.40832034728212,"0","datos","1","0","0"
2022,"1",139.495271505292,12.4898896476498,7.4162724710098,"1","ciencias de la computacion","0","1","1"
2022,"1",128.465590812015,9.50032991230704,6.68185238036158,"1","ingenieria","0","1","1"
2022,"1",153.905551445829,18.7762742300037,9.76761856671851,"0","negocios","1","0","1"
2022,"1",127.225399554256,10.941515626009,6.7170098019923,"1","datos","0","0","1"
2022,"1",168.163868235472,53.7081520664153,9.41071804406484,"0","ciencias de la computacion","0","0","1"
2022,"1",126.632366019936,10.1692075388782,6.56409462934488,"1","negocios","0","1","1"
2022,"1",128.670235604821,9.89118216699102,6.64867461830271,"0","ciencias de la computacion","0","0","0"
2022,"1",146.535988578641,14.574048246739,7.48223963744033,"0","ciencias de la computacion","1","1","0"
2022,"1",111.84184896907,8.82619129194269,5.967803714851,"0","ingenieria","1","0","0"
2022,"1",165.02358812317,22.3149804281481,10.4045921990532,"0","ingenieria","1","0","0"
2022,"1",152.651785183908,16.4378332164066,8.86544107779067,"0","negocios","0","0","1"
2022,"1",115.412026616016,13.3597466447069,7.35235671908176,"1","datos","0","0","1"
2022,"1",110.524437727562,7.97952122861226,5.43938897759808,"0","negocios","1","0","1"
2022,"1",100.923008699314,3.09953130264099,3.94757893194253,"0","negocios","0","1","1"
2022,"1",158.461045628841,22.4446175146809,10.6511589362365,"0","datos","1","1","1"
2022,"1",182.184091075153,24.0213207800501,11.2528762837482,"0","negocios","1","0","1"
2023,"0",148.483435926264,18.2770585425157,9.21694984268047,"1","ingenieria","1","0","0"
2023,"0",116.081794154117,8.0556510980903,6.00770944715185,"0","ciencias de la computacion","0","0","1"
2023,"0",142.165193908224,14.2384776535854,8.29475604043276,"1","datos","1","0","0"
2023,"0",154.421273285676,20.9497817040215,10.321881406961,"0","ingenieria","1","1","1"
2023,"0",133.18387332037,9.53853728688523,6.45672461550117,"1","negocios","1","1","1"
2023,"0",172.380434100607,23.9194247034436,11.1429251644769,"0","ingenieria","0","0","1"
2023,"0",154.44196493414,16.1728634932791,8.47394840911391,"0","datos","1","1","1"
2023,"0",150.271955826885,14.1776386873898,7.73514669547992,"1","datos","1","1","1"
2023,"0",139.365953693984,16.069749087093,8.34168213694583,"0","negocios","0","0","1"
2023,"0",118.460554731579,14.471253349029,8.00123117083927,"0","negocios","0","1","1"
2023,"0",142.445904042622,18.2092030805898,9.14043613865913,"0","negocios","1","0","0"
2023,"0",120.480002410686,14.6293029685248,8.14949139578882,"0","negocios","1","0","1"
2023,"0",195.945312718295,62.763533133209,10.2628104217648,"1","ciencias de la computacion","1","1","0"
2023,"0",141.984971468959,14.9888051357584,8.14785307080118,"0","ingenieria","1","0","0"
2023,"0",126.823529645491,10.502787031315,6.8535978313958,"0","negocios","1","0","1"
2023,"0",150.86587550633,17.0906957123429,9.47642888487018,"1","ciencias de la computacion","0","0","1"
2023,"0",160.7785205264,21.8156275415037,10.1006275588628,"0","ciencias de la computacion","0","0","0"
2023,"0",153.116548867595,17.9486203763882,9.01107595647052,"0","negocios","0","0","1"
2023,"0",160.233128872829,21.3140044884949,10.2772197873616,"0","negocios","1","0","1"
2023,"0",121.174167393192,11.0368511659404,6.45975790091085,"0","negocios","0","0","1"
2023,"0",135.615193081547,15.555282432444,8.73438847907724,"1","ingenieria","1","0","0"
2023,"0",132.54729231297,15.0786404016509,9.51251647617879,"1","ingenieria","1","0","0"
2023,"0",145.508011655833,19.1291217662967,9.88880042660002,"1","negocios","1","0","0"
2023,"0",196.110684054946,55.0230178393574,9.29053941955642,"0","negocios","0","0","1"
2023,"0",126.125303021395,16.2143732584579,8.87056875681042,"0","datos","0","1","0"
2023,"0",106.406917922331,11.7217374087632,6.89584467655268,"0","negocios","0","1","0"
2023,"0",147.421066230642,14.5718086630037,8.2044363042661,"1","negocios","1","1","1"
2023,"0",142.797742986261,15.7979163221149,8.55936533871062,"1","datos","1","0","1"
2023,"0",161.341747531149,19.0521882393929,10.1067510152207,"0","negocios","0","0","0"
2023,"0",96.2432311018589,5.02965019701097,4.62747604067325,"0","negocios","1","1","0"
2023,"0",112.968812037141,9.30395691234299,6.64109187071785,"0","negocios","0","1","0"
2023,"0",155.148906087363,15.0786404016509,9.57875324891315,"1","ingenieria","0","0","1"
2023,"0",113.828235254895,12.1207814157121,6.80434551311846,"0","datos","0","0","0"
2023,"0",129.817129124733,9.65214545508949,8.26195025975779,"0","negocios","1","0","0"
2023,"0",118.314962900682,9.24926570937834,6.20789284148146,"1","negocios","1","0","1"
2023,"0",121.309692299317,9.87528835670194,6.08169116201113,"1","datos","1","0","1"
2023,"0",144.876137220788,10.0625933615025,6.48877305163105,"1","ingenieria","0","0","1"
2023,"0",115.780862665499,8.06539941741697,5.61088964336937,"0","negocios","1","0","1"
2023,"0",132.859402058228,15.2594722671256,8.63365608363889,"1","negocios","1","1","1"
2023,"0",122.306527003867,12.6414604404667,7.51250141003474,"1","ciencias de la computacion","1","0","0"
2023,"0",114.974774828318,15.0786404016509,6.66695368842889,"1","negocios","0","1","1"
2023,"0",126.229942793159,13.0976101421685,7.44004124141734,"1","ciencias de la computacion","0","1","1"
2023,"0",152.707949240231,16.4219180524947,8.88065978593068,"1","negocios","0","1","1"
2023,"0",106.189059782338,9.01374153317164,5.60765135616713,"1","negocios","0","0","0"
2023,"0",119.754295083815,11.3715587195579,8.26195025975779,"0","negocios","1","0","1"
2023,"0",125.431229653031,12.3670097115057,7.05127402904596,"0","datos","0","0","1"
2023,"0",125.987078315003,11.1912221015489,6.7706856810563,"0","datos","1","0","0"
2023,"0",117.782438669612,15.0786404016509,6.29328383972933,"1","negocios","0","0","0"
2023,"0",134.651342062273,17.3794498892143,8.89765001213125,"0","ingenieria","0","1","0"
2023,"0",168.362181696776,20.0862641177355,10.9394752148897,"0","negocios","1","0","1"
2023,"0",113.276035043426,8.86395538551504,5.80416291431916,"1","datos","0","1","0"
2023,"0",115.053035263638,12.1351209577722,7.384545753239,"1","negocios","1","1","0"
2023,"0",135.957981977798,12.1396871619842,6.7995495253218,"1","negocios","0","0","1"
2023,"0",143.381613026325,17.2311879445347,8.26195025975779,"0","negocios","1","1","1"
2023,"0",130.152972839677,13.9000512221434,8.45101088747878,"1","negocios","1","0","0"
2023,"0",119.954290636153,15.0786404016509,7.96974085429363,"0","ciencias de la computacion","0","0","1"
2023,"0",86.2716499343991,15.0786404016509,4.30898680218283,"0","datos","1","0","0"
2023,"0",128.974852022411,12.2105635680413,7.71588448731757,"1","ciencias de la computacion","1","1","1"
2023,"0",133.90929429302,8.36559833280767,5.62986622110845,"0","negocios","1","0","1"
2023,"0",133.723729827307,16.4333214893895,8.14742577227399,"1","datos","1","0","0"
2023,"0",141.028574221028,14.7982809149527,7.86285327655828,"0","negocios","1","1","0"
2023,"0",138.591353099658,12.0077117250628,7.51599572283784,"1","ingenieria","1","0","1"
2023,"0",145.048234743483,18.9735856827532,9.20748937425834,"0","negocios","1","1","1"
2023,"0",101.146863135569,1.70992843470268,3.76479232243698,"0","ingenieria","1","1","1"
2023,"0",141.085072500971,12.8284233179758,7.3092975697814,"1","ingenieria","1","1","1"
2023,"0",146.964268270321,18.3108886625312,9.62648793589388,"1","datos","0","1","0"
2023,"0",136.622227561961,14.5814362569682,8.1689224086903,"1","negocios","1","0","1"
2023,"0",151.903782507579,17.2551579416128,8.9153185442438,"1","negocios","0","1","1"
2023,"0",144.591375584988,19.6134598691736,9.15634312538065,"1","ingenieria","0","0","1"
2023,"0",190.364256100008,55.6281787657827,10.0195886009718,"1","negocios","0","1","1"
2023,"0",144.293411952231,17.8981078830696,9.24397955232735,"0","datos","0","1","1"
2023,"0",158.363659181286,18.1469144430289,9.64602359455474,"0","ciencias de la computacion","1","1","1"
2023,"0",91.0223608834004,4.96764603920136,4.198097635046,"1","ingenieria","0","1","0"
2023,"0",164.509904029075,15.4282101947089,8.44019400032815,"0","datos","1","0","1"
2023,"0",142.255683622467,16.4205353528272,8.83247388081341,"1","ciencias de la computacion","0","1","0"
2023,"0",133.316019929393,14.6544524960175,8.52101170861974,"0","negocios","1","0","1"
2023,"0",109.463373286136,5.72991523881745,4.14785796219045,"1","ingenieria","1","1","1"
2023,"0",125.202870784791,10.166921229957,6.75589603485296,"1","ciencias de la computacion","1","0","1"
2023,"0",141.873740735228,10.8888599021813,8.26195025975779,"0","ciencias de la computacion","0","0","0"
2023,"0",139.843166816192,19.8689719796935,9.27145657181421,"0","datos","1","0","1"
2023,"0",128.581764563036,14.0116988337754,7.71110442858074,"1","negocios","0","1","1"
2023,"0",167.552690949555,18.9574825586122,9.54310021058514,"1","negocios","0","1","1"
2023,"0",147.795021200084,15.9449461063547,8.26195025975779,"0","ingenieria","1","1","1"
2023,"0",132.350454034387,15.0786404016509,6.4901869101414,"1","ingenieria","1","0","0"
2023,"0",147.661478290145,13.6166264218694,8.05333328688546,"1","datos","0","0","0"
2023,"0",148.96202048921,16.4654602268892,8.26195025975779,"0","ciencias de la computacion","0","1","0"
2023,"0",130.085189022945,10.3276817262333,7.28092066901279,"0","negocios","1","0","1"
2023,"0",137.933892257609,17.314544141638,9.16231755128118,"0","negocios","1","1","1"
2023,"0",168.662947443119,15.0786404016509,10.2454174562713,"1","negocios","1","0","0"
2023,"0",153.695088690178,22.2619107003306,11.1547735263247,"0","ciencias de la computacion","1","1","0"
2023,"0",169.919855345603,25.0061209612868,11.427903198123,"1","datos","1","0","1"
2023,"0",129.922265258807,10.9532896587555,7.09352201538573,"0","ciencias de la computacion","1","0","1"
2023,"0",134.939561067839,12.0096199891575,6.90283368232546,"0","datos","0","0","0"
2023,"0",127.520899027082,11.7679123049488,7.41562015291179,"0","negocios","1","0","1"
2023,"0",135.840778646528,10.9644115575523,6.84291515795356,"0","negocios","1","0","1"
2023,"0",159.172692969819,15.0786404016509,9.26566896735057,"1","ingenieria","1","1","1"
2023,"0",122.309488402321,5.74885891890354,4.92680667886195,"1","ciencias de la computacion","1","0","1"
2023,"0",158.977311188886,15.0786404016509,10.7994035822866,"0","negocios","0","0","0"
2023,"0",119.203874100999,7.72493689619022,5.71461435507406,"1","datos","1","0","1"
2023,"0",111.182718675824,8.27046479118978,8.26195025975779,"0","ingenieria","0","1","0"
2023,"0",142.504456762502,15.4538625622677,8.84184241548975,"0","negocios","0","0","0"
2023,"0",109.298287478256,11.2497113576582,6.78218688223673,"0","datos","1","1","0"
2023,"0",125.69776207258,11.1002304151926,6.82669316745315,"0","datos","0","1","0"
2023,"0",154.073183638298,17.5606161011548,9.1762719914625,"0","datos","1","0","1"
2023,"0",162.152601450195,43.1297596078733,8.07399841653716,"0","negocios","1","1","0"
2023,"0",164.778611278544,15.0786404016509,10.0671676901556,"1","negocios","0","0","1"
2023,"0",154.312578699099,16.026224702071,8.19977553828269,"1","ciencias de la computacion","1","0","1"
2023,"0",160.287623475463,14.6409866695606,7.74900305854583,"0","negocios","1","1","0"
2023,"0",142.862344082595,19.7332580317275,10.3585349004587,"0","datos","1","1","0"
2023,"0",179.069681932802,25.8655297612131,11.8837535953791,"0","negocios","0","0","1"
2023,"0",106.222838541409,11.8417114741276,6.83454668903191,"0","negocios","1","0","0"
2023,"0",125.560159270486,14.8733502544341,8.47655025078025,"0","ciencias de la computacion","1","1","0"
2023,"0",150.163047543202,19.0155914492397,9.71276097163887,"0","negocios","0","1","1"
2023,"0",130.99374343692,14.7624909992974,7.77155639893594,"1","negocios","1","1","0"
2023,"0",143.593673922355,17.5654887047127,8.68189404459972,"0","ciencias de la computacion","0","1","1"
2023,"0",168.759031134433,24.26593835433,10.93974058234,"1","ingenieria","0","1","0"
2023,"0",162.907091271553,22.3429521016585,11.0564527179553,"1","negocios","1","1","1"
2023,"0",138.120433445665,15.0786404016509,7.97529279816629,"0","negocios","0","1","0"
2023,"0",135.556788504786,18.3913219312884,9.42345065206203,"0","negocios","0","0","0"
2023,"0",159.329019705174,18.0573263911412,9.34318882752197,"0","datos","0","1","1"
2023,"0",146.643089187748,14.2118161017013,7.44815691745885,"1","negocios","1","1","1"
2023,"0",121.912424647372,9.24342112997485,6.26118275688873,"1","negocios","0","1","1"
2023,"0",157.644229398935,12.9098423879575,7.61948403008454,"0","ciencias de la computacion","0","0","1"
2023,"0",149.473211696533,16.8240097051848,8.26195025975779,"1","negocios","0","0","1"
2023,"0",147.48780566207,18.6389556253949,9.76338613649601,"1","datos","0","1","1"
2023,"0",118.389903395362,12.9238444897466,7.24776639790322,"1","datos","0","1","0"
2023,"0",127.847820296644,13.8848247473601,7.56573947525382,"0","negocios","0","1","1"
2023,"0",122.435188541325,12.5341524319056,7.32443214662817,"1","ingenieria","1","0","0"
2023,"0",121.379287607396,6.22725408445896,5.2319478899046,"0","ingenieria","0","0","1"
2023,"0",114.908184894149,10.5865888895492,6.05443655163081,"0","ciencias de la computacion","0","0","1"
2023,"0",148.338932133077,15.0786404016509,8.58335019670867,"0","negocios","1","1","1"
2023,"0",150.327254246295,13.5567762205482,8.11511017072921,"0","datos","1","1","1"
2023,"0",138.909506485207,12.9692656336856,7.18576713831825,"1","ciencias de la computacion","1","0","1"
2023,"1",131.157748220372,9.61308876046719,6.79001624425179,"1","ingenieria","1","0","1"
2023,"1",152.231384767184,14.8413004274962,8.65879894749866,"0","negocios","0","0","0"
2023,"1",110.193755741719,6.72007862672919,8.26195025975779,"0","negocios","0","1","0"
2023,"1",126.539714574469,15.0020198334485,8.8250462203017,"0","negocios","1","1","0"
2023,"1",138.14457991149,19.4806465597845,10.1469536050996,"1","ciencias de la computacion","1","1","0"
2023,"1",161.050484539178,19.296147562871,9.2956765068529,"0","negocios","0","1","0"
2023,"1",154.520605903437,15.0786404016509,9.48815742877037,"1","negocios","0","1","1"
2023,"1",118.473875764889,9.79767504523793,6.44345427899023,"1","negocios","0","0","1"
2023,"1",161.268332745688,18.2086566414717,9.33335943974656,"0","negocios","1","1","1"
2023,"1",176.923788734583,28.1090318539543,12.8661718183644,"0","datos","1","1","0"
2023,"1",111.194695919516,7.71249750791395,5.56774829169338,"0","ingenieria","1","1","1"
2023,"1",173.33387794599,25.0676639366202,11.4556250207952,"1","negocios","1","0","0"
2023,"1",117.794794667002,11.2823470401714,6.07443984895354,"1","datos","1","1","1"
2023,"1",153.832834416931,18.1888856090955,8.94795565096713,"1","ingenieria","1","0","1"
2023,"1",131.432415954109,12.0113548830361,7.5083270562295,"1","ingenieria","0","0","1"
2023,"1",131.043795542419,12.2890605265023,8.26195025975779,"1","negocios","0","1","0"
2023,"1",139.524943969134,17.970579090063,9.44265013284568,"1","negocios","0","1","1"
2023,"1",116.454385104306,15.0786404016509,5.34192715924785,"1","datos","0","1","1"
2023,"1",153.13343865484,15.1941561514427,8.58324477698711,"1","negocios","1","1","1"
2023,"1",137.401424769538,13.061670483567,7.583551378821,"0","negocios","1","0","1"
2023,"1",110.125333178538,6.45676250909702,5.13726619289337,"0","ciencias de la computacion","1","1","1"
2023,"1",142.697693650626,15.0786404016509,9.2345035063941,"1","datos","0","1","0"
2023,"1",158.808320125032,15.0786404016509,7.81007862306857,"0","negocios","0","1","1"
2023,"1",141.501058431263,15.0786404016509,7.67253275824899,"1","negocios","1","1","1"
2023,"1",122.932804556035,11.4920732467757,6.66874287534536,"1","datos","1","0","0"
2023,"1",123.36543776759,15.2431494530176,8.00212649819953,"1","negocios","1","0","0"
2023,"1",155.950035689013,21.7020559760148,10.8890945712243,"1","ciencias de la computacion","1","0","0"
2023,"1",151.594708344189,14.5818945798665,8.519912826046,"0","negocios","0","1","1"
2023,"1",141.929633499899,14.1201351423525,7.83566955359063,"0","datos","1","0","1"
2023,"1",129.086608476975,16.3564207686587,8.57366735693823,"1","negocios","1","0","0"
2023,"1",143.176696517623,13.6280021016908,7.9455608079797,"0","negocios","1","1","1"
2023,"1",142.401256002206,15.0786404016509,8.41489628572038,"0","datos","0","0","0"
2023,"1",172.17824338253,18.4786355375662,8.26195025975779,"0","datos","1","1","1"
2023,"1",175.906323840691,24.7021214038929,8.26195025975779,"0","negocios","1","1","1"
2023,"1",126.030285302166,13.1588522858943,7.33601337306433,"0","ciencias de la computacion","1","0","0"
2023,"1",157.415568617799,14.4657244209496,7.88623299187855,"0","datos","1","1","1"
2023,"1",163.412729315026,23.4505158085201,11.1402869049407,"1","ciencias de la computacion","0","1","0"
2023,"1",149.376828633926,14.3101579853266,8.18318787053275,"0","datos","1","0","1"
2023,"1",176.779010315272,20.6721909453349,10.3883349990302,"1","ingenieria","0","1","0"
2023,"1",128.092500237065,14.087134393504,7.55252173113338,"0","ingenieria","0","0","0"
2023,"1",158.428642364546,21.4782339465305,10.4753277649028,"0","ciencias de la computacion","1","0","0"
2023,"1",138.433455440184,20.4595460927533,5.13675051070746,"0","negocios","1","0","1"
2023,"1",138.684123857541,13.8385100268866,7.6462294014869,"1","negocios","0","1","1"
2023,"1",119.174987193788,8.42502535583483,6.04892716413238,"1","negocios","1","1","1"
2023,"1",132.550044226439,14.8700188898869,8.01535915158155,"0","datos","0","1","0"
2023,"1",136.717531714149,13.7814131440246,7.41450686893716,"0","ciencias de la computacion","0","0","1"
2023,"1",113.760789944269,9.58385494673254,5.97111163624159,"1","negocios","0","0","1"
2023,"1",156.569785365337,18.2855478698104,9.5143496436818,"0","datos","1","1","0"
2023,"1",122.054159304636,17.578034743056,8.63622414906426,"0","ciencias de la computacion","1","0","0"
2023,"1",146.09339710792,17.2367707136769,9.14894196723799,"1","negocios","0","1","1"
2023,"1",115.072136046741,10.9404115842457,6.17611264369102,"1","negocios","1","0","1"
2023,"1",117.702919623113,14.0531075200719,8.21604692186493,"1","ingenieria","1","0","1"
2023,"1",135.209784864464,12.1878994527284,7.05497761210474,"0","datos","0","0","1"
2023,"1",151.66237787991,16.6233319790152,8.26195025975779,"0","negocios","0","1","1"
2023,"1",120.589917956502,6.99221521729679,5.67928361125394,"1","negocios","1","0","1"
2023,"1",145.052256818926,14.5093750095418,7.89815600663563,"1","datos","0","1","1"
2023,"1",185.282960856311,21.702158495653,11.1997946899546,"1","ingenieria","1","0","1"
2023,"1",144.638951340988,13.9061735990941,7.70994531545617,"1","ciencias de la computacion","1","1","1"
2023,"1",153.360595290419,18.9284389403156,9.22964623668411,"1","ingenieria","0","0","0"
2023,"1",130.089370010412,11.3385292751534,7.10211163532477,"0","negocios","0","1","1"
2023,"1",128.865536970626,16.2128666153471,8.34089346637032,"1","datos","0","0","1"
2023,"1",119.482922456902,15.0786404016509,5.27712191206279,"1","negocios","1","1","1"
2023,"1",131.823505992452,13.3815500701107,6.93853233509295,"0","ciencias de la computacion","1","1","0"
2023,"1",130.383595937233,14.8412237557381,8.16846785367245,"0","negocios","1","0","0"
2023,"1",152.41561027237,19.7054495851401,9.42048446477756,"1","negocios","1","0","1"
2023,"1",183.971379641438,49.1583979972369,8.35762776450412,"0","ingenieria","0","0","0"
2023,"1",151.141088089766,17.4286064265982,8.75547437785422,"1","negocios","0","0","1"
2023,"1",165.918028330753,16.4591329996667,9.08412939720657,"0","negocios","1","1","1"
2023,"1",156.21551179855,19.2252847047755,9.74325348767456,"0","ciencias de la computacion","0","0","0"
2023,"1",162.280734756116,22.625087862787,11.2006026726047,"0","datos","0","1","1"
2023,"1",147.498288159015,14.7926263563687,8.32050813622113,"0","datos","1","1","0"
2023,"1",149.222434507325,17.6888897376079,9.05943281560576,"1","datos","0","1","1"
2023,"1",143.484429972256,15.0786404016509,9.23767442211866,"1","negocios","1","0","1"
2023,"1",112.625300420642,12.6620781340782,7.48141522870867,"0","negocios","1","1","0"
2023,"1",138.886153832182,14.4804313199981,7.45837258019502,"1","ingenieria","1","0","1"
2023,"1",108.61492040147,9.03839981105105,6.35107169249086,"1","datos","1","0","0"
2023,"1",174.742755541884,26.7425254622728,12.6845285633864,"1","ingenieria","0","0","0"
2023,"1",132.809512753419,14.8910339104701,7.8541922376201,"0","datos","1","1","0"
2023,"1",110.21576424527,10.3211002318345,8.26195025975779,"0","negocios","0","1","0"
2023,"1",165.976889304003,18.4431779471124,9.10507843383857,"0","ingenieria","1","1","0"
2023,"1",123.511787078258,15.0786404016509,6.59853736994313,"1","ingenieria","1","1","0"
2023,"1",144.054049112924,17.3663933864985,9.00713263105316,"1","ingenieria","1","0","1"
2023,"1",133.180038155757,15.0786404016509,9.00419454441615,"1","negocios","0","0","0"
2023,"1",144.114755180473,16.3133464917272,8.42435631479359,"1","negocios","0","0","0"
2023,"1",118.739447311744,12.5525613564701,6.85083933674092,"0","ciencias de la computacion","0","1","0"
2023,"1",115.078662930083,6.45110668849935,5.72902677420529,"1","negocios","1","1","1"
2023,"1",137.930634072471,13.5460084411661,7.64345235358435,"1","datos","1","0","1"
2023,"1",136.47042448826,20.872387790292,10.1279202675813,"1","ingenieria","1","0","1"
2023,"1",155.379178987964,21.4773566331811,10.5716494626212,"0","ciencias de la computacion","0","1","1"
2023,"1",131.561981129837,19.6584181239952,9.89085293694492,"1","ingenieria","1","0","0"
2023,"1",160.727498780695,18.9091334659016,9.67120783273826,"1","negocios","1","1","1"
2023,"1",148.609840049083,15.6026719534201,8.10012507254879,"1","ciencias de la computacion","0","1","0"
2023,"1",198.678061272742,67.8274631425469,10.9108808875533,"1","ciencias de la computacion","1","0","1"
2023,"1",126.669247381612,15.0786404016509,7.0032499529403,"1","ingenieria","1","0","1"
2023,"1",145.039193787846,19.9410453003874,9.79671436306628,"0","negocios","0","1","0"
2023,"1",116.031196398133,8.31760061158061,5.84291127922601,"1","ingenieria","1","0","0"
2023,"1",174.586651787148,15.0786404016509,12.1176560931961,"0","ingenieria","1","0","0"
2023,"1",134.407862023978,11.9541326604335,8.26195025975779,"1","negocios","1","1","0"
2023,"1",126.874464783257,11.2757707652287,6.95710152031648,"1","negocios","0","1","1"
2023,"1",151.236921185536,18.3970889083646,9.33404402121488,"1","negocios","0","0","1"
2023,"1",184.436906889162,22.8955670525009,10.8476291160234,"0","ingenieria","1","0","0"
2023,"1",120.29756734596,8.73225069045183,6.41477090158255,"0","datos","0","1","0"
2023,"1",140.720750845073,19.3626399231488,9.75325107104385,"1","ciencias de la computacion","0","0","0"
2023,"1",139.340058628796,19.5445124734861,10.0010742459533,"1","ciencias de la computacion","0","0","0"
2023,"1",145.777557313621,13.6251728576659,8.22200930961304,"1","negocios","1","1","1"
2023,"1",154.264232119554,15.7634336071585,8.30433218482749,"1","negocios","1","1","1"
2023,"1",143.18233377573,19.0558441968279,9.84112850171118,"0","negocios","1","1","0"
2023,"1",108.055617105425,9.10526835025505,6.03286423845406,"0","ingenieria","0","0","0"
2023,"1",97.5595284525738,5.10537643581661,4.52048017532605,"1","negocios","0","0","1"
2024,"0",156.615885326433,15.8237891646642,8.77436009050206,"0","datos","1","0","1"
2024,"0",137.086314680064,9.12228944121765,6.6001977824429,"0","datos","1","1","1"
2024,"0",155.253571736882,16.0753005973465,8.15556218619106,"1","negocios","1","0","1"
2024,"0",135.272229005015,13.6062289229342,7.81993525538455,"0","ciencias de la computacion","0","0","1"
2024,"0",152.720589804078,18.0110330375914,9.4083626984903,"1","ingenieria","0","0","1"
2024,"0",177.993621365224,22.3067272506205,10.9212583856829,"1","datos","0","1","1"
2024,"0",115.136208803012,10.6260028315059,6.59839765285325,"1","ingenieria","1","1","1"
2024,"0",136.642032652497,11.932695839344,7.10647118713246,"1","negocios","0","0","1"
2024,"0",141.269061578257,10.5235516746951,8.26195025975779,"1","ingenieria","0","1","1"
2024,"0",182.817371362918,19.910780351757,10.0985283542167,"1","datos","0","0","1"
2024,"0",153.660525278895,17.8502699780798,9.36830679881833,"0","ingenieria","0","0","1"
2024,"0",176.748709648631,25.5656286204653,11.7320662544107,"0","ciencias de la computacion","1","1","1"
2024,"0",155.927544143817,20.1844636691259,10.3023777162306,"1","ciencias de la computacion","0","0","0"
2024,"0",155.045757014839,18.3368231504439,9.31883366665148,"0","ciencias de la computacion","1","0","0"
2024,"0",144.972813824198,15.8496849645445,8.68688802926846,"1","ciencias de la computacion","0","1","0"
2024,"0",174.422479845917,22.999567577377,8.26195025975779,"1","negocios","1","0","1"
2024,"0",154.13865000351,21.9748132538141,11.0310586190068,"0","negocios","0","1","0"
2024,"0",149.185744435001,14.6414111203628,8.15202931761722,"1","negocios","0","0","1"
2024,"0",104.719521557091,15.0786404016509,4.24939186622373,"0","ciencias de la computacion","0","0","0"
2024,"0",119.480583293455,8.08309068888624,5.64987966595772,"1","datos","1","0","1"
2024,"0",120.143778520602,9.55229893668009,6.75473259700229,"0","ciencias de la computacion","0","1","0"
2024,"0",120.130448342088,14.0286786700831,8.11471332006339,"0","datos","1","1","0"
2024,"0",144.122582574502,19.5963199684784,9.61526112033117,"0","negocios","0","1","1"
2024,"0",200.711088313008,47.4735368847796,8.95589622875548,"1","datos","0","1","1"
2024,"0",120.543266064097,7.61586023365677,5.66198726803524,"0","ingenieria","1","1","1"
2024,"0",152.554325388575,16.0738566742076,8.35703338556314,"0","negocios","0","1","0"
2024,"0",157.24853765922,18.8618387171509,9.27528393282458,"0","ingenieria","0","0","1"
2024,"0",133.3018278836,13.8702909399595,8.32310600683017,"0","datos","0","0","0"
2024,"0",130.196959144511,16.8914917691218,9.54549693340864,"1","negocios","1","0","0"
2024,"0",155.229847111559,17.6040545546422,8.65302892446018,"1","negocios","1","1","0"
2024,"0",116.259151296651,10.7446721191028,6.87204138173403,"0","negocios","1","1","0"
2024,"0",142.969444537545,14.6047439336413,8.41248092193008,"1","datos","0","0","1"
2024,"0",101.736920251929,8.90979824749293,6.21432784501121,"1","ingenieria","1","0","0"
2024,"0",161.984419616776,15.3460570001851,8.61810278212986,"1","negocios","0","0","1"
2024,"0",134.452759514217,14.650865236612,8.40255549522354,"1","negocios","1","1","0"
2024,"0",139.271768425816,14.3232463648341,8.37905731096131,"0","negocios","1","1","0"
2024,"0",177.369629602357,15.0786404016509,10.0838246108632,"0","negocios","1","1","1"
2024,"0",196.548598727304,25.7081817679203,12.4522870536579,"1","ingenieria","0","1","1"
2024,"0",138.698433948194,15.0786404016509,8.34909448429484,"0","ciencias de la computacion","1","1","0"
2024,"0",152.059273350218,16.2623618918798,8.5505308482372,"0","negocios","0","0","1"
2024,"0",167.976411792511,21.0616115897526,10.7054578107635,"0","negocios","0","0","1"
2024,"0",139.49102389652,15.0786404016509,6.35152051820327,"0","negocios","0","0","1"
2024,"0",133.295236021857,12.2953047748604,7.09081026259579,"0","ingenieria","0","1","1"
2024,"0",118.8101707372,11.8495465106488,7.15406503663021,"0","ciencias de la computacion","1","0","0"
2024,"0",142.320092746693,11.9126694910797,7.10363016751803,"0","negocios","1","0","1"
2024,"0",161.513248023974,19.0931456499417,10.2276684899581,"0","ingenieria","1","0","0"
2024,"0",126.942585450941,12.8029510537018,7.77795886788826,"1","ingenieria","0","0","0"
2024,"0",127.830069987797,8.13419638972711,6.35599333795568,"0","ciencias de la computacion","0","1","1"
2024,"0",126.13973163816,12.2862994732957,7.69409616249867,"0","ciencias de la computacion","1","1","0"
2024,"0",185.544264545902,24.1433321352278,11.2611844284537,"0","datos","0","1","1"
2024,"0",132.160882831416,18.4142188273192,9.3380011867261,"1","datos","1","0","1"
2024,"0",109.546306360455,7.23483032295729,5.1233067723445,"1","negocios","1","0","1"
2024,"0",127.440075228723,14.3826626087409,8.15040513088042,"1","negocios","0","1","0"
2024,"0",141.120881633531,13.4720499649471,7.83675365536403,"1","datos","0","1","1"
2024,"0",156.528147665905,17.6985047230007,8.26195025975779,"1","negocios","1","1","1"
2024,"0",130.533288797211,13.9753522873854,7.59928946554311,"0","negocios","0","1","0"
2024,"0",120.618850179586,9.63631553650594,6.0148744230049,"1","datos","1","1","1"
2024,"0",152.624793857216,15.0786404016509,8.70525465970985,"0","negocios","1","0","0"
2024,"0",151.101995863719,15.0786404016509,11.2972768678221,"1","ingenieria","1","0","0"
2024,"0",139.478748046408,15.0786404016509,8.78123286352023,"0","datos","0","0","1"
2024,"0",173.041590872341,20.2603454522003,10.0493520740236,"0","negocios","0","0","1"
2024,"0",152.287177640827,16.1000814415502,8.7390589552849,"1","ciencias de la computacion","0","0","1"
2024,"0",132.322363370037,11.5982589412832,7.38241699369521,"1","ciencias de la computacion","0","1","1"
2024,"0",101.177628500151,9.49405371681217,5.48872607883124,"0","negocios","1","0","1"
2024,"0",111.031480230612,5.81963697039319,5.10610198169336,"0","negocios","1","0","1"
2024,"0",157.904875088503,18.75995252522,9.31280914311522,"1","negocios","0","0","1"
2024,"0",188.593469076724,25.0834812797098,8.26195025975779,"1","ingenieria","1","0","1"
2024,"0",168.322737594732,17.1058723819324,8.61825931292127,"1","negocios","1","1","1"
2024,"0",154.318045735928,15.0786404016509,9.58474614013964,"1","negocios","0","1","1"
2024,"0",170.384772785379,15.0786404016509,11.7437947208565,"0","ingenieria","1","1","1"
2024,"0",147.219418733122,17.5689694174311,9.16680874119738,"0","negocios","0","0","1"
2024,"0",116.114435098184,13.6539163688368,7.16744562356692,"0","ingenieria","1","1","0"
2024,"0",168.36812166432,25.6363375709094,12.4745027607388,"0","negocios","0","0","0"
2024,"0",105.649621858284,7.06069598752547,5.80141730828909,"1","ingenieria","1","0","0"
2024,"0",156.833682785939,18.8550546842154,9.18352826536675,"0","ciencias de la computacion","1","0","1"
2024,"0",117.275478103763,15.0786404016509,7.33694094645134,"1","negocios","1","1","0"
2024,"0",109.126781827332,11.5701478622398,6.89050343084337,"0","ciencias de la computacion","0","0","1"
2024,"0",149.244015600799,12.4727528642479,8.07678507554643,"1","negocios","0","0","1"
2024,"0",133.209783113334,12.6347407103412,8.16043671214497,"0","negocios","0","1","1"
2024,"0",139.696520025412,13.8499655347052,8.10297255007595,"0","negocios","1","0","1"
2024,"0",147.494523075917,17.2883319542345,9.47667703140748,"0","negocios","1","0","1"
2024,"0",178.56332850458,42.5610803077893,8.0448500490497,"1","ciencias de la computacion","0","0","1"
2024,"0",124.655037168582,12.5461975565515,7.01284123123188,"1","negocios","0","0","0"
2024,"0",131.7869243596,16.8264498684348,9.39980325193773,"0","negocios","0","0","0"
2024,"0",85.0892669703588,1.78980076266847,3.5311246450285,"0","negocios","0","1","1"
2024,"0",107.431532504679,9.32333667941724,6.18116823623957,"1","ciencias de la computacion","1","1","0"
2024,"0",130.291489172218,17.0199052679097,8.26694293406842,"0","ingenieria","0","1","0"
2024,"0",138.296809594801,12.4602948844643,7.63559633849293,"1","negocios","0","1","0"
2024,"0",142.184780831897,15.0786404016509,8.26195025975779,"1","datos","0","0","1"
2024,"0",137.746939051959,12.5964378602437,8.26195025975779,"1","datos","1","1","0"
2024,"0",166.028607799589,49.7781611879777,8.69286268575824,"1","ciencias de la computacion","1","0","1"
2024,"0",164.881080236835,22.9936237426275,10.6954038228695,"0","negocios","0","1","0"
2024,"0",114.794087510866,9.9066623789212,6.14697737005888,"1","datos","0","0","0"
2024,"0",129.530355774641,10.4785801121352,6.83988087601231,"0","negocios","0","0","1"
2024,"0",129.693859628553,8.18987795004227,6.22651567078573,"0","negocios","0","1","1"
2024,"0",126.026436096687,10.1175327864912,6.37825826195513,"1","negocios","0","1","1"
2024,"0",159.03336671912,19.4811518835069,9.66525162491671,"1","negocios","1","1","1"
2024,"0",157.682101651018,18.5352831134951,10.0167863628216,"1","negocios","0","1","0"
2024,"0",139.904254956566,14.8391019874334,8.31477407346972,"1","negocios","1","1","1"
2024,"0",152.490944300206,19.5792831607346,9.43410303416853,"1","ingenieria","0","0","1"
2024,"0",129.218633900658,11.6829197496762,7.09048069622987,"0","datos","0","1","1"
2024,"0",149.125361311461,12.5670362473409,7.23722807832827,"0","negocios","0","0","0"
2024,"0",135.590490439473,10.8260067991673,6.79455118599813,"0","ciencias de la computacion","0","1","1"
2024,"0",127.566587156147,11.7667166690917,6.82891667641144,"0","negocios","1","0","1"
2024,"0",170.987641401232,19.7303440857365,9.41768523958142,"0","datos","0","1","0"
2024,"0",149.441512617307,18.9671824837409,9.60258372530643,"1","negocios","1","0","1"
2024,"0",129.319725809036,13.1679974815906,8.26195025975779,"0","negocios","1","0","1"
2024,"0",142.158475215814,15.3079787393846,8.50131432034277,"1","ingenieria","0","1","1"
2024,"0",163.664038134869,25.29744544961,11.9332993490204,"0","ciencias de la computacion","0","1","0"
2024,"0",146.496199565569,12.0231617180939,7.37113631490754,"0","negocios","1","1","1"
2024,"0",135.86384071662,17.2855966384567,8.45697499386803,"0","negocios","0","0","1"
2024,"0",158.011757169974,19.5464593294212,9.75027629224511,"0","ciencias de la computacion","0","0","1"
2024,"1",117.643439240436,16.3794423297384,8.05957244600511,"0","negocios","1","0","0"
2024,"1",134.453683420536,12.0752045302067,7.33127308101086,"1","datos","1","0","1"
2024,"1",119.535229697232,12.1797337966811,7.69899132430328,"1","negocios","1","0","0"
2024,"1",104.798628557021,9.3968550778165,6.45809102025856,"0","negocios","0","0","0"
2024,"1",137.537319000532,15.8185431691191,8.35604996360073,"0","ciencias de la computacion","1","0","0"
2024,"1",160.204222427762,21.7706237032856,10.8210354605625,"1","negocios","1","1","0"
2024,"1",113.302054050208,9.71054014457827,8.26195025975779,"1","ingenieria","1","0","1"
2024,"1",132.570236327107,11.1334138204154,7.01323538578431,"1","negocios","1","1","1"
2024,"1",133.155898022996,13.1025663157894,7.59228312303139,"1","negocios","0","1","0"
2024,"1",92.7216683365241,5.86743475333344,5.65062238947448,"0","datos","0","1","0"
2024,"1",147.359616297061,22.4746227943079,10.8771510897978,"0","ingenieria","0","1","0"
2024,"1",135.461879904609,13.7197119365544,7.59695907074374,"0","negocios","0","0","0"
2024,"1",115.643236369735,9.13797921211669,6.25976255865829,"0","negocios","1","0","1"
2024,"1",140.110854679164,15.2626918295077,8.19020178901907,"0","negocios","0","1","1"
2024,"1",162.716014520452,15.0786404016509,8.66078790632107,"0","ingenieria","1","0","0"
2024,"1",142.346934166988,19.9349888728886,9.36500810815064,"1","negocios","1","1","1"
2024,"1",148.777020877855,17.8843807586315,9.02171482565336,"1","datos","1","0","0"
2024,"1",145.773038254634,18.7737390339593,9.59781203721072,"0","negocios","1","1","1"
2024,"1",141.85722856539,14.8413728598172,7.94440867203064,"0","negocios","0","1","1"
2024,"1",108.630495600572,10.075223995953,6.52745720599382,"1","datos","1","1","0"
2024,"1",121.19504882857,8.4750109528456,8.26195025975779,"0","negocios","1","0","0"
2024,"1",123.928877840176,15.085635774965,7.7889290371356,"0","ingenieria","0","0","0"
2024,"1",151.583332892197,19.0957112827709,9.98832261269117,"0","ingenieria","0","1","0"
2024,"1",122.038948815308,16.6094288235431,9.36547093314932,"0","negocios","1","0","0"
2024,"1",143.460484650006,15.28941518207,8.11078672142061,"1","datos","0","1","0"
2024,"1",143.678576871598,19.6028846097966,10.2183553457343,"0","negocios","0","1","0"
2024,"1",166.196528863801,16.9773852524643,8.26195025975779,"1","datos","0","1","1"
2024,"1",139.617074478506,16.5525925557002,8.54855170864399,"1","ciencias de la computacion","1","1","0"
2024,"1",232.193593163037,86.7178038149237,13.256664215673,"0","ciencias de la computacion","1","0","0"
2024,"1",208.552282779445,28.8899629166546,8.26195025975779,"1","ingenieria","0","0","1"
2024,"1",140.173094196902,15.0786404016509,6.24300959804757,"0","ingenieria","0","0","1"
2024,"1",153.773960873884,16.873269503163,8.53016365095864,"0","datos","1","1","1"
2024,"1",127.93845511783,8.29804880968988,5.69441124962918,"0","negocios","1","1","1"
2024,"1",158.598442833104,16.1672891570805,9.3595151417835,"0","datos","1","1","0"
2024,"1",126.297237674381,13.1791753717096,7.85691982103809,"0","ingenieria","1","0","0"
2024,"1",196.454685314461,26.3495422831144,12.3408950336256,"0","negocios","1","0","0"
2024,"1",125.955948182975,9.85450018069307,6.1741877295969,"1","datos","0","0","1"
2024,"1",173.809812749945,21.6980589294889,10.1474755569736,"1","ingenieria","0","0","1"
2024,"1",140.538369487787,12.7416076752278,7.9493790120885,"1","negocios","1","1","1"
2024,"1",112.990168127703,9.07230123120565,6.03538066211751,"1","negocios","0","0","0"
2024,"1",129.879824377912,12.9881421509121,7.39849713731115,"1","negocios","0","0","0"
2024,"1",149.770653065305,17.4095595301793,8.26195025975779,"1","negocios","0","1","0"
2024,"1",146.566885445631,17.5127593752578,8.67112476625724,"1","datos","1","1","1"
2024,"1",146.113051831112,12.0844910759014,7.32195164780851,"1","datos","0","1","1"
2024,"1",130.377657618959,9.30898511109608,5.4110746068399,"1","ingenieria","1","0","1"
2024,"1",139.762333690119,17.1068679007665,8.87483015278315,"0","negocios","0","1","1"
2024,"1",129.287639552398,13.8895984683279,8.1752655265035,"1","datos","0","0","0"
2024,"1",147.629114893293,19.1909586235129,9.63737057882388,"0","negocios","0","1","1"
2024,"1",119.606174308421,13.954524994636,7.41232599124639,"0","negocios","1","0","1"
2024,"1",120.778172340903,11.0645326883292,6.37802176903361,"0","negocios","1","1","0"
2024,"1",153.051926935595,19.5167085509811,9.8955079732519,"0","datos","1","1","1"
2024,"1",160.641880568381,19.3561629998975,9.73760216277028,"1","ingenieria","1","1","0"
2024,"1",109.896356284851,5.49944070459583,5.2905052338064,"0","ciencias de la computacion","0","0","0"
2024,"1",146.503895265856,15.0786404016509,6.88903897660492,"1","ingenieria","1","0","1"
2024,"1",170.823409508379,23.0186409360449,10.7627406663201,"0","negocios","0","1","1"
2024,"1",145.753945102315,20.1349913177668,10.0591613723513,"0","ingenieria","0","0","0"
2024,"1",155.384628113804,23.6638803050326,10.8274682490607,"1","datos","0","0","1"
2024,"1",134.3619144775,17.764240998135,9.24167739457743,"0","datos","1","1","0"
2024,"1",171.438561037813,15.0786404016509,11.2708869542721,"1","negocios","0","0","0"
2024,"1",161.453675644401,15.8720389550656,8.58184901269636,"1","datos","1","0","1"
2024,"1",113.975104823502,5.0349146637118,4.58053648294019,"0","negocios","0","1","1"
2024,"1",166.325254789075,18.2070929842142,9.6698644008792,"0","negocios","1","1","1"
2024,"1",122.546732061989,10.9358166250772,6.62139651937233,"0","datos","1","0","0"
2024,"1",136.199589004323,12.0591080553331,7.15243532789696,"1","ingenieria","0","0","1"
2024,"1",143.463376877146,16.9960605213531,8.93756762810657,"0","negocios","0","0","1"
2024,"1",115.0875637228,9.94751671315209,6.39581193437629,"1","negocios","0","1","0"
2024,"1",158.757765384812,15.7831292799981,8.12776257760076,"1","datos","1","1","1"
2024,"1",144.416220207232,15.5394361111821,8.86522099320388,"1","ingenieria","1","1","0"
2024,"1",141.17915240001,15.0786404016509,7.94389052063227,"0","datos","1","0","1"
2024,"1",150.951412610749,20.2074896381687,10.4615568759435,"0","ciencias de la computacion","0","1","0"
2024,"1",111.088811595959,8.49629986613093,6.10654445516653,"1","ingenieria","1","1","1"
2024,"1",156.450584083764,19.969077111092,10.0335534074128,"0","negocios","0","1","1"
2024,"1",134.6205316607,8.49666586556038,6.1349964949288,"0","negocios","1","1","1"
2024,"1",142.495149814676,13.8733823856237,8.43082805647734,"0","ingenieria","1","1","1"
2024,"1",120.705772262864,9.25687855761741,6.32264660401706,"1","ciencias de la computacion","1","0","1"
2024,"1",162.103182412416,21.774701407816,10.5892783016057,"1","datos","1","1","0"
2024,"1",117.143990920456,12.3306369167287,7.2310351204535,"0","ingenieria","1","0","1"
2024,"1",98.2723777279457,4.12410918566058,4.04286129996276,"1","negocios","0","0","1"
2024,"1",107.986702692488,8.91794423310751,6.23650931471374,"0","negocios","0","0","0"
2024,"1",128.38232193523,14.6654299171066,7.7728530268274,"0","datos","0","0","0"
2024,"1",154.887460792848,18.8401740996446,9.51233458920098,"0","ingenieria","0","0","1"
2024,"1",136.593708712195,15.8084418031648,8.12730519036145,"0","negocios","0","0","0"
2024,"1",160.26026911983,19.427607171107,10.1317664794417,"1","negocios","1","1","1"
2024,"1",153.986886218917,18.3610083388302,9.78989902383008,"0","datos","0","0","0"
2024,"1",200.638192425381,69.7584202920415,10.5252117087982,"0","datos","1","1","0"
2024,"1",155.013764168322,15.0786404016509,8.65206280066791,"0","ingenieria","1","0","1"
2024,"1",144.889684159325,18.9523460008919,10.105864797351,"0","ingenieria","0","1","1"
2024,"1",174.726232656532,22.0511124901513,11.0353928972598,"0","negocios","0","1","0"
2024,"1",159.170331852469,15.0786404016509,9.84734183163723,"1","negocios","0","0","1"
2024,"1",156.2702269292,17.5284382957983,8.94777467680428,"0","datos","0","0","1"
2024,"1",134.214544316301,16.0851058776206,8.20561145172227,"1","datos","1","0","0"
2024,"1",151.020740201823,22.7564049442819,10.6497011072021,"1","datos","0","0","0"
2024,"1",131.966985351106,15.8926323455253,8.24595432841591,"1","datos","1","1","0"
2024,"1",154.565737728707,22.522018417909,11.08788348197,"0","negocios","0","1","1"
2024,"1",147.237222631431,16.6540400155445,8.96244495271045,"1","ciencias de la computacion","1","0","0"
2024,"1",129.319830417906,18.0574346947524,9.36593460615196,"1","ciencias de la computacion","1","0","0"
2024,"1",106.079218827899,15.0786404016509,4.96581487313582,"0","negocios","0","1","0"
2024,"1",154.807866784395,16.0923407869479,8.69246256502488,"1","ingenieria","0","1","1"
2024,"1",115.217304561753,15.0786404016509,7.81328091986028,"0","negocios","1","1","0"
2024,"1",142.155247731326,18.4893311404922,9.36169257289314,"0","ciencias de la computacion","0","0","1"
2024,"1",155.511694696582,18.4097650125647,8.26195025975779,"0","negocios","0","1","1"
2024,"1",107.908957575259,4.54894123291231,4.7131590862723,"0","negocios","1","0","1"
2024,"1",91.708777929848,3.67804080174161,4.56868560401182,"1","ingenieria","0","0","0"
2024,"1",122.118280032112,9.68922840885398,6.07585018371027,"1","negocios","1","0","1"
2024,"1",137.508644815884,11.7874942164258,7.30633465756556,"0","negocios","0","1","1"
2024,"1",179.431817595105,21.5646737300988,10.6587591129065,"0","ciencias de la computacion","1","1","1"
2024,"1",131.490754820469,10.2717617889543,6.43381851605408,"1","datos","0","0","1"
2024,"1",144.84720378049,22.9726196490651,10.6928704267062,"0","negocios","0","0","0"
2024,"1",106.169966112066,10.3941980651228,6.51168751576666,"0","ingenieria","1","1","1"
2024,"1",112.123198032667,6.24459868242694,5.51548615227895,"0","negocios","1","0","1"
2024,"1",147.087278911147,17.699025820385,8.26195025975779,"0","ingenieria","1","1","1"
2024,"1",133.746965190859,11.5429002953776,7.05221747367699,"1","ciencias de la computacion","0","0","1"
2024,"1",137.01151685917,10.5125244399749,6.52939361599419,"0","datos","0","1","1"
2024,"1",149.401813449181,18.8985465105492,9.14863609072984,"1","negocios","0","1","1"
2024,"1",141.254178162313,15.8656378430373,8.37508690066157,"0","negocios","0","0","1"
2024,"1",166.065512455889,15.0681665278981,8.48574794266206,"0","negocios","1","0","1"
2024,"1",174.470136098247,23.2683580408422,11.3128799929555,"1","ingenieria","1","0","0"
2024,"1",173.002925750936,21.8374704392086,9.97881726075482,"0","negocios","0","1","0"
2024,"1",103.349179720497,8.12486854868841,5.54726194425299,"0","datos","1","1","1"
2024,"1",142.04539616758,10.3069444515116,6.0554001158221,"1","datos","0","1","1"
2024,"1",132.868777055087,14.8370988593554,8.24743956664157,"1","negocios","0","1","0"
2024,"1",153.093900574578,14.8007548274241,7.83481267767054,"0","negocios","0","0","1"
2024,"1",146.689867029428,15.0786404016509,8.44094520548912,"1","ingenieria","0","0","1"
2024,"1",182.467259009476,15.0786404016509,11.0804781206569,"0","ciencias de la computacion","0","0","1"
2024,"1",149.030259218528,15.4738248912694,8.95105966697778,"1","ciencias de la computacion","0","1","1"
2024,"1",145.469720931039,15.2711730529177,8.01311291876793,"0","ingenieria","1","0","1"
2024,"1",123.289775833066,15.0786404016509,6.68545106380447,"0","datos","1","1","1"
2024,"1",126.594486708751,4.79041838591917,4.56776170520393,"1","datos","0","0","0"
2024,"1",170.703306023891,23.9301539812755,11.1310757150116,"0","ingenieria","0","0","0"
2024,"1",150.301523895342,16.9210035748783,8.88011139324594,"1","negocios","1","1","0"
2024,"1",152.59160399547,18.2606646726919,9.04721469820594,"1","negocios","1","0","1"
2024,"1",152.901733174712,15.0786404016509,10.5007607810683,"0","negocios","1","1","0"
2024,"1",162.996731575707,18.6788977992214,9.65151997799034,"0","negocios","1","0","1"
2024,"1",144.361052182014,36.1672120128172,7.44114811276285,"0","datos","1","1","0"
2024,"1",147.231524003438,20.5063870334946,9.67329989420022,"1","ciencias de la computacion","1","0","0"
2024,"1",125.563754721707,13.6939135672863,7.54535513201481,"0","ingenieria","1","0","0"
2024,"1",143.379976706758,15.0786404016509,8.26195025975779,"1","ciencias de la computacion","0","1","1"
2024,"1",145.55584892064,19.9703924621908,9.91842459797568,"1","negocios","1","1","0"
2024,"1",118.049295330168,7.02187114650114,5.88917048105379,"0","negocios","0","0","1"
2024,"1",140.137855811545,16.455291838648,9.12351472920334,"1","negocios","1","0","0"
2024,"1",150.875917419623,17.919480334347,9.60349513590787,"0","negocios","1","1","1"
2025,"0",135.814992396201,12.2969992329422,7.0285661754556,"0","negocios","1","0","0"
2025,"0",107.105899377185,15.0786404016509,5.43977733306638,"0","ingenieria","0","0","0"
2025,"0",133.279773231969,15.0786404016509,7.39329990701495,"1","ciencias de la computacion","0","1","1"
2025,"0",137.975621973533,17.7265705006866,9.33232150364523,"0","ciencias de la computacion","0","1","1"
2025,"0",148.156548756037,17.0222420126102,8.26195025975779,"0","negocios","0","1","0"
2025,"0",132.497655755528,15.1487435206269,8.51207629199088,"0","ciencias de la computacion","1","1","1"
2025,"0",144.92074653502,15.7282923670048,8.41214588091009,"0","ingenieria","1","0","0"
2025,"0",155.314078859976,15.0786404016509,10.4289839065138,"0","negocios","0","1","1"
2025,"0",102.124461951412,9.03691354369214,6.11040689862052,"0","ciencias de la computacion","1","0","0"
2025,"0",181.428692967992,23.4346810110025,11.4217338561439,"0","negocios","0","1","1"
2025,"0",135.718291432278,17.5005617926427,9.12335933107293,"0","negocios","0","0","0"
2025,"0",122.732904143357,9.44728187799202,5.85181227861918,"1","datos","1","1","0"
2025,"0",119.999301791358,8.72464786424165,6.18615993618736,"1","negocios","0","0","1"
2025,"0",155.358761576091,15.6917794206192,8.52756240468639,"0","ingenieria","0","0","1"
2025,"0",148.497116302559,12.5730649998814,7.37856747427804,"1","negocios","0","1","1"
2025,"0",130.940727369244,17.5949153498601,9.49912059866108,"1","ingenieria","0","0","0"
2025,"0",169.934145381271,21.3110071348019,10.3564545812785,"1","negocios","0","1","0"
2025,"0",153.468803164702,17.9620940648865,8.88544796592114,"0","datos","0","0","1"
2025,"0",105.817689784286,5.62044710526461,4.98080849239296,"0","ciencias de la computacion","1","0","1"
2025,"0",102.543773392291,3.30994202098911,4.31630771000968,"1","ingenieria","0","0","0"
2025,"0",157.360493579438,22.6470360832179,10.8086211270155,"0","ciencias de la computacion","0","0","1"
2025,"0",117.566835250417,9.35962076402045,6.61802399398343,"0","ingenieria","1","0","1"
2025,"0",120.656125790225,14.0105755914529,7.77925645006483,"0","negocios","1","0","1"
2025,"0",151.853932232614,14.9644826292392,7.82843383973684,"1","ingenieria","1","0","0"
2025,"0",149.175229768993,13.4861050878115,7.84246489242271,"1","ciencias de la computacion","1","1","1"
2025,"0",149.530392864994,15.0786404016509,8.60693783527485,"0","ingenieria","1","1","0"
2025,"0",104.233960630627,9.38072322283966,6.20920724571057,"0","negocios","1","1","0"
2025,"0",125.544541431209,10.4106927376979,8.26195025975779,"0","ciencias de la computacion","1","0","1"
2025,"0",172.091919095377,19.481040715084,9.65845934047009,"1","datos","1","1","1"
2025,"0",130.76229075462,8.20462780274786,5.68541207977154,"1","ciencias de la computacion","1","0","1"
2025,"0",138.877055176124,13.0316179414388,7.86843645458036,"1","negocios","0","0","1"
2025,"0",142.250300766403,14.9155276127177,7.82788622527394,"1","negocios","1","0","1"
2025,"0",147.257775618885,15.2568191562771,9.12806346783182,"0","ingenieria","0","1","1"
2025,"0",140.956508744194,18.4972863519023,8.88423410884081,"1","ciencias de la computacion","0","0","1"
2025,"0",180.88370009455,24.4985758252187,11.5098061016622,"1","negocios","0","1","1"
2025,"0",154.617570961006,15.0786404016509,9.2865586501345,"0","ciencias de la computacion","0","1","0"
2025,"0",131.344077650703,12.9351406344985,7.08414655496077,"1","datos","1","1","1"
2025,"0",153.18181098018,15.8919515852247,8.42310758270995,"0","ciencias de la computacion","1","0","1"
2025,"0",107.495140825446,10.7427697954725,6.8447085001702,"1","negocios","0","1","0"
2025,"0",161.296187098186,12.994582939756,7.99752844481061,"1","datos","1","1","1"
2025,"0",166.867410504242,14.5880890846441,8.61137625084038,"1","ciencias de la computacion","0","0","1"
2025,"0",141.954171791023,14.2162202888726,8.0940435669634,"1","negocios","1","0","1"
2025,"0",172.594346836732,17.2683029350674,9.29990671977104,"0","ingenieria","0","0","1"
2025,"0",145.274097271417,14.0613985951215,7.9444463499478,"0","datos","0","1","1"
2025,"0",147.473713315528,15.0786404016509,9.58878079388409,"1","negocios","0","1","0"
2025,"0",187.226137387912,26.4641889089174,12.7906646196374,"1","negocios","0","1","1"
2025,"0",124.520817715274,16.036032492178,8.66893432748658,"1","ciencias de la computacion","0","0","1"
2025,"0",125.917321729457,10.9035369093408,6.83235602614572,"0","negocios","0","1","1"
2025,"0",109.738418625845,8.69575635002187,6.18172701443909,"1","ciencias de la computacion","1","1","0"
2025,"0",171.305369400709,21.134083119981,10.1225026183489,"1","datos","0","0","0"
2025,"0",139.44450907168,12.1560030820993,7.74246798208611,"1","negocios","1","0","0"
2025,"0",136.796651168878,13.4237984067666,7.75270161077901,"0","datos","1","0","0"
2025,"0",169.608976663137,15.0786404016509,8.43882179067467,"0","ciencias de la computacion","0","0","0"
2025,"0",148.718076778957,14.1838582596781,8.00702113074783,"1","ciencias de la computacion","0","1","1"
2025,"0",137.118939540743,15.6071892361602,8.73863085920753,"1","ingenieria","1","1","1"
2025,"0",142.684849603249,16.8811186759773,8.80440859712458,"0","negocios","0","0","1"
2025,"0",138.912248017572,20.5252503443249,8.26195025975779,"1","negocios","1","0","0"
2025,"0",90.229564200078,3.96091282410211,4.259529171208,"0","datos","0","1","1"
2025,"0",178.711116441016,22.0186341584913,10.6652846283635,"0","negocios","1","1","1"
2025,"0",151.673180587431,16.5984307510219,8.68343979525854,"0","negocios","0","1","1"
2025,"0",123.721257919516,14.2617279751341,7.9176559223352,"1","ciencias de la computacion","0","1","0"
2025,"0",106.156770334704,8.89286707976549,6.48636433925988,"1","negocios","0","0","1"
2025,"0",126.237287170007,14.632678465193,7.99020908673395,"1","ciencias de la computacion","0","0","0"
2025,"0",144.192093028242,17.8368906482885,8.76523331236148,"1","ciencias de la computacion","0","0","1"
2025,"0",161.058851329456,18.804266186741,9.82145550906205,"0","datos","1","1","0"
2025,"0",153.970180111635,18.1080205214166,9.70641364699193,"1","negocios","0","0","0"
2025,"0",151.144596228667,13.9558982973827,8.02640786551318,"1","ingenieria","1","1","1"
2025,"0",122.550653253462,15.0786404016509,7.3401165326075,"1","negocios","1","1","1"
2025,"0",149.333510261866,19.1653966874149,9.72658649313717,"1","negocios","1","0","0"
2025,"0",185.630399500998,21.6652610334206,11.0406199981993,"0","ingenieria","1","0","1"
2025,"0",158.915690251384,21.2864947500421,10.1021097674997,"1","ciencias de la computacion","1","1","1"
2025,"0",150.32082020951,16.7174251057025,9.32512776832983,"0","negocios","1","0","1"
2025,"0",131.618079814605,15.0786404016509,8.35968230007318,"0","datos","0","1","1"
2025,"0",152.818994664649,18.6354988559183,9.56452537653948,"1","ingenieria","1","1","0"
2025,"0",124.228151888637,13.7573965601187,7.67374326116864,"1","ingenieria","1","0","1"
2025,"0",161.721134009652,15.0786404016509,8.55283499200027,"0","ciencias de la computacion","1","1","1"
2025,"0",161.320706203607,20.6237989221019,9.84651940845881,"1","ingenieria","1","1","1"
2025,"0",150.133716818457,14.8692383329034,7.94074292013657,"1","negocios","1","1","1"
2025,"0",140.185721296064,11.8823936009343,7.59793816486527,"1","negocios","1","0","1"
2025,"0",171.293474478444,19.9720878135265,9.91319047627278,"1","ingenieria","1","0","1"
2025,"0",128.667283105096,13.092647423717,8.26195025975779,"0","ciencias de la computacion","1","0","1"
2025,"0",129.934444938865,9.12396004555994,5.94973735418376,"1","negocios","0","0","1"
2025,"0",130.603865514128,15.0786404016509,8.51547075155981,"0","negocios","1","1","0"
2025,"0",132.323559894463,13.8973976898266,7.91735882449367,"0","negocios","0","1","1"
2025,"0",161.384363867441,18.2097798905981,8.26195025975779,"1","negocios","0","0","1"
2025,"0",174.329816781998,21.9193389261923,11.2290071040086,"0","ciencias de la computacion","1","0","0"
2025,"0",119.669139635305,11.4978850946836,6.67966350273981,"1","negocios","0","1","0"
2025,"0",163.476759859509,22.2042340360088,8.26195025975779,"0","ingenieria","0","0","1"
2025,"0",108.969821277559,11.8185286880577,8.26195025975779,"1","datos","0","0","0"
2025,"0",148.791512479208,17.2068484963134,9.1384759802599,"1","negocios","0","1","0"
2025,"0",132.089837564604,13.0468964698787,7.52563282427072,"0","ciencias de la computacion","0","1","0"
2025,"0",113.146640670768,8.70194520432084,5.86614024357092,"1","datos","1","0","0"
2025,"0",154.094463549478,18.6589063548007,9.85179286609271,"0","datos","0","1","0"
2025,"0",174.615733125628,25.4555199416493,11.8421132875561,"1","negocios","1","0","1"
2025,"0",150.232138920642,15.0786404016509,8.59741844074142,"0","datos","1","0","1"
2025,"0",146.616187371881,17.48038158642,4.67461324366908,"0","ciencias de la computacion","0","1","0"
2025,"0",154.026798800569,18.7998238128972,9.4989232575784,"1","negocios","1","1","1"
2025,"0",112.821408275941,14.3054461664433,8.26195025975779,"1","ciencias de la computacion","1","1","0"
2025,"0",99.2599570493122,5.15689173699258,4.82538313580332,"0","ingenieria","1","1","1"
2025,"0",109.459025302849,7.19519609168638,5.45859847610096,"0","ingenieria","1","0","1"
2025,"0",131.241422648717,11.0522010060791,7.3614867875167,"0","negocios","0","1","1"
2025,"0",130.888527229266,11.383407756149,6.46831669125906,"0","datos","1","1","1"
2025,"0",115.402326669759,12.9832629000835,7.40770367389333,"0","negocios","1","1","0"
2025,"0",114.21736726283,8.95167792820184,6.00541636694503,"1","negocios","0","1","1"
2025,"0",160.697722766,17.5923203659177,9.35712442322108,"1","negocios","1","1","1"
2025,"0",137.598677329216,15.4207449265506,8.25823436901355,"0","ingenieria","1","0","0"
2025,"0",167.129831048757,35.9954018558577,7.82931324328332,"0","datos","1","1","0"
2025,"0",163.856715319875,21.817009879021,10.5165638952113,"1","negocios","1","1","0"
2025,"0",172.123881943308,20.5992656597233,10.2738885984057,"0","negocios","1","1","1"
2025,"0",163.007288005504,23.8224298941176,11.7902528148571,"1","ingenieria","1","0","0"
2025,"0",160.449003401896,22.6448604570275,11.1287042886213,"0","ingenieria","1","1","1"
2025,"0",99.8642789120051,7.85145471097152,5.73443991183641,"1","negocios","0","1","0"
2025,"0",190.244261246067,26.828906985457,12.5311936826368,"1","negocios","0","0","1"
2025,"0",95.9389416680297,12.974891328917,7.07634754178451,"0","negocios","1","1","0"
2025,"0",132.178542108832,12.3511141654401,6.68388040125351,"0","ciencias de la computacion","1","0","1"
2025,"0",143.949025611234,14.1895046199816,7.31209385918727,"0","datos","1","1","1"
2025,"0",121.814863324159,9.49002844560719,6.95204649756927,"1","negocios","0","1","1"
2025,"0",150.125354645561,13.5538409729041,7.70338556685454,"1","ciencias de la computacion","0","1","1"
2025,"0",160.766199858617,18.7360966486873,8.26195025975779,"0","datos","0","1","1"
2025,"0",170.325358609234,15.0786404016509,10.643123948664,"1","datos","0","0","1"
2025,"0",134.40149359576,10.723789500466,7.04928786127023,"0","datos","0","0","1"
2025,"0",162.174847100203,21.8490475922644,10.5674394361698,"0","ciencias de la computacion","1","1","1"
2025,"0",136.500574878265,16.3481223853498,8.25012593350737,"0","ciencias de la computacion","1","0","1"
2025,"0",130.728110600075,15.4292579009079,7.98676291698802,"1","datos","1","0","1"
2025,"0",114.613170319952,14.6541671014609,8.52102761875489,"1","ingenieria","0","0","0"
2025,"0",150.690055658631,15.8386710241972,8.28366174224249,"1","ingenieria","0","0","1"
2025,"0",150.991954050531,19.4692380654038,10.3251419342331,"1","negocios","1","0","0"
2025,"0",96.9779445356413,8.07026290731461,6.05125699979719,"1","negocios","1","1","0"
2025,"0",143.537218770992,16.7537313681549,8.82337984970532,"0","datos","1","0","1"
2025,"0",165.345344819797,23.7834367617152,11.6787022286371,"0","ingenieria","0","0","1"
2025,"0",175.018720599418,24.0100938608814,10.9980701133237,"0","negocios","0","0","1"
2025,"0",108.572411897922,9.44178860551173,6.21414029270222,"1","negocios","1","0","1"
2025,"0",124.279709097356,13.3633328111434,8.03390003829924,"0","negocios","0","1","0"
2025,"0",137.103096365625,13.7216082029948,7.54648566549231,"1","negocios","0","0","1"
2025,"0",156.635464890436,18.4999024291267,9.17767627426069,"0","ingenieria","1","1","1"
2025,"0",136.493121608807,15.0786404016509,9.63035567482942,"1","ingenieria","1","1","0"
2025,"0",166.694181492568,15.0786404016509,10.405349533878,"0","negocios","1","1","0"
2025,"0",170.34810717997,19.8971282190033,10.4711567887019,"1","negocios","1","1","1"
2025,"0",176.849205588512,21.0725836596085,10.0565601201329,"0","ingenieria","0","1","1"
2025,"0",108.586418462387,6.82128036311097,5.43809712265276,"0","negocios","1","1","1"
2025,"0",152.658780247588,19.6187886297476,10.1548763806452,"0","negocios","0","1","0"
2025,"0",151.665392343582,14.5552325262557,8.1996028564178,"0","datos","0","1","1"
2025,"0",123.934488560625,12.9282915252444,7.5947521387662,"0","negocios","1","1","0"
2025,"0",193.110664062045,23.4467536057772,11.2114476988064,"0","negocios","0","1","1"
2025,"0",121.095951448944,9.71126219102857,6.26238773617361,"1","ciencias de la computacion","1","1","1"
2025,"0",108.560034473632,7.90723482133321,6.17792430755375,"0","datos","0","1","0"
2025,"0",184.308621770263,60.5866369632234,10.1620914560676,"1","ciencias de la computacion","1","0","0"
2025,"0",165.295900970982,19.1080206763978,9.48274790341211,"0","datos","0","0","1"
2025,"1",151.082638880788,15.3565173582173,7.87010661162735,"0","negocios","1","1","1"
2025,"1",141.759087886013,16.2476041168489,9.00234005605017,"1","datos","1","0","0"
2025,"1",127.181025735614,13.0019380378512,7.20601437922111,"1","negocios","0","0","0"
2025,"1",125.553017434226,9.66004375424497,6.1354666135072,"1","negocios","1","1","0"
2025,"1",125.337175794103,9.01838107565104,6.47398971993791,"1","ingenieria","0","0","1"
2025,"1",136.587143387031,15.0786404016509,8.68492560534207,"0","negocios","1","0","0"
2025,"1",97.1878186070314,3.67991329347769,4.26356469285022,"1","negocios","0","1","1"
2025,"1",115.841919249937,6.6639210865355,5.20032405981825,"0","negocios","0","1","1"
2025,"1",176.109819302016,23.3133168480725,10.8057110465483,"1","ciencias de la computacion","1","1","1"
2025,"1",159.248569945897,15.0786404016509,9.58518873741856,"1","ciencias de la computacion","1","0","1"
2025,"1",119.556942324722,15.0786404016509,5.31987269145622,"1","negocios","1","1","1"
2025,"1",152.306363757813,15.0786404016509,9.16051866126004,"1","negocios","1","0","1"
2025,"1",127.118100280555,13.0290334654594,7.53707589459508,"1","datos","1","1","0"
2025,"1",145.731152105119,13.355269983591,7.96853558828926,"0","negocios","0","0","1"
2025,"1",133.383377600345,8.42292886527651,5.72861909366703,"0","negocios","1","1","0"
2025,"1",153.379223257538,18.9314989206826,9.42904910710214,"1","datos","0","0","1"
2025,"1",154.035842139219,19.7538993601448,9.94330401369829,"1","ciencias de la computacion","0","0","1"
2025,"1",157.323289185796,16.9947919974125,8.94842472786044,"0","negocios","1","1","1"
2025,"1",144.682319159431,16.8254116446157,8.57004696532464,"0","datos","1","0","0"
2025,"1",138.763697972841,17.3239047116887,9.28013029519014,"1","negocios","1","0","0"
2025,"1",153.891925189395,18.5371933886923,9.04583035370968,"1","negocios","1","1","1"
2025,"1",151.530650569484,21.1686623568233,10.2780168319143,"0","ciencias de la computacion","1","0","0"
2025,"1",130.674251902851,11.8678308504932,6.77028785323535,"1","ciencias de la computacion","0","0","0"
2025,"1",158.842828839031,15.0786404016509,10.3669256072406,"0","ciencias de la computacion","1","1","0"
2025,"1",140.881958790647,13.8375015023375,7.17170625499874,"1","ingenieria","0","0","0"
2025,"1",145.956291673641,14.2494211342223,8.0970159689663,"0","negocios","1","0","1"
2025,"1",118.233361716266,15.0786404016509,8.09292581211773,"0","negocios","1","1","1"
2025,"1",158.188559876265,19.213232035187,8.26195025975779,"1","ciencias de la computacion","0","0","0"
2025,"1",168.741108377326,14.1242139854814,8.26195025975779,"0","negocios","1","0","1"
2025,"1",128.628278311812,6.99463598587309,5.72750419216072,"0","ingenieria","1","0","1"
2025,"1",127.498766228815,9.79050708479628,6.67293498798955,"0","datos","0","1","0"
2025,"1",148.459368856605,15.2426801572003,8.09204625133881,"1","negocios","0","0","1"
2025,"1",147.69487587733,14.192275815788,8.58043278889997,"1","negocios","0","0","0"
2025,"1",154.167848346395,21.3641473069825,8.26195025975779,"1","ciencias de la computacion","0","1","0"
2025,"1",122.897880636349,10.5256325832324,6.79610052100094,"1","negocios","1","0","0"
2025,"1",193.959581728934,63.1401160989259,10.3379097556933,"1","ingenieria","0","0","0"
2025,"1",134.484864764924,12.2474900484482,7.29278201225656,"0","negocios","1","0","0"
2025,"1",173.801415300718,26.8804978946745,12.8081561299913,"1","negocios","0","0","1"
2025,"1",138.461475846877,11.9444710605189,7.34262374035456,"1","ciencias de la computacion","1","0","0"
2025,"1",116.740734265012,6.41451187178507,5.11220101806613,"0","ingenieria","1","1","1"
2025,"1",193.382463522442,29.253351865105,13.8195201387991,"1","negocios","1","0","1"
2025,"1",130.189376111101,14.1778158156575,7.85133310558021,"0","negocios","1","0","1"
2025,"1",164.326279801413,17.4299816632759,9.23205777244876,"1","negocios","1","0","1"
2025,"1",133.097125673326,15.0786404016509,6.63987488373247,"1","negocios","0","1","0"
2025,"1",195.032959853748,58.244362885848,9.99039208448144,"1","negocios","1","1","1"
2025,"1",145.550878381536,18.9019171481182,9.71491343407477,"0","ciencias de la computacion","0","1","1"
2025,"1",158.688455436264,20.3194473483861,10.1089026359667,"1","negocios","0","1","0"
2025,"1",101.428096982974,15.0786404016509,5.91819767679591,"1","datos","1","0","1"
2025,"1",127.902567502353,13.6259809710833,7.53623943750608,"0","ingenieria","1","0","1"
2025,"1",117.997939861977,6.92589143884003,5.42919670452734,"1","datos","1","1","0"
2025,"1",141.999466149025,18.6678217640421,9.13533475052033,"0","datos","1","0","0"
2025,"1",108.300473947492,7.94223446273361,5.61268716803606,"1","ciencias de la computacion","1","0","0"
2025,"1",102.732171894129,8.09221850540259,5.42982803696115,"1","datos","0","0","1"
2025,"1",174.105993617566,23.9884744202356,11.3205896907411,"1","datos","1","1","1"
2025,"1",108.463666949173,9.52305992453902,6.12232324500367,"0","negocios","0","1","0"
2025,"1",190.940028301169,24.326379731354,11.6200627848119,"0","negocios","0","0","1"
2025,"1",112.265610434159,8.02450009741258,5.7369837089141,"0","datos","1","1","0"
2025,"1",109.529078460498,7.58600168266162,5.66923652295877,"1","ingenieria","0","1","0"
2025,"1",154.686195296222,20.45234836474,10.174856858492,"1","ciencias de la computacion","0","1","0"
2025,"1",131.919937326865,16.6142382042669,9.22504870488213,"0","negocios","1","1","1"
2025,"1",127.581760546042,14.3080621486235,8.35912553775849,"0","ingenieria","1","1","0"
2025,"1",145.581212018122,18.3095723593535,9.5455247145559,"0","negocios","0","1","0"
2025,"1",156.441453381305,18.2904955556168,9.80157841909925,"0","negocios","0","1","1"
2025,"1",130.881181920154,9.74110321884438,6.24326645941533,"1","negocios","0","0","0"
2025,"1",130.605728331803,17.4307218047186,8.81959145297293,"0","ingenieria","1","0","0"
2025,"1",111.976597484454,15.0786404016509,5.99902465048757,"1","negocios","1","1","1"
2025,"1",160.493296905905,21.9199760548776,10.3589523566951,"1","negocios","0","1","1"
2025,"1",93.8043807823693,6.24849125300927,5.21147054932633,"0","ingenieria","0","0","1"
2025,"1",169.069164376716,19.7218308468366,9.690836516215,"0","ciencias de la computacion","0","0","0"
2025,"1",164.956277689891,19.3965170213901,8.26195025975779,"1","datos","0","1","1"
2025,"1",122.97574899579,9.22000802608771,8.26195025975779,"1","ingenieria","0","0","0"
2025,"1",157.763977091354,15.0786404016509,8.73070365266224,"1","negocios","1","0","1"
2025,"1",154.166696308601,20.1175122369082,10.3284585361811,"1","datos","1","0","1"
2025,"1",158.981558344668,20.4385384871225,9.64645377473423,"0","ciencias de la computacion","1","0","0"
2025,"1",132.874109587196,11.367005073165,7.10459657490851,"1","negocios","1","1","1"
2025,"1",169.87404996589,36.6067982432347,7.8024445885324,"1","ingenieria","1","1","0"
2025,"1",152.160571881998,12.3275415186214,6.56865977554096,"0","negocios","1","1","1"
2025,"1",118.080789922239,13.1747119902544,7.98244001107883,"0","negocios","1","1","0"
2025,"1",128.681777928704,15.5508035074085,8.66496157662363,"1","ciencias de la computacion","0","1","0"
2025,"1",147.945668804537,13.7137901349551,8.05298138318759,"1","ingenieria","0","0","1"
2025,"1",95.2379761396374,7.46445869845253,5.66509862234224,"1","ciencias de la computacion","0","1","0"
2025,"1",138.906798499811,11.1761957376421,8.26195025975779,"1","datos","0","1","1"
2025,"1",171.736391990712,19.9207023614423,9.97914279897881,"1","ciencias de la computacion","1","0","0"
2025,"1",150.615474600423,13.4413532826606,7.84329031691025,"1","ciencias de la computacion","1","1","1"
2025,"1",130.874070327965,13.5328315000252,8.05265444496265,"1","negocios","0","1","0"
2025,"1",136.057520361562,12.3739932278534,7.00346649308419,"0","datos","1","1","1"
2025,"1",169.466698317162,19.6168444133212,9.88316516432321,"1","ciencias de la computacion","1","1","1"
2025,"1",146.16508103069,18.0982125574934,9.18816616439636,"1","ciencias de la computacion","1","1","0"
2025,"1",146.802290317371,18.0667668078275,9.3330518877721,"1","negocios","1","1","0"
2025,"1",84.5786791544574,0.753609373430695,3.45482147466478,"0","ciencias de la computacion","0","0","0"
2025,"1",154.278291469259,18.019759751893,9.65914158929212,"1","ciencias de la computacion","1","0","0"
2025,"1",150.375109767616,17.4563067569578,9.53501681133492,"0","datos","1","1","0"
2025,"1",115.982845310365,9.7948336561824,6.59560282449298,"0","negocios","0","1","0"
2025,"1",133.10701145475,16.0986202373821,8.28044177968705,"0","ingenieria","0","1","0"
2025,"1",132.544822859831,11.3242053867907,7.24931279132519,"1","ingenieria","1","0","0"
2025,"1",180.455396815948,27.651354719068,13.1087230629122,"1","negocios","1","1","0"
2025,"1",140.431495321601,16.5913245411574,9.29173273674915,"0","ingenieria","0","0","0"
2025,"1",144.185078539499,12.2206126380613,7.4355079191438,"1","datos","0","1","1"
2025,"1",151.688158668495,21.2342382037559,10.2125384769564,"0","ciencias de la computacion","0","1","0"
2025,"1",124.963809972942,14.6888514639456,7.84681970947895,"1","negocios","1","0","0"
